schema_version,session_id,mode,frame_index,wall_time_ns,x,y,z,yaw_deg,pitch_deg,quat_x,quat_y,quat_z,quat_w,right_x,right_y,right_z,up_x,up_y,up_z,back_x,back_y,back_z,fov_deg,width,height,dimension,source
1,20260914-194915-flashback_export,flashback_export,0,31736268280700,71.558054361,-58.380000114,30.120983899,178.5937500,-18.2812500,0.158846185,0.012115741,-0.001949439,0.987227023,0.999698818,-0.000000000,-0.024541300,0.007698158,0.949528158,0.313587278,0.023302654,-0.313681751,0.949242175,70.0000000,1280,720,minecraft:overworld,flashback_export_aligned
1,20260914-194915-flashback_export,flashback_export,1,31736298732400,71.558054361,-58.380000114,30.120983899,178.5937500,-18.2812500,0.158846185,0.012115741,-0.001949439,0.987227023,0.999698818,-0.000000000,-0.024541300,0.007698158,0.949528158,0.313587278,0.023302654,-0.313681751,0.949242175,70.0000000,1280,720,minecraft:overworld,flashback_export_aligned
1,20260914-194915-flashback_export,flashback_export,2,31736864982000,71.558054361,-58.380000114,30.120983899,178.5937500,-18.2812500,0.158846185,0.012115741,-0.001949439,0.987227023,0.999698818,-0.000000000,-0.024541300,0.007698158,0.949528158,0.313587278,0.023302654,-0.313681751,0.949242175,70.0000000,1280,720,minecraft:overworld,flashback_export_aligned
1,20260914-194915-flashback_export,flashback_export,3,31736903087700,71.558054361,-58.380000114,30.120983899,178.5937500,-18.2812500,0.158846185,0.012115741,-0.001949439,0.987227023,0.999698818,-0.000000000,-0.024541300,0.007698158,0.949528158,0.313587278,0.023302654,-0.313681751,0.949242175,70.0000000,1280,720,minecraft:overworld,flashback_export_aligned
1,20260914-194915-flashback_export,flashback_export,4,31736915065300,71.558054361,-58.380000114,30.120983899,178.5937500,-18.1333332,0.157571703,0.012118247,-0.001933798,0.987431228,0.999698877,-0.000000000,-0.024541302,0.007637974,0.950334907,0.311135620,0.023322454,-0.311229378,0.950048685,70.0000000,1280,720,minecraft:overworld,flashback_export_aligned
1,20260914-194915-flashback_export,flashback_export,5,31736950165100,71.558054361,-58.380000114,30.120983899,178.5937500,-17.9854183,0.156297013,0.012120734,-0.001918155,0.987633884,0.999698758,-0.000000000,-0.024541296,0.007577737,0.951135099,0.308681935,0.023342090,-0.308774918,0.950848579,70.0000000,1280,720,minecraft:overworld,flashback_export_aligned
1,20260914-194915-flashback_export,flashback_export,6,31736974636200,71.558054361,-58.380000114,30.120983899,179.5510406,-16.9500027,0.147376746,0.003875140,-0.000577415,0.989072621,0.999969304,0.000000000,-0.007835785,0.002284422,0.956559539,0.291528165,0.007495395,-0.291537106,0.956530154,70.0000000,1280,720,minecraft:overworld,flashback_export_aligned
1,20260914-194915-flashback_export,flashback_export,7,31736996602800,71.558054361,-58.380000114,30.120983899,179.5510406,-16.9500027,0.147376746,0.003875140,-0.000577415,0.989072621,0.999969304,0.000000000,-0.007835785,0.002284422,0.956559539,0.291528165,0.007495395,-0.291537106,0.956530154,70.0000000,1280,720,minecraft:overworld,flashback_export_aligned
1,20260914-194915-flashback_export,flashback_export,8,31737018625900,71.558054361,-58.380000114,30.120983899,179.5510406,-16.9500027,0.147376746,0.003875140,-0.000577415,0.989072621,0.999969304,0.000000000,-0.007835785,0.002284422,0.956559539,0.291528165,0.007495395,-0.291537106,0.956530154,70.0000000,1280,720,minecraft:overworld,flashback_export_aligned
1,20260914-194915-flashback_export,flashback_export,9,31737042943600,71.558054361,-58.380000114,30.120983899,179.5510406,-16.9500027,0.147376746,0.003875140,-0.000577415,0.989072621,0.999969304,0.000000000,-0.007835785,0.002284422,0.956559539,0.291528165,0.007495395,-0.291537106,0.956530154,70.0000000,1280,720,minecraft:overworld,flashback_export_aligned
1,20260914-194915-flashback_export,flashback_export,10,31737064739400,71.558054361,-58.380000114,30.120983899,179.5510406,-16.9500027,0.147376746,0.003875140,-0.000577415,0.989072621,0.999969304,0.000000000,-0.007835785,0.002284422,0.956559539,0.291528165,0.007495395,-0.291537106,0.956530154,70.0000000,1280,720,minecraft:overworld,flashback_export_aligned
1,20260914-194915-flashback_export,flashback_export,11,31737088917500,71.558054361,-58.380000114,30.120983899,179.5510406,-16.9500027,0.147376746,0.003875140,-0.000577415,0.989072621,0.999969304,0.000000000,-0.007835785,0.002284422,0.956559539,0.291528165,0.007495395,-0.291537106,0.956530154,70.0000000,1280,720,minecraft:overworld,flashback_export_aligned
1,20260914-194915-flashback_export,flashback_export,12,31737115306600,71.558054361,-58.380000114,30.120983899,179.5510406,-16.9500027,0.147376746,0.003875140,-0.000577415,0.989072621,0.999969304,0.000000000,-0.007835785,0.002284422,0.956559539,0.291528165,0.007495395,-0.291537106,0.956530154,70.0000000,1280,720,minecraft:overworld,flashback_export_aligned
1,20260914-194915-flashback_export,flashback_export,13,31737138618600,71.558054361,-58.380000114,30.120983899,179.5510406,-16.9500027,0.147376746,0.003875140,-0.000577415,0.989072621,0.999969304,0.000000000,-0.007835785,0.002284422,0.956559539,0.291528165,0.007495395,-0.291537106,0.956530154,70.0000000,1280,720,minecraft:overworld,flashback_export_aligned
1,20260914-194915-flashback_export,flashback_export,14,31737160576400,71.558054361,-58.380000114,30.120983899,179.5510406,-16.9500027,0.147376746,0.003875140,-0.000577415,0.989072621,0.999969304,0.000000000,-0.007835785,0.002284422,0.956559539,0.291528165,0.007495395,-0.291537106,0.956530154,70.0000000,1280,720,minecraft:overworld,flashback_export_aligned
1,20260914-194915-flashback_export,flashback_export,15,31737184009800,71.558054361,-58.380000114,30.120983899,179.5510406,-16.9500027,0.147376746,0.003875140,-0.000577415,0.989072621,0.999969304,0.000000000,-0.007835785,0.002284422,0.956559539,0.291528165,0.007495395,-0.291537106,0.956530154,70.0000000,1280,720,minecraft:overworld,flashback_export_aligned
1,20260914-194915-flashback_export,flashback_export,16,31737205148300,71.558054361,-58.380000114,30.120983899,179.5510406,-16.9500027,0.147376746,0.003875140,-0.000577415,0.989072621,0.999969304,0.000000000,-0.007835785,0.002284422,0.956559539,0.291528165,0.007495395,-0.291537106,0.956530154,70.0000000,1280,720,minecraft:overworld,flashback_export_aligned
1,20260914-194915-flashback_export,flashback_export,17,31737227245700,71.558054361,-58.380000114,30.120983899,179.5510406,-16.9500027,0.147376746,0.003875140,-0.000577415,0.989072621,0.999969304,0.000000000,-0.007835785,0.002284422,0.956559539,0.291528165,0.007495395,-0.291537106,0.956530154,70.0000000,1280,720,minecraft:overworld,flashback_export_aligned
1,20260914-194915-flashback_export,flashback_export,18,31737252517600,71.558054361,-58.380000114,30.120983899,179.5510406,-16.9500027,0.147376746,0.003875140,-0.000577415,0.989072621,0.999969304,0.000000000,-0.007835785,0.002284422,0.956559539,0.291528165,0.007495395,-0.291537106,0.956530154,70.0000000,1280,720,minecraft:overworld,flashback_export_aligned
1,20260914-194915-flashback_export,flashback_export,19,31737273191600,71.558054361,-58.380000114,30.120983899,179.5510406,-16.9500027,0.147376746,0.003875140,-0.000577415,0.989072621,0.999969304,0.000000000,-0.007835785,0.002284422,0.956559539,0.291528165,0.007495395,-0.291537106,0.956530154,70.0000000,1280,720,minecraft:overworld,flashback_export_aligned
1,20260914-194915-flashback_export,flashback_export,20,31737292705000,71.558054361,-58.380000114,30.120983899,179.5510406,-16.9500027,0.147376746,0.003875140,-0.000577415,0.989072621,0.999969304,0.000000000,-0.007835785,0.002284422,0.956559539,0.291528165,0.007495395,-0.291537106,0.956530154,70.0000000,1280,720,minecraft:overworld,flashback_export_aligned
1,20260914-194915-flashback_export,flashback_export,21,31737316702800,71.558054361,-58.380000114,30.120983899,179.5510406,-16.9500027,0.147376746,0.003875140,-0.000577415,0.989072621,0.999969304,0.000000000,-0.007835785,0.002284422,0.956559539,0.291528165,0.007495395,-0.291537106,0.956530154,70.0000000,1280,720,minecraft:overworld,flashback_export_aligned
1,20260914-194915-flashback_export,flashback_export,22,31737336682700,71.558054361,-58.380000114,30.120983899,179.5510406,-16.9500027,0.147376746,0.003875140,-0.000577415,0.989072621,0.999969304,0.000000000,-0.007835785,0.002284422,0.956559539,0.291528165,0.007495395,-0.291537106,0.956530154,70.0000000,1280,720,minecraft:overworld,flashback_export_aligned
1,20260914-194915-flashback_export,flashback_export,23,31737356164500,71.558054361,-58.380000114,30.120983899,179.5510406,-16.9500027,0.147376746,0.003875140,-0.000577415,0.989072621,0.999969304,0.000000000,-0.007835785,0.002284422,0.956559539,0.291528165,0.007495395,-0.291537106,0.956530154,70.0000000,1280,720,minecraft:overworld,flashback_export_aligned
1,20260914-194915-flashback_export,flashback_export,24,31737377129300,71.558054361,-58.380000114,30.120983899,179.5510406,-16.9500027,0.147376746,0.003875140,-0.000577415,0.989072621,0.999969304,0.000000000,-0.007835785,0.002284422,0.956559539,0.291528165,0.007495395,-0.291537106,0.956530154,70.0000000,1280,720,minecraft:overworld,flashback_export_aligned
1,20260914-194915-flashback_export,flashback_export,25,31737398237000,71.558054361,-58.380000114,30.120983899,179.5510406,-16.9500027,0.147376746,0.003875140,-0.000577415,0.989072621,0.999969304,0.000000000,-0.007835785,0.002284422,0.956559539,0.291528165,0.007495395,-0.291537106,0.956530154,70.0000000,1280,720,minecraft:overworld,flashback_export_aligned
1,20260914-194915-flashback_export,flashback_export,26,31737417390100,71.558054361,-58.380000114,30.120983899,179.5510406,-16.9500027,0.147376746,0.003875140,-0.000577415,0.989072621,0.999969304,0.000000000,-0.007835785,0.002284422,0.956559539,0.291528165,0.007495395,-0.291537106,0.956530154,70.0000000,1280,720,minecraft:overworld,flashback_export_aligned
1,20260914-194915-flashback_export,flashback_export,27,31737436897800,71.558054361,-58.380000114,30.120983899,179.5510406,-16.9500027,0.147376746,0.003875140,-0.000577415,0.989072621,0.999969304,0.000000000,-0.007835785,0.002284422,0.956559539,0.291528165,0.007495395,-0.291537106,0.956530154,70.0000000,1280,720,minecraft:overworld,flashback_export_aligned
1,20260914-194915-flashback_export,flashback_export,28,31737457340700,71.558054361,-58.380000114,30.120983899,179.5510406,-16.9500027,0.147376746,0.003875140,-0.000577415,0.989072621,0.999969304,0.000000000,-0.007835785,0.002284422,0.956559539,0.291528165,0.007495395,-0.291537106,0.956530154,70.0000000,1280,720,minecraft:overworld,flashback_export_aligned
1,20260914-194915-flashback_export,flashback_export,29,31737476056300,71.558054361,-58.380000114,30.120983899,179.5510406,-16.9500027,0.147376746,0.003875140,-0.000577415,0.989072621,0.999969304,0.000000000,-0.007835785,0.002284422,0.956559539,0.291528165,0.007495395,-0.291537106,0.956530154,70.0000000,1280,720,minecraft:overworld,flashback_export_aligned
1,20260914-194915-flashback_export,flashback_export,30,31737499957300,71.558054361,-58.380000114,30.120983899,179.5510406,-16.9500027,0.147376746,0.003875140,-0.000577415,0.989072621,0.999969304,0.000000000,-0.007835785,0.002284422,0.956559539,0.291528165,0.007495395,-0.291537106,0.956530154,70.0000000,1280,720,minecraft:overworld,flashback_export_aligned
1,20260914-194915-flashback_export,flashback_export,31,31737520739500,71.558054361,-58.380000114,30.120983899,179.5510406,-16.9500027,0.147376746,0.003875140,-0.000577415,0.989072621,0.999969304,0.000000000,-0.007835785,0.002284422,0.956559539,0.291528165,0.007495395,-0.291537106,0.956530154,70.0000000,1280,720,minecraft:overworld,flashback_export_aligned
1,20260914-194915-flashback_export,flashback_export,32,31737543170400,71.558054361,-58.380000114,30.120983899,179.5510406,-16.9500027,0.147376746,0.003875140,-0.000577415,0.989072621,0.999969304,0.000000000,-0.007835785,0.002284422,0.956559539,0.291528165,0.007495395,-0.291537106,0.956530154,70.0000000,1280,720,minecraft:overworld,flashback_export_aligned
1,20260914-194915-flashback_export,flashback_export,33,31737564217800,71.558054361,-58.380000114,30.120983899,179.5510406,-16.9500027,0.147376746,0.003875140,-0.000577415,0.989072621,0.999969304,0.000000000,-0.007835785,0.002284422,0.956559539,0.291528165,0.007495395,-0.291537106,0.956530154,70.0000000,1280,720,minecraft:overworld,flashback_export_aligned
1,20260914-194915-flashback_export,flashback_export,34,31737585037100,71.558054361,-58.380000114,30.120983899,179.5510406,-16.9500027,0.147376746,0.003875140,-0.000577415,0.989072621,0.999969304,0.000000000,-0.007835785,0.002284422,0.956559539,0.291528165,0.007495395,-0.291537106,0.956530154,70.0000000,1280,720,minecraft:overworld,flashback_export_aligned
1,20260914-194915-flashback_export,flashback_export,35,31737606666000,71.558054361,-58.380000114,30.120983899,179.5510406,-16.9500027,0.147376746,0.003875140,-0.000577415,0.989072621,0.999969304,0.000000000,-0.007835785,0.002284422,0.956559539,0.291528165,0.007495395,-0.291537106,0.956530154,70.0000000,1280,720,minecraft:overworld,flashback_export_aligned
1,20260914-194915-flashback_export,flashback_export,36,31737629197900,71.558054361,-58.380000114,30.120983899,179.5510406,-16.9500027,0.147376746,0.003875140,-0.000577415,0.989072621,0.999969304,0.000000000,-0.007835785,0.002284422,0.956559539,0.291528165,0.007495395,-0.291537106,0.956530154,70.0000000,1280,720,minecraft:overworld,flashback_export_aligned
1,20260914-194915-flashback_export,flashback_export,37,31737648393600,71.558054361,-58.380000114,30.120983899,179.5510406,-16.9500027,0.147376746,0.003875140,-0.000577415,0.989072621,0.999969304,0.000000000,-0.007835785,0.002284422,0.956559539,0.291528165,0.007495395,-0.291537106,0.956530154,70.0000000,1280,720,minecraft:overworld,flashback_export_aligned
1,20260914-194915-flashback_export,flashback_export,38,31737667677400,71.558054361,-58.380000114,30.120983899,179.5510406,-16.9500027,0.147376746,0.003875140,-0.000577415,0.989072621,0.999969304,0.000000000,-0.007835785,0.002284422,0.956559539,0.291528165,0.007495395,-0.291537106,0.956530154,70.0000000,1280,720,minecraft:overworld,flashback_export_aligned
1,20260914-194915-flashback_export,flashback_export,39,31737686629500,71.558054361,-58.380000114,30.120983899,179.5510406,-16.9500027,0.147376746,0.003875140,-0.000577415,0.989072621,0.999969304,0.000000000,-0.007835785,0.002284422,0.956559539,0.291528165,0.007495395,-0.291537106,0.956530154,70.0000000,1280,720,minecraft:overworld,flashback_export_aligned
1,20260914-194915-flashback_export,flashback_export,40,31737690133900,71.558054361,-58.380000114,30.120983899,179.5510406,-16.9500027,0.147376746,0.003875140,-0.000577415,0.989072621,0.999969304,0.000000000,-0.007835785,0.002284422,0.956559539,0.291528165,0.007495395,-0.291537106,0.956530154,70.0000000,1280,720,minecraft:overworld,flashback_export_aligned
1,20260914-194915-flashback_export,flashback_export,41,31737709263000,71.558054361,-58.380000114,30.120983899,179.5510406,-16.9500027,0.147376746,0.003875140,-0.000577415,0.989072621,0.999969304,0.000000000,-0.007835785,0.002284422,0.956559539,0.291528165,0.007495395,-0.291537106,0.956530154,70.0000000,1280,720,minecraft:overworld,flashback_export_aligned
1,20260914-194915-flashback_export,flashback_export,42,31737745248600,71.558054361,-58.380000114,30.120983899,179.5510406,-16.9500027,0.147376746,0.003875140,-0.000577415,0.989072621,0.999969304,0.000000000,-0.007835785,0.002284422,0.956559539,0.291528165,0.007495395,-0.291537106,0.956530154,70.0000000,1280,720,minecraft:overworld,flashback_export_aligned
1,20260914-194915-flashback_export,flashback_export,43,31737750066700,71.558054361,-58.380000114,30.120983899,179.5510406,-16.9500027,0.147376746,0.003875140,-0.000577415,0.989072621,0.999969304,0.000000000,-0.007835785,0.002284422,0.956559539,0.291528165,0.007495395,-0.291537106,0.956530154,70.0000000,1280,720,minecraft:overworld,flashback_export_aligned
1,20260914-194915-flashback_export,flashback_export,44,31737784200500,71.558054361,-58.380000114,30.120983899,179.5510406,-16.9500027,0.147376746,0.003875140,-0.000577415,0.989072621,0.999969304,0.000000000,-0.007835785,0.002284422,0.956559539,0.291528165,0.007495395,-0.291537106,0.956530154,70.0000000,1280,720,minecraft:overworld,flashback_export_aligned
1,20260914-194915-flashback_export,flashback_export,45,31737804818200,71.558054361,-58.380000114,30.120983899,179.5510406,-16.9500027,0.147376746,0.003875140,-0.000577415,0.989072621,0.999969304,0.000000000,-0.007835785,0.002284422,0.956559539,0.291528165,0.007495395,-0.291537106,0.956530154,70.0000000,1280,720,minecraft:overworld,flashback_export_aligned
1,20260914-194915-flashback_export,flashback_export,46,31737822328200,71.558054361,-58.380000114,30.120983899,179.5510406,-16.9500027,0.147376746,0.003875140,-0.000577415,0.989072621,0.999969304,0.000000000,-0.007835785,0.002284422,0.956559539,0.291528165,0.007495395,-0.291537106,0.956530154,70.0000000,1280,720,minecraft:overworld,flashback_export_aligned
1,20260914-194915-flashback_export,flashback_export,47,31737826292300,71.558054361,-58.380000114,30.120983899,179.5510406,-16.9500027,0.147376746,0.003875140,-0.000577415,0.989072621,0.999969304,0.000000000,-0.007835785,0.002284422,0.956559539,0.291528165,0.007495395,-0.291537106,0.956530154,70.0000000,1280,720,minecraft:overworld,flashback_export_aligned
1,20260914-194915-flashback_export,flashback_export,48,31737862268700,71.558054361,-58.380000114,30.120983899,179.5510406,-16.9500027,0.147376746,0.003875140,-0.000577415,0.989072621,0.999969304,0.000000000,-0.007835785,0.002284422,0.956559539,0.291528165,0.007495395,-0.291537106,0.956530154,70.0000000,1280,720,minecraft:overworld,flashback_export_aligned
1,20260914-194915-flashback_export,flashback_export,49,31737866307700,71.558054361,-58.380000114,30.120983899,179.5510406,-16.9500027,0.147376746,0.003875140,-0.000577415,0.989072621,0.999969304,0.000000000,-0.007835785,0.002284422,0.956559539,0.291528165,0.007495395,-0.291537106,0.956530154,70.0000000,1280,720,minecraft:overworld,flashback_export_aligned
1,20260914-194915-flashback_export,flashback_export,50,31737900797200,71.558054361,-58.380000114,30.120983899,179.5510406,-16.9500027,0.147376746,0.003875140,-0.000577415,0.989072621,0.999969304,0.000000000,-0.007835785,0.002284422,0.956559539,0.291528165,0.007495395,-0.291537106,0.956530154,70.0000000,1280,720,minecraft:overworld,flashback_export_aligned
1,20260914-194915-flashback_export,flashback_export,51,31737921118200,71.558054361,-58.380000114,30.120983899,179.5510406,-16.9500027,0.147376746,0.003875140,-0.000577415,0.989072621,0.999969304,0.000000000,-0.007835785,0.002284422,0.956559539,0.291528165,0.007495395,-0.291537106,0.956530154,70.0000000,1280,720,minecraft:overworld,flashback_export_aligned
1,20260914-194915-flashback_export,flashback_export,52,31737939417100,71.558054361,-58.380000114,30.120983899,179.5510406,-16.9500027,0.147376746,0.003875140,-0.000577415,0.989072621,0.999969304,0.000000000,-0.007835785,0.002284422,0.956559539,0.291528165,0.007495395,-0.291537106,0.956530154,70.0000000,1280,720,minecraft:overworld,flashback_export_aligned
1,20260914-194915-flashback_export,flashback_export,53,31737957513900,71.558054361,-58.380000114,30.120983899,179.5510406,-16.9500027,0.147376746,0.003875140,-0.000577415,0.989072621,0.999969304,0.000000000,-0.007835785,0.002284422,0.956559539,0.291528165,0.007495395,-0.291537106,0.956530154,70.0000000,1280,720,minecraft:overworld,flashback_export_aligned
1,20260914-194915-flashback_export,flashback_export,54,31737981223500,71.558054361,-58.380000114,30.120983899,179.5510406,-16.9500027,0.147376746,0.003875140,-0.000577415,0.989072621,0.999969304,0.000000000,-0.007835785,0.002284422,0.956559539,0.291528165,0.007495395,-0.291537106,0.956530154,70.0000000,1280,720,minecraft:overworld,flashback_export_aligned
1,20260914-194915-flashback_export,flashback_export,55,31737999557700,71.558054361,-58.380000114,30.120983899,179.5510406,-16.9500027,0.147376746,0.003875140,-0.000577415,0.989072621,0.999969304,0.000000000,-0.007835785,0.002284422,0.956559539,0.291528165,0.007495395,-0.291537106,0.956530154,70.0000000,1280,720,minecraft:overworld,flashback_export_aligned
1,20260914-194915-flashback_export,flashback_export,56,31738018331800,71.558054361,-58.380000114,30.120983899,179.5510406,-16.9500027,0.147376746,0.003875140,-0.000577415,0.989072621,0.999969304,0.000000000,-0.007835785,0.002284422,0.956559539,0.291528165,0.007495395,-0.291537106,0.956530154,70.0000000,1280,720,minecraft:overworld,flashback_export_aligned
1,20260914-194915-flashback_export,flashback_export,57,31738038421600,71.558054361,-58.380000114,30.120983899,179.5510406,-16.9500027,0.147376746,0.003875140,-0.000577415,0.989072621,0.999969304,0.000000000,-0.007835785,0.002284422,0.956559539,0.291528165,0.007495395,-0.291537106,0.956530154,70.0000000,1280,720,minecraft:overworld,flashback_export_aligned
1,20260914-194915-flashback_export,flashback_export,58,31738057496400,71.558054361,-58.380000114,30.120983899,179.5510406,-16.9500027,0.147376746,0.003875140,-0.000577415,0.989072621,0.999969304,0.000000000,-0.007835785,0.002284422,0.956559539,0.291528165,0.007495395,-0.291537106,0.956530154,70.0000000,1280,720,minecraft:overworld,flashback_export_aligned
1,20260914-194915-flashback_export,flashback_export,59,31738062132900,71.558054361,-58.380000114,30.120983899,179.5510406,-16.9500027,0.147376746,0.003875140,-0.000577415,0.989072621,0.999969304,0.000000000,-0.007835785,0.002284422,0.956559539,0.291528165,0.007495395,-0.291537106,0.956530154,70.0000000,1280,720,minecraft:overworld,flashback_export_aligned
1,20260914-194915-flashback_export,flashback_export,60,31738098713400,71.558054361,-58.380000114,30.120983899,179.5510406,-16.9500027,0.147376746,0.003875140,-0.000577415,0.989072621,0.999969304,0.000000000,-0.007835785,0.002284422,0.956559539,0.291528165,0.007495395,-0.291537106,0.956530154,70.0000000,1280,720,minecraft:overworld,flashback_export_aligned
1,20260914-194915-flashback_export,flashback_export,61,31738117737100,71.558054361,-58.380000114,30.120983899,179.5510406,-16.9500027,0.147376746,0.003875140,-0.000577415,0.989072621,0.999969304,0.000000000,-0.007835785,0.002284422,0.956559539,0.291528165,0.007495395,-0.291537106,0.956530154,70.0000000,1280,720,minecraft:overworld,flashback_export_aligned
1,20260914-194915-flashback_export,flashback_export,62,31738136339000,71.558054361,-58.380000114,30.120983899,179.5510406,-16.9500027,0.147376746,0.003875140,-0.000577415,0.989072621,0.999969304,0.000000000,-0.007835785,0.002284422,0.956559539,0.291528165,0.007495395,-0.291537106,0.956530154,70.0000000,1280,720,minecraft:overworld,flashback_export_aligned
1,20260914-194915-flashback_export,flashback_export,63,31738156464100,71.558054361,-58.380000114,30.120983899,179.5510406,-16.9500027,0.147376746,0.003875140,-0.000577415,0.989072621,0.999969304,0.000000000,-0.007835785,0.002284422,0.956559539,0.291528165,0.007495395,-0.291537106,0.956530154,70.0000000,1280,720,minecraft:overworld,flashback_export_aligned
1,20260914-194915-flashback_export,flashback_export,64,31738176015300,71.558054361,-58.380000114,30.120983899,179.5510406,-16.9500027,0.147376746,0.003875140,-0.000577415,0.989072621,0.999969304,0.000000000,-0.007835785,0.002284422,0.956559539,0.291528165,0.007495395,-0.291537106,0.956530154,70.0000000,1280,720,minecraft:overworld,flashback_export_aligned
1,20260914-194915-flashback_export,flashback_export,65,31738197838400,71.558054361,-58.380000114,30.120983899,179.5510406,-16.9500027,0.147376746,0.003875140,-0.000577415,0.989072621,0.999969304,0.000000000,-0.007835785,0.002284422,0.956559539,0.291528165,0.007495395,-0.291537106,0.956530154,70.0000000,1280,720,minecraft:overworld,flashback_export_aligned
1,20260914-194915-flashback_export,flashback_export,66,31738217727100,71.558054361,-58.380000114,30.120983899,179.5510406,-16.9500027,0.147376746,0.003875140,-0.000577415,0.989072621,0.999969304,0.000000000,-0.007835785,0.002284422,0.956559539,0.291528165,0.007495395,-0.291537106,0.956530154,70.0000000,1280,720,minecraft:overworld,flashback_export_aligned
1,20260914-194915-flashback_export,flashback_export,67,31738236884900,71.558054361,-58.380000114,30.120983899,179.5510406,-16.9500027,0.147376746,0.003875140,-0.000577415,0.989072621,0.999969304,0.000000000,-0.007835785,0.002284422,0.956559539,0.291528165,0.007495395,-0.291537106,0.956530154,70.0000000,1280,720,minecraft:overworld,flashback_export_aligned
1,20260914-194915-flashback_export,flashback_export,68,31738243669400,71.558054361,-58.380000114,30.120983899,179.5510406,-16.9500027,0.147376746,0.003875140,-0.000577415,0.989072621,0.999969304,0.000000000,-0.007835785,0.002284422,0.956559539,0.291528165,0.007495395,-0.291537106,0.956530154,70.0000000,1280,720,minecraft:overworld,flashback_export_aligned
1,20260914-194915-flashback_export,flashback_export,69,31738278740100,71.558054361,-58.380000114,30.120983899,179.5510406,-16.9500027,0.147376746,0.003875140,-0.000577415,0.989072621,0.999969304,0.000000000,-0.007835785,0.002284422,0.956559539,0.291528165,0.007495395,-0.291537106,0.956530154,70.0000000,1280,720,minecraft:overworld,flashback_export_aligned
1,20260914-194915-flashback_export,flashback_export,70,31738298844700,71.558054361,-58.380000114,30.120983899,179.5510406,-16.9500027,0.147376746,0.003875140,-0.000577415,0.989072621,0.999969304,0.000000000,-0.007835785,0.002284422,0.956559539,0.291528165,0.007495395,-0.291537106,0.956530154,70.0000000,1280,720,minecraft:overworld,flashback_export_aligned
1,20260914-194915-flashback_export,flashback_export,71,31738316556300,71.558054361,-58.380000114,30.120983899,179.5510406,-16.9500027,0.147376746,0.003875140,-0.000577415,0.989072621,0.999969304,0.000000000,-0.007835785,0.002284422,0.956559539,0.291528165,0.007495395,-0.291537106,0.956530154,70.0000000,1280,720,minecraft:overworld,flashback_export_aligned
1,20260914-194915-flashback_export,flashback_export,72,31738336293200,71.558054361,-58.380000114,30.120983899,179.5510406,-16.9500027,0.147376746,0.003875140,-0.000577415,0.989072621,0.999969304,0.000000000,-0.007835785,0.002284422,0.956559539,0.291528165,0.007495395,-0.291537106,0.956530154,70.0000000,1280,720,minecraft:overworld,flashback_export_aligned
1,20260914-194915-flashback_export,flashback_export,73,31738353818100,71.558054361,-58.380000114,30.120983899,179.5510406,-16.9500027,0.147376746,0.003875140,-0.000577415,0.989072621,0.999969304,0.000000000,-0.007835785,0.002284422,0.956559539,0.291528165,0.007495395,-0.291537106,0.956530154,70.0000000,1280,720,minecraft:overworld,flashback_export_aligned
1,20260914-194915-flashback_export,flashback_export,74,31738357190100,71.558054361,-58.380000114,30.120983899,179.5510406,-16.9500027,0.147376746,0.003875140,-0.000577415,0.989072621,0.999969304,0.000000000,-0.007835785,0.002284422,0.956559539,0.291528165,0.007495395,-0.291537106,0.956530154,70.0000000,1280,720,minecraft:overworld,flashback_export_aligned
1,20260914-194915-flashback_export,flashback_export,75,31738391702600,71.558054361,-58.380000114,30.120983899,179.5510406,-16.9500027,0.147376746,0.003875140,-0.000577415,0.989072621,0.999969304,0.000000000,-0.007835785,0.002284422,0.956559539,0.291528165,0.007495395,-0.291537106,0.956530154,70.0000000,1280,720,minecraft:overworld,flashback_export_aligned
1,20260914-194915-flashback_export,flashback_export,76,31738410052200,71.567166183,-58.380000114,30.120913137,179.5510406,-16.9500027,0.147376746,0.003875140,-0.000577415,0.989072621,0.999969304,0.000000000,-0.007835785,0.002284422,0.956559539,0.291528165,0.007495395,-0.291537106,0.956530154,70.0000000,1280,720,minecraft:overworld,flashback_export_aligned
1,20260914-194915-flashback_export,flashback_export,77,31738416338800,71.576278006,-58.380000114,30.120842375,179.5510406,-16.9500027,0.147376746,0.003875140,-0.000577415,0.989072621,0.999969304,0.000000000,-0.007835785,0.002284422,0.956559539,0.291528165,0.007495395,-0.291537106,0.956530154,70.0000000,1280,720,minecraft:overworld,flashback_export_aligned
1,20260914-194915-flashback_export,flashback_export,78,31738450215000,71.558054361,-58.380000114,30.120983899,179.5510406,-16.9500027,0.147376746,0.003875140,-0.000577415,0.989072621,0.999969304,0.000000000,-0.007835785,0.002284422,0.956559539,0.291528165,0.007495395,-0.291537106,0.956530154,70.0000000,1280,720,minecraft:overworld,flashback_export_aligned
1,20260914-194915-flashback_export,flashback_export,79,31738467769200,71.590841395,-58.380000114,30.120729277,179.5510406,-16.9500027,0.147376746,0.003875140,-0.000577415,0.989072621,0.999969304,0.000000000,-0.007835785,0.002284422,0.956559539,0.291528165,0.007495395,-0.291537106,0.956530154,70.0000000,1280,720,minecraft:overworld,flashback_export_aligned
1,20260914-194915-flashback_export,flashback_export,80,31738471570900,71.623628428,-58.380000114,30.120474655,179.5510406,-16.9500027,0.147376746,0.003875140,-0.000577415,0.989072621,0.999969304,0.000000000,-0.007835785,0.002284422,0.956559539,0.291528165,0.007495395,-0.291537106,0.956530154,70.0000000,1280,720,minecraft:overworld,flashback_export_aligned
1,20260914-194915-flashback_export,flashback_export,81,31738505388800,71.656051409,-58.380000114,30.120222860,179.5510406,-16.9500027,0.147376746,0.003875140,-0.000577415,0.989072621,0.999969304,0.000000000,-0.007835785,0.002284422,0.956559539,0.291528165,0.007495395,-0.291537106,0.956530154,70.0000000,1280,720,minecraft:overworld,flashback_export_aligned
1,20260914-194915-flashback_export,flashback_export,82,31738523151200,71.708839095,-58.380000114,30.119812915,179.5510406,-16.9500027,0.147376746,0.003875140,-0.000577415,0.989072621,0.999969304,0.000000000,-0.007835785,0.002284422,0.956559539,0.291528165,0.007495395,-0.291537106,0.956530154,70.0000000,1280,720,minecraft:overworld,flashback_export_aligned
1,20260914-194915-flashback_export,flashback_export,83,31738540401500,71.761626782,-58.380000114,30.119402969,179.5510406,-16.9500027,0.147376746,0.003875140,-0.000577415,0.989072621,0.999969304,0.000000000,-0.007835785,0.002284422,0.956559539,0.291528165,0.007495395,-0.291537106,0.956530154,70.0000000,1280,720,minecraft:overworld,flashback_export_aligned
1,20260914-194915-flashback_export,flashback_export,84,31738545289200,71.807554851,-58.380000114,30.119046295,179.5510406,-16.9500027,0.147376746,0.003875140,-0.000577415,0.989072621,0.999969304,0.000000000,-0.007835785,0.002284422,0.956559539,0.291528165,0.007495395,-0.291537106,0.956530154,70.0000000,1280,720,minecraft:overworld,flashback_export_aligned
1,20260914-194915-flashback_export,flashback_export,85,31738563512200,71.867830341,-58.380000114,30.118578199,179.5510406,-16.9500027,0.147376746,0.003875140,-0.000577415,0.989072621,0.999969304,0.000000000,-0.007835785,0.002284422,0.956559539,0.291528165,0.007495395,-0.291537106,0.956530154,70.0000000,1280,720,minecraft:overworld,flashback_export_aligned
1,20260914-194915-flashback_export,flashback_export,86,31738581325800,71.928105832,-58.380000114,30.118110104,179.5510406,-16.9500027,0.147376746,0.003875140,-0.000577415,0.989072621,0.999969304,0.000000000,-0.007835785,0.002284422,0.956559539,0.291528165,0.007495395,-0.291537106,0.956530154,70.0000000,1280,720,minecraft:overworld,flashback_export_aligned
1,20260914-194915-flashback_export,flashback_export,87,31738616107800,71.988272787,-58.380000114,30.117642851,179.5510406,-16.9500027,0.147376746,0.003875140,-0.000577415,0.989072621,0.999969304,0.000000000,-0.007835785,0.002284422,0.956559539,0.291528165,0.007495395,-0.291537106,0.956530154,70.0000000,1280,720,minecraft:overworld,flashback_export_aligned
1,20260914-194915-flashback_export,flashback_export,88,31738633883600,72.054510794,-58.380000114,30.117128451,179.5510406,-16.9500027,0.147376746,0.003875140,-0.000577415,0.989072621,0.999969304,0.000000000,-0.007835785,0.002284422,0.956559539,0.291528165,0.007495395,-0.291537106,0.956530154,70.0000000,1280,720,minecraft:overworld,flashback_export_aligned
1,20260914-194915-flashback_export,flashback_export,89,31738637321400,72.120748801,-58.380000114,30.116614051,179.5510406,-16.9500027,0.147376746,0.003875140,-0.000577415,0.989072621,0.999969304,0.000000000,-0.007835785,0.002284422,0.956559539,0.291528165,0.007495395,-0.291537106,0.956530154,70.0000000,1280,720,minecraft:overworld,flashback_export_aligned
1,20260914-194915-flashback_export,flashback_export,90,31738670705800,72.184941840,-58.380000114,30.116115532,179.5510406,-16.9500027,0.147376746,0.003875140,-0.000577415,0.989072621,0.999969304,0.000000000,-0.007835785,0.002284422,0.956559539,0.291528165,0.007495395,-0.291537106,0.956530154,70.0000000,1280,720,minecraft:overworld,flashback_export_aligned
1,20260914-194915-flashback_export,flashback_export,91,31738674754000,72.253412083,-58.380000114,30.115583797,179.5510406,-16.9500027,0.147376746,0.003875140,-0.000577415,0.989072621,0.999969304,0.000000000,-0.007835785,0.002284422,0.956559539,0.291528165,0.007495395,-0.291537106,0.956530154,70.0000000,1280,720,minecraft:overworld,flashback_export_aligned
1,20260914-194915-flashback_export,flashback_export,92,31738691939300,72.321882326,-58.380000114,30.115052061,179.5510406,-16.9500027,0.147376746,0.003875140,-0.000577415,0.989072621,0.999969304,0.000000000,-0.007835785,0.002284422,0.956559539,0.291528165,0.007495395,-0.291537106,0.956530154,70.0000000,1280,720,minecraft:overworld,flashback_export_aligned
1,20260914-194915-flashback_export,flashback_export,93,31738711168900,72.390320203,-58.380000114,30.114520577,179.5510406,-16.9500027,0.147376746,0.003875140,-0.000577415,0.989072621,0.999969304,0.000000000,-0.007835785,0.002284422,0.956559539,0.291528165,0.007495395,-0.291537106,0.956530154,70.0000000,1280,720,minecraft:overworld,flashback_export_aligned
1,20260914-194915-flashback_export,flashback_export,94,31738743604200,72.460577948,-58.380000114,30.113974960,179.5510406,-16.9500027,0.147376746,0.003875140,-0.000577415,0.989072621,0.999969304,0.000000000,-0.007835785,0.002284422,0.956559539,0.291528165,0.007495395,-0.291537106,0.956530154,70.0000000,1280,720,minecraft:overworld,flashback_export_aligned
1,20260914-194915-flashback_export,flashback_export,95,31738750615600,72.530835693,-58.380000114,30.113429343,179.5510406,-16.9500027,0.147376746,0.003875140,-0.000577415,0.989072621,0.999969304,0.000000000,-0.007835785,0.002284422,0.956559539,0.291528165,0.007495395,-0.291537106,0.956530154,70.0000000,1280,720,minecraft:overworld,flashback_export_aligned
1,20260914-194915-flashback_export,flashback_export,96,31738785064900,72.600453849,-58.380000114,30.112888693,179.5510406,-16.9500027,0.147376746,0.003875140,-0.000577415,0.989072621,0.999969304,0.000000000,-0.007835785,0.002284422,0.956559539,0.291528165,0.007495395,-0.291537106,0.956530154,70.0000000,1280,720,minecraft:overworld,flashback_export_aligned
1,20260914-194915-flashback_export,flashback_export,97,31738788962300,72.671367075,-58.380000114,30.112337986,179.5510406,-16.9500027,0.147376746,0.003875140,-0.000577415,0.989072621,0.999969304,0.000000000,-0.007835785,0.002284422,0.956559539,0.291528165,0.007495395,-0.291537106,0.956530154,70.0000000,1280,720,minecraft:overworld,flashback_export_aligned
1,20260914-194915-flashback_export,flashback_export,98,31738806253500,72.742280301,-58.380000114,30.111787278,179.5510406,-16.9500027,0.147376746,0.003875140,-0.000577415,0.989072621,0.999969304,0.000000000,-0.007835785,0.002284422,0.956559539,0.291528165,0.007495395,-0.291537106,0.956530154,70.0000000,1280,720,minecraft:overworld,flashback_export_aligned
1,20260914-194915-flashback_export,flashback_export,99,31738839602000,72.813183882,-58.380000114,30.111236646,179.5510406,-16.9500027,0.147376746,0.003875140,-0.000577415,0.989072621,0.999969304,0.000000000,-0.007835785,0.002284422,0.956559539,0.291528165,0.007495395,-0.291537106,0.956530154,70.0000000,1280,720,minecraft:overworld,flashback_export_aligned
1,20260914-194915-flashback_export,flashback_export,100,31738857295800,72.884627015,-58.380000114,30.110681823,179.5510406,-16.9500027,0.147376746,0.003875140,-0.000577415,0.989072621,0.999969304,0.000000000,-0.007835785,0.002284422,0.956559539,0.291528165,0.007495395,-0.291537106,0.956530154,70.0000000,1280,720,minecraft:overworld,flashback_export_aligned
1,20260914-194915-flashback_export,flashback_export,101,31738861066300,72.956070148,-58.380000114,30.110127001,179.5510406,-16.9500027,0.147376746,0.003875140,-0.000577415,0.989072621,0.999969304,0.000000000,-0.007835785,0.002284422,0.956559539,0.291528165,0.007495395,-0.291537106,0.956530154,70.0000000,1280,720,minecraft:overworld,flashback_export_aligned
1,20260914-194915-flashback_export,flashback_export,102,31738898084400,73.027331540,-58.380000114,30.109573589,179.5510406,-16.9500027,0.147376746,0.003875140,-0.000577415,0.989072621,0.999969304,0.000000000,-0.007835785,0.002284422,0.956559539,0.291528165,0.007495395,-0.291537106,0.956530154,70.0000000,1280,720,minecraft:overworld,flashback_export_aligned
1,20260914-194915-flashback_export,flashback_export,103,31738916280500,73.098975789,-58.380000114,30.109017205,179.5510406,-16.9500027,0.147376746,0.003875140,-0.000577415,0.989072621,0.999969304,0.000000000,-0.007835785,0.002284422,0.956559539,0.291528165,0.007495395,-0.291537106,0.956530154,70.0000000,1280,720,minecraft:overworld,flashback_export_aligned
1,20260914-194915-flashback_export,flashback_export,104,31738919579900,73.170620038,-58.380000114,30.108460820,179.5510406,-16.9500027,0.147376746,0.003875140,-0.000577415,0.989072621,0.999969304,0.000000000,-0.007835785,0.002284422,0.956559539,0.291528165,0.007495395,-0.291537106,0.956530154,70.0000000,1280,720,minecraft:overworld,flashback_export_aligned
1,20260914-194915-flashback_export,flashback_export,105,31738954220600,73.242253223,-58.380000114,30.107904522,179.5510406,-16.9500027,0.147376746,0.003875140,-0.000577415,0.989072621,0.999969304,0.000000000,-0.007835785,0.002284422,0.956559539,0.291528165,0.007495395,-0.291537106,0.956530154,70.0000000,1280,720,minecraft:overworld,flashback_export_aligned
1,20260914-194915-flashback_export,flashback_export,106,31738957471400,73.314036672,-58.380000114,30.107347056,179.5510406,-16.9500027,0.147376746,0.003875140,-0.000577415,0.989072621,0.999969304,0.000000000,-0.007835785,0.002284422,0.956559539,0.291528165,0.007495395,-0.291537106,0.956530154,70.0000000,1280,720,minecraft:overworld,flashback_export_aligned
1,20260914-194915-flashback_export,flashback_export,107,31738975224000,73.385820121,-58.380000114,30.106789591,179.5510406,-16.9500027,0.147376746,0.003875140,-0.000577415,0.989072621,0.999969304,0.000000000,-0.007835785,0.002284422,0.956559539,0.291528165,0.007495395,-0.291537106,0.956530154,70.0000000,1280,720,minecraft:overworld,flashback_export_aligned
1,20260914-194915-flashback_export,flashback_export,108,31739010306400,73.457597523,-58.380000114,30.106232172,179.5510406,-16.9500027,0.147376746,0.003875140,-0.000577415,0.989072621,0.999969304,0.000000000,-0.007835785,0.002284422,0.956559539,0.291528165,0.007495395,-0.291537106,0.956530154,70.0000000,1280,720,minecraft:overworld,flashback_export_aligned
1,20260914-194915-flashback_export,flashback_export,109,31739015807000,73.529457758,-58.380000114,30.105674110,179.5510406,-16.9500027,0.147376746,0.003875140,-0.000577415,0.989072621,0.999969304,0.000000000,-0.007835785,0.002284422,0.956559539,0.291528165,0.007495395,-0.291537106,0.956530154,70.0000000,1280,720,minecraft:overworld,flashback_export_aligned
1,20260914-194915-flashback_export,flashback_export,110,31739046934600,73.601317992,-58.380000114,30.105116049,179.5510406,-16.9500027,0.147376746,0.003875140,-0.000577415,0.989072621,0.999969304,0.000000000,-0.007835785,0.002284422,0.956559539,0.291528165,0.007495395,-0.291537106,0.956530154,70.0000000,1280,720,minecraft:overworld,flashback_export_aligned
1,20260914-194915-flashback_export,flashback_export,111,31739052516800,73.673172573,-58.380000114,30.104558031,179.5510406,-16.9500027,0.147376746,0.003875140,-0.000577415,0.989072621,0.999969304,0.000000000,-0.007835785,0.002284422,0.956559539,0.291528165,0.007495395,-0.291537106,0.956530154,70.0000000,1280,720,minecraft:overworld,flashback_export_aligned
1,20260914-194915-flashback_export,flashback_export,112,31739069198900,73.745074360,-58.380000114,30.103999646,179.5510406,-16.9500027,0.147376746,0.003875140,-0.000577415,0.989072621,0.999969304,0.000000000,-0.007835785,0.002284422,0.956559539,0.291528165,0.007495395,-0.291537106,0.956530154,70.0000000,1280,720,minecraft:overworld,flashback_export_aligned
1,20260914-194915-flashback_export,flashback_export,113,31739087473900,73.816976147,-58.380000114,30.103441262,179.5510406,-16.9500027,0.147376746,0.003875140,-0.000577415,0.989072621,0.999969304,0.000000000,-0.007835785,0.002284422,0.956559539,0.291528165,0.007495395,-0.291537106,0.956530154,70.0000000,1280,720,minecraft:overworld,flashback_export_aligned
1,20260914-194915-flashback_export,flashback_export,114,31739122233400,73.888873611,-58.380000114,30.102882911,179.5510406,-16.9500027,0.147376746,0.003875140,-0.000577415,0.989072621,0.999969304,0.000000000,-0.007835785,0.002284422,0.956559539,0.291528165,0.007495395,-0.291537106,0.956530154,70.0000000,1280,720,minecraft:overworld,flashback_export_aligned
1,20260914-194915-flashback_export,flashback_export,115,31739126277300,73.960796974,-58.380000114,30.102324359,179.5510406,-16.9500027,0.147376746,0.003875140,-0.000577415,0.989072621,0.999969304,0.000000000,-0.007835785,0.002284422,0.956559539,0.291528165,0.007495395,-0.291537106,0.956530154,70.0000000,1280,720,minecraft:overworld,flashback_export_aligned
1,20260914-194915-flashback_export,flashback_export,116,31739159727300,74.032720337,-58.380000114,30.101765806,179.5510406,-16.9500027,0.147376746,0.003875140,-0.000577415,0.989072621,0.999969304,0.000000000,-0.007835785,0.002284422,0.956559539,0.291528165,0.007495395,-0.291537106,0.956530154,70.0000000,1280,720,minecraft:overworld,flashback_export_aligned
1,20260914-194915-flashback_export,flashback_export,117,31739182320600,74.104643439,-58.380000114,30.101207256,179.5510406,-16.9500027,0.147376746,0.003875140,-0.000577415,0.989072621,0.999969304,0.000000000,-0.007835785,0.002284422,0.956559539,0.291528165,0.007495395,-0.291537106,0.956530154,70.0000000,1280,720,minecraft:overworld,flashback_export_aligned
1,20260914-194915-flashback_export,flashback_export,118,31739199836300,74.176579541,-58.380000114,30.100648605,179.5510406,-16.9500027,0.147376746,0.003875140,-0.000577415,0.989072621,0.999969304,0.000000000,-0.007835785,0.002284422,0.956559539,0.291528165,0.007495395,-0.291537106,0.956530154,70.0000000,1280,720,minecraft:overworld,flashback_export_aligned
1,20260914-194915-flashback_export,flashback_export,119,31739203547700,74.248515643,-58.380000114,30.100089954,179.5510406,-16.9500027,0.147376746,0.003875140,-0.000577415,0.989072621,0.999969304,0.000000000,-0.007835785,0.002284422,0.956559539,0.291528165,0.007495395,-0.291537106,0.956530154,70.0000000,1280,720,minecraft:overworld,flashback_export_aligned
1,20260914-194915-flashback_export,flashback_export,120,31739239563900,74.320450827,-58.380000114,30.099531311,179.5510406,-16.9500027,0.147376746,0.003875140,-0.000577415,0.989072621,0.999969304,0.000000000,-0.007835785,0.002284422,0.956559539,0.291528165,0.007495395,-0.291537106,0.956530154,70.0000000,1280,720,minecraft:overworld,flashback_export_aligned
1,20260914-194915-flashback_export,flashback_export,121,31739261245300,74.392393488,-58.380000114,30.098972609,179.5510406,-16.9500027,0.147376746,0.003875140,-0.000577415,0.989072621,0.999969304,0.000000000,-0.007835785,0.002284422,0.956559539,0.291528165,0.007495395,-0.291537106,0.956530154,70.0000000,1280,720,minecraft:overworld,flashback_export_aligned
1,20260914-194915-flashback_export,flashback_export,122,31739267229300,74.464336149,-58.380000114,30.098413907,179.5510406,-16.9500027,0.147376746,0.003875140,-0.000577415,0.989072621,0.999969304,0.000000000,-0.007835785,0.002284422,0.956559539,0.291528165,0.007495395,-0.291537106,0.956530154,70.0000000,1280,720,minecraft:overworld,flashback_export_aligned
1,20260914-194915-flashback_export,flashback_export,123,31739303480600,74.536278722,-58.380000114,30.097855205,179.5510406,-16.9500027,0.147376746,0.003875140,-0.000577415,0.989072621,0.999969304,0.000000000,-0.007835785,0.002284422,0.956559539,0.291528165,0.007495395,-0.291537106,0.956530154,70.0000000,1280,720,minecraft:overworld,flashback_export_aligned
1,20260914-194915-flashback_export,flashback_export,124,31739320608500,74.608225104,-58.380000114,30.097296475,179.5510406,-16.9500027,0.147376746,0.003875140,-0.000577415,0.989072621,0.999969304,0.000000000,-0.007835785,0.002284422,0.956559539,0.291528165,0.007495395,-0.291537106,0.956530154,70.0000000,1280,720,minecraft:overworld,flashback_export_aligned
1,20260914-194915-flashback_export,flashback_export,125,31739341189600,74.680171486,-58.380000114,30.096737744,179.5510406,-16.9500027,0.147376746,0.003875140,-0.000577415,0.989072621,0.999969304,0.000000000,-0.007835785,0.002284422,0.956559539,0.291528165,0.007495395,-0.291537106,0.956530154,70.0000000,1280,720,minecraft:overworld,flashback_export_aligned
1,20260914-194915-flashback_export,flashback_export,126,31739363368300,74.752117814,-58.380000114,30.096179013,179.5510406,-16.9500027,0.147376746,0.003875140,-0.000577415,0.989072621,0.999969304,0.000000000,-0.007835785,0.002284422,0.956559539,0.291528165,0.007495395,-0.291537106,0.956530154,70.0000000,1280,720,minecraft:overworld,flashback_export_aligned
1,20260914-194915-flashback_export,flashback_export,127,31739367271600,74.824066470,-58.380000114,30.095620265,179.5510406,-16.9500027,0.147376746,0.003875140,-0.000577415,0.989072621,0.999969304,0.000000000,-0.007835785,0.002284422,0.956559539,0.291528165,0.007495395,-0.291537106,0.956530154,70.0000000,1280,720,minecraft:overworld,flashback_export_aligned
1,20260914-194915-flashback_export,flashback_export,128,31739399648700,74.896015125,-58.380000114,30.095061516,179.5510406,-16.9500027,0.147376746,0.003875140,-0.000577415,0.989072621,0.999969304,0.000000000,-0.007835785,0.002284422,0.956559539,0.291528165,0.007495395,-0.291537106,0.956530154,70.0000000,1280,720,minecraft:overworld,flashback_export_aligned
1,20260914-194915-flashback_export,flashback_export,129,31739404476700,74.967963020,-58.380000114,30.094502774,179.5510406,-16.9500027,0.147376746,0.003875140,-0.000577415,0.989072621,0.999969304,0.000000000,-0.007835785,0.002284422,0.956559539,0.291528165,0.007495395,-0.291537106,0.956530154,70.0000000,1280,720,minecraft:overworld,flashback_export_aligned
1,20260914-194915-flashback_export,flashback_export,130,31739421749200,75.039912688,-58.380000114,30.093944017,179.5510406,-16.9500027,0.147376746,0.003875140,-0.000577415,0.989072621,0.999969304,0.000000000,-0.007835785,0.002284422,0.956559539,0.291528165,0.007495395,-0.291537106,0.956530154,70.0000000,1280,720,minecraft:overworld,flashback_export_aligned
1,20260914-194915-flashback_export,flashback_export,131,31739438246800,75.111862357,-58.380000114,30.093385261,179.5510406,-16.9500027,0.147376746,0.003875140,-0.000577415,0.989072621,0.999969304,0.000000000,-0.007835785,0.002284422,0.956559539,0.291528165,0.007495395,-0.291537106,0.956530154,70.0000000,1280,720,minecraft:overworld,flashback_export_aligned
1,20260914-194915-flashback_export,flashback_export,132,31739474520300,75.183811563,-58.380000114,30.092826508,179.5510406,-16.9500027,0.147376746,0.003875140,-0.000577415,0.989072621,0.999969304,0.000000000,-0.007835785,0.002284422,0.956559539,0.291528165,0.007495395,-0.291537106,0.956530154,70.0000000,1280,720,minecraft:overworld,flashback_export_aligned
1,20260914-194915-flashback_export,flashback_export,133,31739497848700,75.255761767,-58.380000114,30.092267748,179.5510406,-16.9500027,0.147376746,0.003875140,-0.000577415,0.989072621,0.999969304,0.000000000,-0.007835785,0.002284422,0.956559539,0.291528165,0.007495395,-0.291537106,0.956530154,70.0000000,1280,720,minecraft:overworld,flashback_export_aligned
1,20260914-194915-flashback_export,flashback_export,134,31739516514500,75.327711971,-58.380000114,30.091708987,179.5510406,-16.9500027,0.147376746,0.003875140,-0.000577415,0.989072621,0.999969304,0.000000000,-0.007835785,0.002284422,0.956559539,0.291528165,0.007495395,-0.291537106,0.956530154,70.0000000,1280,720,minecraft:overworld,flashback_export_aligned
1,20260914-194915-flashback_export,flashback_export,135,31739535494600,75.399661929,-58.380000114,30.091150228,179.5510406,-16.9500027,0.147376746,0.003875140,-0.000577415,0.989072621,0.999969304,0.000000000,-0.007835785,0.002284422,0.956559539,0.291528165,0.007495395,-0.291537106,0.956530154,70.0000000,1280,720,minecraft:overworld,flashback_export_aligned
1,20260914-194915-flashback_export,flashback_export,136,31739553240400,75.471612430,-58.380000114,30.090591466,179.5510406,-16.9500027,0.147376746,0.003875140,-0.000577415,0.989072621,0.999969304,0.000000000,-0.007835785,0.002284422,0.956559539,0.291528165,0.007495395,-0.291537106,0.956530154,70.0000000,1280,720,minecraft:overworld,flashback_export_aligned
1,20260914-194915-flashback_export,flashback_export,137,31739556900000,75.543562930,-58.380000114,30.090032703,179.5510406,-16.9500027,0.147376746,0.003875140,-0.000577415,0.989072621,0.999969304,0.000000000,-0.007835785,0.002284422,0.956559539,0.291528165,0.007495395,-0.291537106,0.956530154,70.0000000,1280,720,minecraft:overworld,flashback_export_aligned
1,20260914-194915-flashback_export,flashback_export,138,31739592372700,75.615513291,-58.380000114,30.089473941,179.5510406,-16.9500027,0.147376746,0.003875140,-0.000577415,0.989072621,0.999969304,0.000000000,-0.007835785,0.002284422,0.956559539,0.291528165,0.007495395,-0.291537106,0.956530154,70.0000000,1280,720,minecraft:overworld,flashback_export_aligned
1,20260914-194915-flashback_export,flashback_export,139,31739614028100,75.687463954,-58.380000114,30.088915177,179.5510406,-16.9500027,0.147376746,0.003875140,-0.000577415,0.989072621,0.999969304,0.000000000,-0.007835785,0.002284422,0.956559539,0.291528165,0.007495395,-0.291537106,0.956530154,70.0000000,1280,720,minecraft:overworld,flashback_export_aligned
1,20260914-194915-flashback_export,flashback_export,140,31739632008100,75.759414618,-58.380000114,30.088356413,179.5510406,-16.9500027,0.147376746,0.003875140,-0.000577415,0.989072621,0.999969304,0.000000000,-0.007835785,0.002284422,0.956559539,0.291528165,0.007495395,-0.291537106,0.956530154,70.0000000,1280,720,minecraft:overworld,flashback_export_aligned
1,20260914-194915-flashback_export,flashback_export,141,31739652629800,75.831365195,-58.380000114,30.087797649,179.5510406,-16.9500027,0.147376746,0.003875140,-0.000577415,0.989072621,0.999969304,0.000000000,-0.007835785,0.002284422,0.956559539,0.291528165,0.007495395,-0.291537106,0.956530154,70.0000000,1280,720,minecraft:overworld,flashback_export_aligned
1,20260914-194915-flashback_export,flashback_export,142,31739656433500,75.903315945,-58.380000114,30.087238885,179.5510406,-16.9500027,0.147376746,0.003875140,-0.000577415,0.989072621,0.999969304,0.000000000,-0.007835785,0.002284422,0.956559539,0.291528165,0.007495395,-0.291537106,0.956530154,70.0000000,1280,720,minecraft:overworld,flashback_export_aligned
1,20260914-194915-flashback_export,flashback_export,143,31739673989600,75.975266695,-58.380000114,30.086680120,179.5510406,-16.9500027,0.147376746,0.003875140,-0.000577415,0.989072621,0.999969304,0.000000000,-0.007835785,0.002284422,0.956559539,0.291528165,0.007495395,-0.291537106,0.956530154,70.0000000,1280,720,minecraft:overworld,flashback_export_aligned
1,20260914-194915-flashback_export,flashback_export,144,31739708404000,76.047217397,-58.380000114,30.086121356,179.5510406,-16.9500027,0.147376746,0.003875140,-0.000577415,0.989072621,0.999969304,0.000000000,-0.007835785,0.002284422,0.956559539,0.291528165,0.007495395,-0.291537106,0.956530154,70.0000000,1280,720,minecraft:overworld,flashback_export_aligned
1,20260914-194915-flashback_export,flashback_export,145,31739726539000,76.119168194,-58.380000114,30.085562590,179.5510406,-16.9500027,0.147376746,0.003875140,-0.000577415,0.989072621,0.999969304,0.000000000,-0.007835785,0.002284422,0.956559539,0.291528165,0.007495395,-0.291537106,0.956530154,70.0000000,1280,720,minecraft:overworld,flashback_export_aligned
1,20260914-194915-flashback_export,flashback_export,146,31739745127700,76.191118992,-58.380000114,30.085003825,179.5510406,-16.9500027,0.147376746,0.003875140,-0.000577415,0.989072621,0.999969304,0.000000000,-0.007835785,0.002284422,0.956559539,0.291528165,0.007495395,-0.291537106,0.956530154,70.0000000,1280,720,minecraft:overworld,flashback_export_aligned
1,20260914-194915-flashback_export,flashback_export,147,31739766902400,76.263069760,-58.380000114,30.084445060,179.5510406,-16.9500027,0.147376746,0.003875140,-0.000577415,0.989072621,0.999969304,0.000000000,-0.007835785,0.002284422,0.956559539,0.291528165,0.007495395,-0.291537106,0.956530154,70.0000000,1280,720,minecraft:overworld,flashback_export_aligned
1,20260914-194915-flashback_export,flashback_export,148,31739770943200,76.335020581,-58.380000114,30.083886295,179.5510406,-16.9500027,0.147376746,0.003875140,-0.000577415,0.989072621,0.999969304,0.000000000,-0.007835785,0.002284422,0.956559539,0.291528165,0.007495395,-0.291537106,0.956530154,70.0000000,1280,720,minecraft:overworld,flashback_export_aligned
1,20260914-194915-flashback_export,flashback_export,149,31739788908800,76.406971403,-58.380000114,30.083327530,179.5510406,-16.9500027,0.147376746,0.003875140,-0.000577415,0.989072621,0.999969304,0.000000000,-0.007835785,0.002284422,0.956559539,0.291528165,0.007495395,-0.291537106,0.956530154,70.0000000,1280,720,minecraft:overworld,flashback_export_aligned
1,20260914-194915-flashback_export,flashback_export,150,31739823115300,76.478922212,-58.380000114,30.082768765,179.5510406,-16.9500027,0.147376746,0.003875140,-0.000577415,0.989072621,0.999969304,0.000000000,-0.007835785,0.002284422,0.956559539,0.291528165,0.007495395,-0.291537106,0.956530154,70.0000000,1280,720,minecraft:overworld,flashback_export_aligned
1,20260914-194915-flashback_export,flashback_export,151,31739840309400,76.550873052,-58.380000114,30.082209999,179.5510406,-16.9500027,0.147376746,0.003875140,-0.000577415,0.989072621,0.999969304,0.000000000,-0.007835785,0.002284422,0.956559539,0.291528165,0.007495395,-0.291537106,0.956530154,70.0000000,1280,720,minecraft:overworld,flashback_export_aligned
1,20260914-194915-flashback_export,flashback_export,152,31739844857500,76.622823892,-58.380000114,30.081651234,179.5510406,-16.9500027,0.147376746,0.003875140,-0.000577415,0.989072621,0.999969304,0.000000000,-0.007835785,0.002284422,0.956559539,0.291528165,0.007495395,-0.291537106,0.956530154,70.0000000,1280,720,minecraft:overworld,flashback_export_aligned
1,20260914-194915-flashback_export,flashback_export,153,31739862068400,76.694774712,-58.380000114,30.081092468,179.5510406,-16.9500027,0.147376746,0.003875140,-0.000577415,0.989072621,0.999969304,0.000000000,-0.007835785,0.002284422,0.956559539,0.291528165,0.007495395,-0.291537106,0.956530154,70.0000000,1280,720,minecraft:overworld,flashback_export_aligned
1,20260914-194915-flashback_export,flashback_export,154,31739880215700,76.766725559,-58.380000114,30.080533703,179.5510406,-16.9500027,0.147376746,0.003875140,-0.000577415,0.989072621,0.999969304,0.000000000,-0.007835785,0.002284422,0.956559539,0.291528165,0.007495395,-0.291537106,0.956530154,70.0000000,1280,720,minecraft:overworld,flashback_export_aligned
1,20260914-194915-flashback_export,flashback_export,155,31739911059800,76.838676407,-58.380000114,30.079974937,179.5510406,-16.9500027,0.147376746,0.003875140,-0.000577415,0.989072621,0.999969304,0.000000000,-0.007835785,0.002284422,0.956559539,0.291528165,0.007495395,-0.291537106,0.956530154,70.0000000,1280,720,minecraft:overworld,flashback_export_aligned
1,20260914-194915-flashback_export,flashback_export,156,31739931987000,76.910627238,-58.380000114,30.079416172,179.5510406,-16.9500027,0.147376746,0.003875140,-0.000577415,0.989072621,0.999969304,0.000000000,-0.007835785,0.002284422,0.956559539,0.291528165,0.007495395,-0.291537106,0.956530154,70.0000000,1280,720,minecraft:overworld,flashback_export_aligned
1,20260914-194915-flashback_export,flashback_export,157,31739935499700,76.982578085,-58.380000114,30.078857406,179.5510406,-16.9500027,0.147376746,0.003875140,-0.000577415,0.989072621,0.999969304,0.000000000,-0.007835785,0.002284422,0.956559539,0.291528165,0.007495395,-0.291537106,0.956530154,70.0000000,1280,720,minecraft:overworld,flashback_export_aligned
1,20260914-194915-flashback_export,flashback_export,158,31739968298000,77.054528931,-58.380000114,30.078298641,179.5510406,-16.9500027,0.147376746,0.003875140,-0.000577415,0.989072621,0.999969304,0.000000000,-0.007835785,0.002284422,0.956559539,0.291528165,0.007495395,-0.291537106,0.956530154,70.0000000,1280,720,minecraft:overworld,flashback_export_aligned
1,20260914-194915-flashback_export,flashback_export,159,31739987210800,77.126479779,-58.380000114,30.077739875,179.5510406,-16.9500027,0.147376746,0.003875140,-0.000577415,0.989072621,0.999969304,0.000000000,-0.007835785,0.002284422,0.956559539,0.291528165,0.007495395,-0.291537106,0.956530154,70.0000000,1280,720,minecraft:overworld,flashback_export_aligned
1,20260914-194915-flashback_export,flashback_export,160,31739990914700,77.198430633,-58.380000114,30.077181110,179.5510406,-16.9500027,0.147376746,0.003875140,-0.000577415,0.989072621,0.999969304,0.000000000,-0.007835785,0.002284422,0.956559539,0.291528165,0.007495395,-0.291537106,0.956530154,70.0000000,1280,720,minecraft:overworld,flashback_export_aligned
1,20260914-194915-flashback_export,flashback_export,161,31740009444700,77.270381488,-58.380000114,30.076622344,179.5510406,-16.9500027,0.147376746,0.003875140,-0.000577415,0.989072621,0.999969304,0.000000000,-0.007835785,0.002284422,0.956559539,0.291528165,0.007495395,-0.291537106,0.956530154,70.0000000,1280,720,minecraft:overworld,flashback_export_aligned
1,20260914-194915-flashback_export,flashback_export,162,31740042648900,77.342332328,-58.380000114,30.076063579,179.5510406,-16.9500027,0.147376746,0.003875140,-0.000577415,0.989072621,0.999969304,0.000000000,-0.007835785,0.002284422,0.956559539,0.291528165,0.007495395,-0.291537106,0.956530154,70.0000000,1280,720,minecraft:overworld,flashback_export_aligned
1,20260914-194915-flashback_export,flashback_export,163,31740061204600,77.414283183,-58.380000114,30.075504813,179.5510406,-16.9500027,0.147376746,0.003875140,-0.000577415,0.989072621,0.999969304,0.000000000,-0.007835785,0.002284422,0.956559539,0.291528165,0.007495395,-0.291537106,0.956530154,70.0000000,1280,720,minecraft:overworld,flashback_export_aligned
1,20260914-194915-flashback_export,flashback_export,164,31740066679600,77.486234037,-58.380000114,30.074946048,179.5510406,-16.9500027,0.147376746,0.003875140,-0.000577415,0.989072621,0.999969304,0.000000000,-0.007835785,0.002284422,0.956559539,0.291528165,0.007495395,-0.291537106,0.956530154,70.0000000,1280,720,minecraft:overworld,flashback_export_aligned
1,20260914-194915-flashback_export,flashback_export,165,31740100379000,77.558184881,-58.380000114,30.074387282,179.5510406,-16.9500027,0.147376746,0.003875140,-0.000577415,0.989072621,0.999969304,0.000000000,-0.007835785,0.002284422,0.956559539,0.291528165,0.007495395,-0.291537106,0.956530154,70.0000000,1280,720,minecraft:overworld,flashback_export_aligned
1,20260914-194915-flashback_export,flashback_export,166,31740103859900,77.630135735,-58.380000114,30.073828516,179.5510406,-16.9500027,0.147376746,0.003875140,-0.000577415,0.989072621,0.999969304,0.000000000,-0.007835785,0.002284422,0.956559539,0.291528165,0.007495395,-0.291537106,0.956530154,70.0000000,1280,720,minecraft:overworld,flashback_export_aligned
1,20260914-194915-flashback_export,flashback_export,167,31740120884900,77.702086589,-58.380000114,30.073269751,179.5510406,-16.9500027,0.147376746,0.003875140,-0.000577415,0.989072621,0.999969304,0.000000000,-0.007835785,0.002284422,0.956559539,0.291528165,0.007495395,-0.291537106,0.956530154,70.0000000,1280,720,minecraft:overworld,flashback_export_aligned
1,20260914-194915-flashback_export,flashback_export,168,31740154910400,77.774037436,-58.380000114,30.072710985,179.5510406,-16.9500027,0.147376746,0.003875140,-0.000577415,0.989072621,0.999969304,0.000000000,-0.007835785,0.002284422,0.956559539,0.291528165,0.007495395,-0.291537106,0.956530154,70.0000000,1280,720,minecraft:overworld,flashback_export_aligned
1,20260914-194915-flashback_export,flashback_export,169,31740172410800,77.845988292,-58.380000114,30.072152220,179.5510406,-16.9500027,0.147376746,0.003875140,-0.000577415,0.989072621,0.999969304,0.000000000,-0.007835785,0.002284422,0.956559539,0.291528165,0.007495395,-0.291537106,0.956530154,70.0000000,1280,720,minecraft:overworld,flashback_export_aligned
1,20260914-194915-flashback_export,flashback_export,170,31740176157700,77.917939148,-58.380000114,30.071593454,179.5510406,-16.9500027,0.147376746,0.003875140,-0.000577415,0.989072621,0.999969304,0.000000000,-0.007835785,0.002284422,0.956559539,0.291528165,0.007495395,-0.291537106,0.956530154,70.0000000,1280,720,minecraft:overworld,flashback_export_aligned
1,20260914-194915-flashback_export,flashback_export,171,31740208204900,77.989889993,-58.380000114,30.071034689,179.5510406,-16.9500027,0.147376746,0.003875140,-0.000577415,0.989072621,0.999969304,0.000000000,-0.007835785,0.002284422,0.956559539,0.291528165,0.007495395,-0.291537106,0.956530154,70.0000000,1280,720,minecraft:overworld,flashback_export_aligned
1,20260914-194915-flashback_export,flashback_export,172,31740227784000,78.061840846,-58.380000114,30.070475923,179.5510406,-16.9500027,0.147376746,0.003875140,-0.000577415,0.989072621,0.999969304,0.000000000,-0.007835785,0.002284422,0.956559539,0.291528165,0.007495395,-0.291537106,0.956530154,70.0000000,1280,720,minecraft:overworld,flashback_export_aligned
1,20260914-194915-flashback_export,flashback_export,173,31740235359500,78.133791700,-58.380000114,30.069917158,179.5510406,-16.9500027,0.147376746,0.003875140,-0.000577415,0.989072621,0.999969304,0.000000000,-0.007835785,0.002284422,0.956559539,0.291528165,0.007495395,-0.291537106,0.956530154,70.0000000,1280,720,minecraft:overworld,flashback_export_aligned
1,20260914-194915-flashback_export,flashback_export,174,31740273172800,78.205742550,-58.380000114,30.069358392,179.5510406,-16.9500027,0.147376746,0.003875140,-0.000577415,0.989072621,0.999969304,0.000000000,-0.007835785,0.002284422,0.956559539,0.291528165,0.007495395,-0.291537106,0.956530154,70.0000000,1280,720,minecraft:overworld,flashback_export_aligned
1,20260914-194915-flashback_export,flashback_export,175,31740291767000,78.277693405,-58.380000114,30.068799626,179.5510406,-16.9500027,0.147376746,0.003875140,-0.000577415,0.989072621,0.999969304,0.000000000,-0.007835785,0.002284422,0.956559539,0.291528165,0.007495395,-0.291537106,0.956530154,70.0000000,1280,720,minecraft:overworld,flashback_export_aligned
1,20260914-194915-flashback_export,flashback_export,176,31740312672400,78.349644259,-58.380000114,30.068240861,179.5510406,-16.9500027,0.147376746,0.003875140,-0.000577415,0.989072621,0.999969304,0.000000000,-0.007835785,0.002284422,0.956559539,0.291528165,0.007495395,-0.291537106,0.956530154,70.0000000,1280,720,minecraft:overworld,flashback_export_aligned
1,20260914-194915-flashback_export,flashback_export,177,31740334454600,78.421595108,-58.380000114,30.067682095,179.5510406,-16.9500027,0.147376746,0.003875140,-0.000577415,0.989072621,0.999969304,0.000000000,-0.007835785,0.002284422,0.956559539,0.291528165,0.007495395,-0.291537106,0.956530154,70.0000000,1280,720,minecraft:overworld,flashback_export_aligned
1,20260914-194915-flashback_export,flashback_export,178,31740351941500,78.493545964,-58.380000114,30.067123330,179.5510406,-16.9500027,0.147376746,0.003875140,-0.000577415,0.989072621,0.999969304,0.000000000,-0.007835785,0.002284422,0.956559539,0.291528165,0.007495395,-0.291537106,0.956530154,70.0000000,1280,720,minecraft:overworld,flashback_export_aligned
1,20260914-194915-flashback_export,flashback_export,179,31740355868400,78.565496820,-58.380000114,30.066564564,179.5510406,-16.9500027,0.147376746,0.003875140,-0.000577415,0.989072621,0.999969304,0.000000000,-0.007835785,0.002284422,0.956559539,0.291528165,0.007495395,-0.291537106,0.956530154,70.0000000,1280,720,minecraft:overworld,flashback_export_aligned
1,20260914-194915-flashback_export,flashback_export,180,31740392475200,78.637447665,-58.380000114,30.066005799,179.5510406,-16.9500027,0.147376746,0.003875140,-0.000577415,0.989072621,0.999969304,0.000000000,-0.007835785,0.002284422,0.956559539,0.291528165,0.007495395,-0.291537106,0.956530154,70.0000000,1280,720,minecraft:overworld,flashback_export_aligned
1,20260914-194915-flashback_export,flashback_export,181,31740398762200,78.709398522,-58.380000114,30.065447033,179.5510406,-16.9500027,0.147376746,0.003875140,-0.000577415,0.989072621,0.999969304,0.000000000,-0.007835785,0.002284422,0.956559539,0.291528165,0.007495395,-0.291537106,0.956530154,70.0000000,1280,720,minecraft:overworld,flashback_export_aligned
1,20260914-194915-flashback_export,flashback_export,182,31740414813700,78.781349378,-58.380000114,30.064888267,179.5510406,-16.9500027,0.147376746,0.003875140,-0.000577415,0.989072621,0.999969304,0.000000000,-0.007835785,0.002284422,0.956559539,0.291528165,0.007495395,-0.291537106,0.956530154,70.0000000,1280,720,minecraft:overworld,flashback_export_aligned
1,20260914-194915-flashback_export,flashback_export,183,31740450528200,78.853300223,-58.380000114,30.064329502,179.5510406,-16.9500027,0.147376746,0.003875140,-0.000577415,0.989072621,0.999969304,0.000000000,-0.007835785,0.002284422,0.956559539,0.291528165,0.007495395,-0.291537106,0.956530154,70.0000000,1280,720,minecraft:overworld,flashback_export_aligned
1,20260914-194915-flashback_export,flashback_export,184,31740468286800,78.925251078,-58.380000114,30.063770736,179.5510406,-16.9500027,0.147376746,0.003875140,-0.000577415,0.989072621,0.999969304,0.000000000,-0.007835785,0.002284422,0.956559539,0.291528165,0.007495395,-0.291537106,0.956530154,70.0000000,1280,720,minecraft:overworld,flashback_export_aligned
1,20260914-194915-flashback_export,flashback_export,185,31740471806300,78.997201932,-58.380000114,30.063211971,179.5510406,-16.9500027,0.147376746,0.003875140,-0.000577415,0.989072621,0.999969304,0.000000000,-0.007835785,0.002284422,0.956559539,0.291528165,0.007495395,-0.291537106,0.956530154,70.0000000,1280,720,minecraft:overworld,flashback_export_aligned
1,20260914-194915-flashback_export,flashback_export,186,31740506810300,79.069152781,-58.380000114,30.062653205,179.5510406,-16.9500027,0.147376746,0.003875140,-0.000577415,0.989072621,0.999969304,0.000000000,-0.007835785,0.002284422,0.956559539,0.291528165,0.007495395,-0.291537106,0.956530154,70.0000000,1280,720,minecraft:overworld,flashback_export_aligned
1,20260914-194915-flashback_export,flashback_export,187,31740525243800,79.141103634,-58.380000114,30.062094440,179.5510406,-16.9500027,0.147376746,0.003875140,-0.000577415,0.989072621,0.999969304,0.000000000,-0.007835785,0.002284422,0.956559539,0.291528165,0.007495395,-0.291537106,0.956530154,70.0000000,1280,720,minecraft:overworld,flashback_export_aligned
1,20260914-194915-flashback_export,flashback_export,188,31740546357500,79.213054487,-58.380000114,30.061535674,179.5510406,-16.9500027,0.147376746,0.003875140,-0.000577415,0.989072621,0.999969304,0.000000000,-0.007835785,0.002284422,0.956559539,0.291528165,0.007495395,-0.291537106,0.956530154,70.0000000,1280,720,minecraft:overworld,flashback_export_aligned
1,20260914-194915-flashback_export,flashback_export,189,31740567021000,79.285005339,-58.380000114,30.060976909,179.5510406,-16.9500027,0.147376746,0.003875140,-0.000577415,0.989072621,0.999969304,0.000000000,-0.007835785,0.002284422,0.956559539,0.291528165,0.007495395,-0.291537106,0.956530154,70.0000000,1280,720,minecraft:overworld,flashback_export_aligned
1,20260914-194915-flashback_export,flashback_export,190,31740585795900,79.356956196,-58.380000114,30.060418143,179.5510406,-16.9500027,0.147376746,0.003875140,-0.000577415,0.989072621,0.999969304,0.000000000,-0.007835785,0.002284422,0.956559539,0.291528165,0.007495395,-0.291537106,0.956530154,70.0000000,1280,720,minecraft:overworld,flashback_export_aligned
1,20260914-194915-flashback_export,flashback_export,191,31740589614000,79.428907052,-58.380000114,30.059859377,179.5510406,-16.9500027,0.147376746,0.003875140,-0.000577415,0.989072621,0.999969304,0.000000000,-0.007835785,0.002284422,0.956559539,0.291528165,0.007495395,-0.291537106,0.956530154,70.0000000,1280,720,minecraft:overworld,flashback_export_aligned
1,20260914-194915-flashback_export,flashback_export,192,31740626305200,79.500857898,-58.380000114,30.059300612,179.5510406,-16.9500027,0.147376746,0.003875140,-0.000577415,0.989072621,0.999969304,0.000000000,-0.007835785,0.002284422,0.956559539,0.291528165,0.007495395,-0.291537106,0.956530154,70.0000000,1280,720,minecraft:overworld,flashback_export_aligned
1,20260914-194915-flashback_export,flashback_export,193,31740631553700,79.572808754,-58.380000114,30.058741846,179.5510406,-16.9500027,0.147376746,0.003875140,-0.000577415,0.989072621,0.999969304,0.000000000,-0.007835785,0.002284422,0.956559539,0.291528165,0.007495395,-0.291537106,0.956530154,70.0000000,1280,720,minecraft:overworld,flashback_export_aligned
1,20260914-194915-flashback_export,flashback_export,194,31740664606200,79.644759610,-58.380000114,30.058183081,179.5510406,-16.9500027,0.147376746,0.003875140,-0.000577415,0.989072621,0.999969304,0.000000000,-0.007835785,0.002284422,0.956559539,0.291528165,0.007495395,-0.291537106,0.956530154,70.0000000,1280,720,minecraft:overworld,flashback_export_aligned
1,20260914-194915-flashback_export,flashback_export,195,31740686450400,79.716710456,-58.380000114,30.057624315,179.5510406,-16.9500027,0.147376746,0.003875140,-0.000577415,0.989072621,0.999969304,0.000000000,-0.007835785,0.002284422,0.956559539,0.291528165,0.007495395,-0.291537106,0.956530154,70.0000000,1280,720,minecraft:overworld,flashback_export_aligned
1,20260914-194915-flashback_export,flashback_export,196,31740703953000,79.788661312,-58.380000114,30.057065550,179.5510406,-16.9500027,0.147376746,0.003875140,-0.000577415,0.989072621,0.999969304,0.000000000,-0.007835785,0.002284422,0.956559539,0.291528165,0.007495395,-0.291537106,0.956530154,70.0000000,1280,720,minecraft:overworld,flashback_export_aligned
1,20260914-194915-flashback_export,flashback_export,197,31740721398200,79.860612168,-58.380000114,30.056506784,179.5510406,-16.9500027,0.147376746,0.003875140,-0.000577415,0.989072621,0.999969304,0.000000000,-0.007835785,0.002284422,0.956559539,0.291528165,0.007495395,-0.291537106,0.956530154,70.0000000,1280,720,minecraft:overworld,flashback_export_aligned
1,20260914-194915-flashback_export,flashback_export,198,31740742708900,79.932563014,-58.380000114,30.055948018,179.5510406,-16.9500027,0.147376746,0.003875140,-0.000577415,0.989072621,0.999969304,0.000000000,-0.007835785,0.002284422,0.956559539,0.291528165,0.007495395,-0.291537106,0.956530154,70.0000000,1280,720,minecraft:overworld,flashback_export_aligned
1,20260914-194915-flashback_export,flashback_export,199,31740763634700,80.004513865,-58.380000114,30.055389253,179.5510406,-16.9500027,0.147376746,0.003875140,-0.000577415,0.989072621,0.999969304,0.000000000,-0.007835785,0.002284422,0.956559539,0.291528165,0.007495395,-0.291537106,0.956530154,70.0000000,1280,720,minecraft:overworld,flashback_export_aligned
1,20260914-194915-flashback_export,flashback_export,200,31740782960200,80.076464715,-58.380000114,30.054830487,179.5510406,-16.9500027,0.147376746,0.003875140,-0.000577415,0.989072621,0.999969304,0.000000000,-0.007835785,0.002284422,0.956559539,0.291528165,0.007495395,-0.291537106,0.956530154,70.0000000,1280,720,minecraft:overworld,flashback_export_aligned
1,20260914-194915-flashback_export,flashback_export,201,31740807964700,80.148415572,-58.380000114,30.054271722,179.5510406,-16.9500027,0.147376746,0.003875140,-0.000577415,0.989072621,0.999969304,0.000000000,-0.007835785,0.002284422,0.956559539,0.291528165,0.007495395,-0.291537106,0.956530154,70.0000000,1280,720,minecraft:overworld,flashback_export_aligned
1,20260914-194915-flashback_export,flashback_export,202,31740827830000,80.220366424,-58.380000114,30.053712956,179.5510406,-16.9500027,0.147376746,0.003875140,-0.000577415,0.989072621,0.999969304,0.000000000,-0.007835785,0.002284422,0.956559539,0.291528165,0.007495395,-0.291537106,0.956530154,70.0000000,1280,720,minecraft:overworld,flashback_export_aligned
1,20260914-194915-flashback_export,flashback_export,203,31740848110700,80.292317276,-58.380000114,30.053154191,179.5510406,-16.9500027,0.147376746,0.003875140,-0.000577415,0.989072621,0.999969304,0.000000000,-0.007835785,0.002284422,0.956559539,0.291528165,0.007495395,-0.291537106,0.956530154,70.0000000,1280,720,minecraft:overworld,flashback_export_aligned
1,20260914-194915-flashback_export,flashback_export,204,31740870064300,80.364268130,-58.380000114,30.052595425,179.5510406,-16.9500027,0.147376746,0.003875140,-0.000577415,0.989072621,0.999969304,0.000000000,-0.007835785,0.002284422,0.956559539,0.291528165,0.007495395,-0.291537106,0.956530154,70.0000000,1280,720,minecraft:overworld,flashback_export_aligned
1,20260914-194915-flashback_export,flashback_export,205,31740888830600,80.436218987,-58.380000114,30.052036659,179.5510406,-16.9500027,0.147376746,0.003875140,-0.000577415,0.989072621,0.999969304,0.000000000,-0.007835785,0.002284422,0.956559539,0.291528165,0.007495395,-0.291537106,0.956530154,70.0000000,1280,720,minecraft:overworld,flashback_export_aligned
1,20260914-194915-flashback_export,flashback_export,206,31740907185300,80.508169844,-58.380000114,30.051477894,179.5510406,-16.9500027,0.147376746,0.003875140,-0.000577415,0.989072621,0.999969304,0.000000000,-0.007835785,0.002284422,0.956559539,0.291528165,0.007495395,-0.291537106,0.956530154,70.0000000,1280,720,minecraft:overworld,flashback_export_aligned
1,20260914-194915-flashback_export,flashback_export,207,31740929772700,80.580120688,-58.380000114,30.050919128,179.5510406,-16.9500027,0.147376746,0.003875140,-0.000577415,0.989072621,0.999969304,0.000000000,-0.007835785,0.002284422,0.956559539,0.291528165,0.007495395,-0.291537106,0.956530154,70.0000000,1280,720,minecraft:overworld,flashback_export_aligned
1,20260914-194915-flashback_export,flashback_export,208,31740949061900,80.652071544,-58.380000114,30.050360363,179.5510406,-16.9500027,0.147376746,0.003875140,-0.000577415,0.989072621,0.999969304,0.000000000,-0.007835785,0.002284422,0.956559539,0.291528165,0.007495395,-0.291537106,0.956530154,70.0000000,1280,720,minecraft:overworld,flashback_export_aligned
1,20260914-194915-flashback_export,flashback_export,209,31740967254000,80.724022400,-58.380000114,30.049801597,179.5510406,-16.9500027,0.147376746,0.003875140,-0.000577415,0.989072621,0.999969304,0.000000000,-0.007835785,0.002284422,0.956559539,0.291528165,0.007495395,-0.291537106,0.956530154,70.0000000,1280,720,minecraft:overworld,flashback_export_aligned
1,20260914-194915-flashback_export,flashback_export,210,31740988151800,80.795973246,-58.380000114,30.049242832,179.5510406,-16.9500027,0.147376746,0.003875140,-0.000577415,0.989072621,0.999969304,0.000000000,-0.007835785,0.002284422,0.956559539,0.291528165,0.007495395,-0.291537106,0.956530154,70.0000000,1280,720,minecraft:overworld,flashback_export_aligned
1,20260914-194915-flashback_export,flashback_export,211,31741006232200,80.867924102,-58.380000114,30.048684066,179.5510406,-16.9500027,0.147376746,0.003875140,-0.000577415,0.989072621,0.999969304,0.000000000,-0.007835785,0.002284422,0.956559539,0.291528165,0.007495395,-0.291537106,0.956530154,70.0000000,1280,720,minecraft:overworld,flashback_export_aligned
1,20260914-194915-flashback_export,flashback_export,212,31741010451300,80.939874958,-58.380000114,30.048125301,179.5510406,-16.9500027,0.147376746,0.003875140,-0.000577415,0.989072621,0.999969304,0.000000000,-0.007835785,0.002284422,0.956559539,0.291528165,0.007495395,-0.291537106,0.956530154,70.0000000,1280,720,minecraft:overworld,flashback_export_aligned
1,20260914-194915-flashback_export,flashback_export,213,31741047505600,81.011825804,-58.380000114,30.047566535,179.5510406,-16.9500027,0.147376746,0.003875140,-0.000577415,0.989072621,0.999969304,0.000000000,-0.007835785,0.002284422,0.956559539,0.291528165,0.007495395,-0.291537106,0.956530154,70.0000000,1280,720,minecraft:overworld,flashback_export_aligned
1,20260914-194915-flashback_export,flashback_export,214,31741065798300,81.083776659,-58.380000114,30.047007769,179.5510406,-16.9500027,0.147376746,0.003875140,-0.000577415,0.989072621,0.999969304,0.000000000,-0.007835785,0.002284422,0.956559539,0.291528165,0.007495395,-0.291537106,0.956530154,70.0000000,1280,720,minecraft:overworld,flashback_export_aligned
1,20260914-194915-flashback_export,flashback_export,215,31741084201100,81.155727515,-58.380000114,30.046449004,179.5510406,-16.9500027,0.147376746,0.003875140,-0.000577415,0.989072621,0.999969304,0.000000000,-0.007835785,0.002284422,0.956559539,0.291528165,0.007495395,-0.291537106,0.956530154,70.0000000,1280,720,minecraft:overworld,flashback_export_aligned
1,20260914-194915-flashback_export,flashback_export,216,31741104781600,81.227678362,-58.380000114,30.045890238,179.5510406,-16.9500027,0.147376746,0.003875140,-0.000577415,0.989072621,0.999969304,0.000000000,-0.007835785,0.002284422,0.956559539,0.291528165,0.007495395,-0.291537106,0.956530154,70.0000000,1280,720,minecraft:overworld,flashback_export_aligned
1,20260914-194915-flashback_export,flashback_export,217,31741123725000,81.299629218,-58.380000114,30.045331473,179.5510406,-16.9500027,0.147376746,0.003875140,-0.000577415,0.989072621,0.999969304,0.000000000,-0.007835785,0.002284422,0.956559539,0.291528165,0.007495395,-0.291537106,0.956530154,70.0000000,1280,720,minecraft:overworld,flashback_export_aligned
1,20260914-194915-flashback_export,flashback_export,218,31741141876800,81.371580074,-58.380000114,30.044772707,179.5510406,-16.9500027,0.147376746,0.003875140,-0.000577415,0.989072621,0.999969304,0.000000000,-0.007835785,0.002284422,0.956559539,0.291528165,0.007495395,-0.291537106,0.956530154,70.0000000,1280,720,minecraft:overworld,flashback_export_aligned
1,20260914-194915-flashback_export,flashback_export,219,31741166280700,81.443530920,-58.380000114,30.044213942,179.5510406,-16.9500027,0.147376746,0.003875140,-0.000577415,0.989072621,0.999969304,0.000000000,-0.007835785,0.002284422,0.956559539,0.291528165,0.007495395,-0.291537106,0.956530154,70.0000000,1280,720,minecraft:overworld,flashback_export_aligned
1,20260914-194915-flashback_export,flashback_export,220,31741184568000,81.515481776,-58.380000114,30.043655176,179.5510406,-16.9500027,0.147376746,0.003875140,-0.000577415,0.989072621,0.999969304,0.000000000,-0.007835785,0.002284422,0.956559539,0.291528165,0.007495395,-0.291537106,0.956530154,70.0000000,1280,720,minecraft:overworld,flashback_export_aligned
1,20260914-194915-flashback_export,flashback_export,221,31741202708300,81.587432632,-58.380000114,30.043096410,179.5510406,-16.9500027,0.147376746,0.003875140,-0.000577415,0.989072621,0.999969304,0.000000000,-0.007835785,0.002284422,0.956559539,0.291528165,0.007495395,-0.291537106,0.956530154,70.0000000,1280,720,minecraft:overworld,flashback_export_aligned
1,20260914-194915-flashback_export,flashback_export,222,31741223881400,81.659383479,-58.380000114,30.042537645,179.5510406,-16.9500027,0.147376746,0.003875140,-0.000577415,0.989072621,0.999969304,0.000000000,-0.007835785,0.002284422,0.956559539,0.291528165,0.007495395,-0.291537106,0.956530154,70.0000000,1280,720,minecraft:overworld,flashback_export_aligned
1,20260914-194915-flashback_export,flashback_export,223,31741242315600,81.731334335,-58.380000114,30.041978879,179.5510406,-16.9500027,0.147376746,0.003875140,-0.000577415,0.989072621,0.999969304,0.000000000,-0.007835785,0.002284422,0.956559539,0.291528165,0.007495395,-0.291537106,0.956530154,70.0000000,1280,720,minecraft:overworld,flashback_export_aligned
1,20260914-194915-flashback_export,flashback_export,224,31741264675900,81.803285190,-58.380000114,30.041420114,179.5510406,-16.9500027,0.147376746,0.003875140,-0.000577415,0.989072621,0.999969304,0.000000000,-0.007835785,0.002284422,0.956559539,0.291528165,0.007495395,-0.291537106,0.956530154,70.0000000,1280,720,minecraft:overworld,flashback_export_aligned
1,20260914-194915-flashback_export,flashback_export,225,31741286412200,81.875236037,-58.380000114,30.040861348,179.5510406,-16.9500027,0.147376746,0.003875140,-0.000577415,0.989072621,0.999969304,0.000000000,-0.007835785,0.002284422,0.956559539,0.291528165,0.007495395,-0.291537106,0.956530154,70.0000000,1280,720,minecraft:overworld,flashback_export_aligned
1,20260914-194915-flashback_export,flashback_export,226,31741304867800,81.947186890,-58.380000114,30.040302583,179.5510406,-16.9500027,0.147376746,0.003875140,-0.000577415,0.989072621,0.999969304,0.000000000,-0.007835785,0.002284422,0.956559539,0.291528165,0.007495395,-0.291537106,0.956530154,70.0000000,1280,720,minecraft:overworld,flashback_export_aligned
1,20260914-194915-flashback_export,flashback_export,227,31741323584100,82.019137744,-58.380000114,30.039743817,179.5510406,-16.9500027,0.147376746,0.003875140,-0.000577415,0.989072621,0.999969304,0.000000000,-0.007835785,0.002284422,0.956559539,0.291528165,0.007495395,-0.291537106,0.956530154,70.0000000,1280,720,minecraft:overworld,flashback_export_aligned
1,20260914-194915-flashback_export,flashback_export,228,31741346642400,82.091088595,-58.380000114,30.039185052,179.5510406,-16.9500027,0.147376746,0.003875140,-0.000577415,0.989072621,0.999969304,0.000000000,-0.007835785,0.002284422,0.956559539,0.291528165,0.007495395,-0.291537106,0.956530154,70.0000000,1280,720,minecraft:overworld,flashback_export_aligned
1,20260914-194915-flashback_export,flashback_export,229,31741365163700,82.163039453,-58.380000114,30.038626286,179.5510406,-16.9500027,0.147376746,0.003875140,-0.000577415,0.989072621,0.999969304,0.000000000,-0.007835785,0.002284422,0.956559539,0.291528165,0.007495395,-0.291537106,0.956530154,70.0000000,1280,720,minecraft:overworld,flashback_export_aligned
1,20260914-194915-flashback_export,flashback_export,230,31741384368300,82.234990311,-58.380000114,30.038067520,179.5510406,-16.9500027,0.147376746,0.003875140,-0.000577415,0.989072621,0.999969304,0.000000000,-0.007835785,0.002284422,0.956559539,0.291528165,0.007495395,-0.291537106,0.956530154,70.0000000,1280,720,minecraft:overworld,flashback_export_aligned
1,20260914-194915-flashback_export,flashback_export,231,31741405717100,82.306941153,-58.380000114,30.037508755,179.5510406,-16.9500027,0.147376746,0.003875140,-0.000577415,0.989072621,0.999969304,0.000000000,-0.007835785,0.002284422,0.956559539,0.291528165,0.007495395,-0.291537106,0.956530154,70.0000000,1280,720,minecraft:overworld,flashback_export_aligned
1,20260914-194915-flashback_export,flashback_export,232,31741423629000,82.378892011,-58.380000114,30.036949989,179.5510406,-16.9500027,0.147376746,0.003875140,-0.000577415,0.989072621,0.999969304,0.000000000,-0.007835785,0.002284422,0.956559539,0.291528165,0.007495395,-0.291537106,0.956530154,70.0000000,1280,720,minecraft:overworld,flashback_export_aligned
1,20260914-194915-flashback_export,flashback_export,233,31741441780000,82.450842869,-58.380000114,30.036391224,179.5510406,-16.9500027,0.147376746,0.003875140,-0.000577415,0.989072621,0.999969304,0.000000000,-0.007835785,0.002284422,0.956559539,0.291528165,0.007495395,-0.291537106,0.956530154,70.0000000,1280,720,minecraft:overworld,flashback_export_aligned
1,20260914-194915-flashback_export,flashback_export,234,31741467374000,82.522793711,-58.380000114,30.035832458,179.5510406,-16.9500027,0.147376746,0.003875140,-0.000577415,0.989072621,0.999969304,0.000000000,-0.007835785,0.002284422,0.956559539,0.291528165,0.007495395,-0.291537106,0.956530154,70.0000000,1280,720,minecraft:overworld,flashback_export_aligned
1,20260914-194915-flashback_export,flashback_export,235,31741486370400,82.594744567,-58.380000114,30.035273693,179.5510406,-16.9500027,0.147376746,0.003875140,-0.000577415,0.989072621,0.999969304,0.000000000,-0.007835785,0.002284422,0.956559539,0.291528165,0.007495395,-0.291537106,0.956530154,70.0000000,1280,720,minecraft:overworld,flashback_export_aligned
1,20260914-194915-flashback_export,flashback_export,236,31741505314800,82.666695422,-58.380000114,30.034714927,179.5510406,-16.9500027,0.147376746,0.003875140,-0.000577415,0.989072621,0.999969304,0.000000000,-0.007835785,0.002284422,0.956559539,0.291528165,0.007495395,-0.291537106,0.956530154,70.0000000,1280,720,minecraft:overworld,flashback_export_aligned
1,20260914-194915-flashback_export,flashback_export,237,31741526066500,82.738646269,-58.380000114,30.034156161,179.5510406,-16.9500027,0.147376746,0.003875140,-0.000577415,0.989072621,0.999969304,0.000000000,-0.007835785,0.002284422,0.956559539,0.291528165,0.007495395,-0.291537106,0.956530154,70.0000000,1280,720,minecraft:overworld,flashback_export_aligned
1,20260914-194915-flashback_export,flashback_export,238,31741586130500,82.810597123,-58.380000114,30.033597396,179.5510406,-16.9500027,0.147376746,0.003875140,-0.000577415,0.989072621,0.999969304,0.000000000,-0.007835785,0.002284422,0.956559539,0.291528165,0.007495395,-0.291537106,0.956530154,70.0000000,1280,720,minecraft:overworld,flashback_export_aligned
1,20260914-194915-flashback_export,flashback_export,239,31741607068500,82.882547976,-58.380000114,30.033038630,179.5510406,-16.9500027,0.147376746,0.003875140,-0.000577415,0.989072621,0.999969304,0.000000000,-0.007835785,0.002284422,0.956559539,0.291528165,0.007495395,-0.291537106,0.956530154,70.0000000,1280,720,minecraft:overworld,flashback_export_aligned
1,20260914-194915-flashback_export,flashback_export,240,31741633964800,82.954498827,-58.380000114,30.032479865,179.5510406,-16.9500027,0.147376746,0.003875140,-0.000577415,0.989072621,0.999969304,0.000000000,-0.007835785,0.002284422,0.956559539,0.291528165,0.007495395,-0.291537106,0.956530154,70.0000000,1280,720,minecraft:overworld,flashback_export_aligned
1,20260914-194915-flashback_export,flashback_export,241,31741654060700,83.026449678,-58.380000114,30.031921099,179.5510406,-16.9500027,0.147376746,0.003875140,-0.000577415,0.989072621,0.999969304,0.000000000,-0.007835785,0.002284422,0.956559539,0.291528165,0.007495395,-0.291537106,0.956530154,70.0000000,1280,720,minecraft:overworld,flashback_export_aligned
1,20260914-194915-flashback_export,flashback_export,242,31741675307500,83.098400529,-58.380000114,30.031362334,179.5510406,-16.9500027,0.147376746,0.003875140,-0.000577415,0.989072621,0.999969304,0.000000000,-0.007835785,0.002284422,0.956559539,0.291528165,0.007495395,-0.291537106,0.956530154,70.0000000,1280,720,minecraft:overworld,flashback_export_aligned
1,20260914-194915-flashback_export,flashback_export,243,31741699180100,83.170351385,-58.380000114,30.030803568,179.5510406,-16.9500027,0.147376746,0.003875140,-0.000577415,0.989072621,0.999969304,0.000000000,-0.007835785,0.002284422,0.956559539,0.291528165,0.007495395,-0.291537106,0.956530154,70.0000000,1280,720,minecraft:overworld,flashback_export_aligned
1,20260914-194915-flashback_export,flashback_export,244,31741719655700,83.242302241,-58.385365278,30.030244803,179.5510406,-16.9500027,0.147376746,0.003875140,-0.000577415,0.989072621,0.999969304,0.000000000,-0.007835785,0.002284422,0.956559539,0.291528165,0.007495395,-0.291537106,0.956530154,70.0000000,1280,720,minecraft:overworld,flashback_export_aligned
1,20260914-194915-flashback_export,flashback_export,245,31741723907600,83.314253097,-58.390730441,30.029686037,179.5510406,-16.9500027,0.147376746,0.003875140,-0.000577415,0.989072621,0.999969304,0.000000000,-0.007835785,0.002284422,0.956559539,0.291528165,0.007495395,-0.291537106,0.956530154,70.0000000,1280,720,minecraft:overworld,flashback_export_aligned
1,20260914-194915-flashback_export,flashback_export,246,31741761402100,83.386203943,-58.380000114,30.029127271,179.5510406,-16.9500027,0.147376746,0.003875140,-0.000577415,0.989072621,0.999969304,0.000000000,-0.007835785,0.002284422,0.956559539,0.291528165,0.007495395,-0.291537106,0.956530154,70.0000000,1280,720,minecraft:overworld,flashback_export_aligned
1,20260914-194915-flashback_export,flashback_export,247,31741795519700,83.458154800,-58.389210848,30.028568506,179.5510406,-16.9500027,0.147376746,0.003875140,-0.000577415,0.989072621,0.999969304,0.000000000,-0.007835785,0.002284422,0.956559539,0.291528165,0.007495395,-0.291537106,0.956530154,70.0000000,1280,720,minecraft:overworld,flashback_export_aligned
1,20260914-194915-flashback_export,flashback_export,248,31741820067200,83.530105657,-58.398421581,30.028009740,179.5510406,-16.9500027,0.147376746,0.003875140,-0.000577415,0.989072621,0.999969304,0.000000000,-0.007835785,0.002284422,0.956559539,0.291528165,0.007495395,-0.291537106,0.956530154,70.0000000,1280,720,minecraft:overworld,flashback_export_aligned
1,20260914-194915-flashback_export,flashback_export,249,31741844194600,83.602056502,-58.442500114,30.027450975,179.5510406,-16.9500027,0.147376746,0.003875140,-0.000577415,0.989072621,0.999969304,0.000000000,-0.007835785,0.002284422,0.956559539,0.291528165,0.007495395,-0.291537106,0.956530154,70.0000000,1280,720,minecraft:overworld,flashback_export_aligned
1,20260914-194915-flashback_export,flashback_export,250,31741850273200,83.674007355,-58.426798787,30.026892209,179.5510406,-16.9500027,0.147376746,0.003875140,-0.000577415,0.989072621,0.999969304,0.000000000,-0.007835785,0.002284422,0.956559539,0.291528165,0.007495395,-0.291537106,0.956530154,70.0000000,1280,720,minecraft:overworld,flashback_export_aligned
1,20260914-194915-flashback_export,flashback_export,251,31741886804500,83.745958208,-58.411097459,30.026333444,179.5510406,-16.9500027,0.147376746,0.003875140,-0.000577415,0.989072621,0.999969304,0.000000000,-0.007835785,0.002284422,0.956559539,0.291528165,0.007495395,-0.291537106,0.956530154,70.0000000,1280,720,minecraft:overworld,flashback_export_aligned
1,20260914-194915-flashback_export,flashback_export,252,31741907932000,83.817909060,-58.380000114,30.025774678,179.5510406,-16.9500027,0.147376746,0.003875140,-0.000577415,0.989072621,0.999969304,0.000000000,-0.007835785,0.002284422,0.956559539,0.291528165,0.007495395,-0.291537106,0.956530154,70.0000000,1280,720,minecraft:overworld,flashback_export_aligned
1,20260914-194915-flashback_export,flashback_export,253,31741926648800,83.889859915,-58.380000114,30.025215912,179.5510406,-16.9500027,0.147376746,0.003875140,-0.000577415,0.989072621,0.999969304,0.000000000,-0.007835785,0.002284422,0.956559539,0.291528165,0.007495395,-0.291537106,0.956530154,70.0000000,1280,720,minecraft:overworld,flashback_export_aligned
1,20260914-194915-flashback_export,flashback_export,254,31741947411000,83.961810769,-58.380000114,30.024657147,179.5510406,-16.9500027,0.147376746,0.003875140,-0.000577415,0.989072621,0.999969304,0.000000000,-0.007835785,0.002284422,0.956559539,0.291528165,0.007495395,-0.291537106,0.956530154,70.0000000,1280,720,minecraft:overworld,flashback_export_aligned
1,20260914-194915-flashback_export,flashback_export,255,31741967785000,84.033761618,-58.380000114,30.024098381,179.5510406,-16.9500027,0.147376746,0.003875140,-0.000577415,0.989072621,0.999969304,0.000000000,-0.007835785,0.002284422,0.956559539,0.291528165,0.007495395,-0.291537106,0.956530154,70.0000000,1280,720,minecraft:overworld,flashback_export_aligned
1,20260914-194915-flashback_export,flashback_export,256,31741985960300,84.105712474,-58.380000114,30.023539616,179.5510406,-16.9500027,0.147376746,0.003875140,-0.000577415,0.989072621,0.999969304,0.000000000,-0.007835785,0.002284422,0.956559539,0.291528165,0.007495395,-0.291537106,0.956530154,70.0000000,1280,720,minecraft:overworld,flashback_export_aligned
1,20260914-194915-flashback_export,flashback_export,257,31741989591800,84.177663330,-58.380000114,30.022980850,179.5510406,-16.9500027,0.147376746,0.003875140,-0.000577415,0.989072621,0.999969304,0.000000000,-0.007835785,0.002284422,0.956559539,0.291528165,0.007495395,-0.291537106,0.956530154,70.0000000,1280,720,minecraft:overworld,flashback_export_aligned
1,20260914-194915-flashback_export,flashback_export,258,31742025193800,84.249614176,-58.380000114,30.022422085,179.5510406,-16.9500027,0.147376746,0.003875140,-0.000577415,0.989072621,0.999969304,0.000000000,-0.007835785,0.002284422,0.956559539,0.291528165,0.007495395,-0.291537106,0.956530154,70.0000000,1280,720,minecraft:overworld,flashback_export_aligned
1,20260914-194915-flashback_export,flashback_export,259,31742043517600,84.321565031,-58.380000114,30.021863319,179.5510406,-16.9500027,0.147376746,0.003875140,-0.000577415,0.989072621,0.999969304,0.000000000,-0.007835785,0.002284422,0.956559539,0.291528165,0.007495395,-0.291537106,0.956530154,70.0000000,1280,720,minecraft:overworld,flashback_export_aligned
1,20260914-194915-flashback_export,flashback_export,260,31742048491300,84.393515886,-58.380000114,30.021304553,179.5510406,-16.9500027,0.147376746,0.003875140,-0.000577415,0.989072621,0.999969304,0.000000000,-0.007835785,0.002284422,0.956559539,0.291528165,0.007495395,-0.291537106,0.956530154,70.0000000,1280,720,minecraft:overworld,flashback_export_aligned
1,20260914-194915-flashback_export,flashback_export,261,31742082483400,84.465466734,-58.380000114,30.020745788,179.5510406,-16.9500027,0.147376746,0.003875140,-0.000577415,0.989072621,0.999969304,0.000000000,-0.007835785,0.002284422,0.956559539,0.291528165,0.007495395,-0.291537106,0.956530154,70.0000000,1280,720,minecraft:overworld,flashback_export_aligned
1,20260914-194915-flashback_export,flashback_export,262,31742100310300,84.528305747,-58.380000114,30.020257784,179.5510406,-16.9500027,0.147376746,0.003875140,-0.000577415,0.989072621,0.999969304,0.000000000,-0.007835785,0.002284422,0.956559539,0.291528165,0.007495395,-0.291537106,0.956530154,70.0000000,1280,720,minecraft:overworld,flashback_export_aligned
1,20260914-194915-flashback_export,flashback_export,263,31742117911700,84.591144760,-58.380000114,30.019769781,179.5510406,-16.9500027,0.147376746,0.003875140,-0.000577415,0.989072621,0.999969304,0.000000000,-0.007835785,0.002284422,0.956559539,0.291528165,0.007495395,-0.291537106,0.956530154,70.0000000,1280,720,minecraft:overworld,flashback_export_aligned
1,20260914-194915-flashback_export,flashback_export,264,31742137408700,84.681319292,-58.380000114,30.019069491,179.5510406,-16.9500027,0.147376746,0.003875140,-0.000577415,0.989072621,0.999969304,0.000000000,-0.007835785,0.002284422,0.956559539,0.291528165,0.007495395,-0.291537106,0.956530154,70.0000000,1280,720,minecraft:overworld,flashback_export_aligned
1,20260914-194915-flashback_export,flashback_export,265,31742155935100,84.720483094,-58.380000114,30.018765348,179.5510406,-16.9500027,0.147376746,0.003875140,-0.000577415,0.989072621,0.999969304,0.000000000,-0.007835785,0.002284422,0.956559539,0.291528165,0.007495395,-0.291537106,0.956530154,70.0000000,1280,720,minecraft:overworld,flashback_export_aligned
1,20260914-194915-flashback_export,flashback_export,266,31742160274000,84.759646896,-58.380000114,30.018461204,179.5510406,-16.9500027,0.147376746,0.003875140,-0.000577415,0.989072621,0.999969304,0.000000000,-0.007835785,0.002284422,0.956559539,0.291528165,0.007495395,-0.291537106,0.956530154,70.0000000,1280,720,minecraft:overworld,flashback_export_aligned
1,20260914-194915-flashback_export,flashback_export,267,31742194899100,84.799174803,-58.380000114,30.018154233,179.5510406,-16.9500027,0.147376746,0.003875140,-0.000577415,0.989072621,0.999969304,0.000000000,-0.007835785,0.002284422,0.956559539,0.291528165,0.007495395,-0.291537106,0.956530154,70.0000000,1280,720,minecraft:overworld,flashback_export_aligned
1,20260914-194915-flashback_export,flashback_export,268,31742199455600,84.818337968,-58.380000114,30.018005413,179.5510406,-16.9500027,0.147376746,0.003875140,-0.000577415,0.989072621,0.999969304,0.000000000,-0.007835785,0.002284422,0.956559539,0.291528165,0.007495395,-0.291537106,0.956530154,70.0000000,1280,720,minecraft:overworld,flashback_export_aligned
1,20260914-194915-flashback_export,flashback_export,269,31742218218800,84.837501132,-58.380000114,30.017856593,179.5510406,-16.9500027,0.147376746,0.003875140,-0.000577415,0.989072621,0.999969304,0.000000000,-0.007835785,0.002284422,0.956559539,0.291528165,0.007495395,-0.291537106,0.956530154,70.0000000,1280,720,minecraft:overworld,flashback_export_aligned
1,20260914-194915-flashback_export,flashback_export,270,31742254300200,84.863523919,-58.380000114,30.017654502,179.5510406,-16.9500027,0.147376746,0.003875140,-0.000577415,0.989072621,0.999969304,0.000000000,-0.007835785,0.002284422,0.956559539,0.291528165,0.007495395,-0.291537106,0.956530154,70.0000000,1280,720,minecraft:overworld,flashback_export_aligned
1,20260914-194915-flashback_export,flashback_export,271,31742273059800,84.874997497,-58.380000114,30.017565399,179.5510406,-16.9500027,0.147376746,0.003875140,-0.000577415,0.989072621,0.999969304,0.000000000,-0.007835785,0.002284422,0.956559539,0.291528165,0.007495395,-0.291537106,0.956530154,70.0000000,1280,720,minecraft:overworld,flashback_export_aligned
1,20260914-194915-flashback_export,flashback_export,272,31742278484500,84.886471075,-58.380000114,30.017476296,179.5510406,-16.9500027,0.147376746,0.003875140,-0.000577415,0.989072621,0.999969304,0.000000000,-0.007835785,0.002284422,0.956559539,0.291528165,0.007495395,-0.291537106,0.956530154,70.0000000,1280,720,minecraft:overworld,flashback_export_aligned
1,20260914-194915-flashback_export,flashback_export,273,31742316494200,84.898658540,-58.380000114,30.017381649,179.5510406,-16.9500027,0.147376746,0.003875140,-0.000577415,0.989072621,0.999969304,0.000000000,-0.007835785,0.002284422,0.956559539,0.291528165,0.007495395,-0.291537106,0.956530154,70.0000000,1280,720,minecraft:overworld,flashback_export_aligned
1,20260914-194915-flashback_export,flashback_export,274,31742335020100,84.904371388,-58.380000114,30.017337283,179.5510406,-16.9500027,0.147376746,0.003875140,-0.000577415,0.989072621,0.999969304,0.000000000,-0.007835785,0.002284422,0.956559539,0.291528165,0.007495395,-0.291537106,0.956530154,70.0000000,1280,720,minecraft:overworld,flashback_export_aligned
1,20260914-194915-flashback_export,flashback_export,275,31742338700800,84.910084235,-58.380000114,30.017292918,179.5510406,-16.9500027,0.147376746,0.003875140,-0.000577415,0.989072621,0.999969304,0.000000000,-0.007835785,0.002284422,0.956559539,0.291528165,0.007495395,-0.291537106,0.956530154,70.0000000,1280,720,minecraft:overworld,flashback_export_aligned
1,20260914-194915-flashback_export,flashback_export,276,31742373093000,84.917842046,-58.380000114,30.017232671,179.5510406,-16.9500027,0.147376746,0.003875140,-0.000577415,0.989072621,0.999969304,0.000000000,-0.007835785,0.002284422,0.956559539,0.291528165,0.007495395,-0.291537106,0.956530154,70.0000000,1280,720,minecraft:overworld,flashback_export_aligned
1,20260914-194915-flashback_export,flashback_export,277,31742391317200,84.921291995,-58.380000114,30.017205879,179.5510406,-16.9500027,0.147376746,0.003875140,-0.000577415,0.989072621,0.999969304,0.000000000,-0.007835785,0.002284422,0.956559539,0.291528165,0.007495395,-0.291537106,0.956530154,70.0000000,1280,720,minecraft:overworld,flashback_export_aligned
1,20260914-194915-flashback_export,flashback_export,278,31742411969800,84.924741944,-58.380000114,30.017179087,179.5510406,-16.9500027,0.147376746,0.003875140,-0.000577415,0.989072621,0.999969304,0.000000000,-0.007835785,0.002284422,0.956559539,0.291528165,0.007495395,-0.291537106,0.956530154,70.0000000,1280,720,minecraft:overworld,flashback_export_aligned
1,20260914-194915-flashback_export,flashback_export,279,31742433159500,84.928316241,-58.380000114,30.017151329,179.5510406,-16.9500027,0.147376746,0.003875140,-0.000577415,0.989072621,0.999969304,0.000000000,-0.007835785,0.002284422,0.956559539,0.291528165,0.007495395,-0.291537106,0.956530154,70.0000000,1280,720,minecraft:overworld,flashback_export_aligned
1,20260914-194915-flashback_export,flashback_export,280,31742436464800,84.930019333,-58.380000114,30.017138103,179.5510406,-16.9500027,0.147376746,0.003875140,-0.000577415,0.989072621,0.999969304,0.000000000,-0.007835785,0.002284422,0.956559539,0.291528165,0.007495395,-0.291537106,0.956530154,70.0000000,1280,720,minecraft:overworld,flashback_export_aligned
1,20260914-194915-flashback_export,flashback_export,281,31742455058700,84.931722424,-58.380000114,30.017124877,179.5510406,-16.9500027,0.147376746,0.003875140,-0.000577415,0.989072621,0.999969304,0.000000000,-0.007835785,0.002284422,0.956559539,0.291528165,0.007495395,-0.291537106,0.956530154,70.0000000,1280,720,minecraft:overworld,flashback_export_aligned
1,20260914-194915-flashback_export,flashback_export,282,31742489649600,84.934035152,-58.380000114,30.017106917,179.5510406,-16.9500027,0.147376746,0.003875140,-0.000577415,0.989072621,0.999969304,0.000000000,-0.007835785,0.002284422,0.956559539,0.291528165,0.007495395,-0.291537106,0.956530154,70.0000000,1280,720,minecraft:overworld,flashback_export_aligned
1,20260914-194915-flashback_export,flashback_export,283,31742507661100,84.935068911,-58.380000114,30.017098889,179.5510406,-16.9500027,0.147376746,0.003875140,-0.000577415,0.989072621,0.999969304,0.000000000,-0.007835785,0.002284422,0.956559539,0.291528165,0.007495395,-0.291537106,0.956530154,70.0000000,1280,720,minecraft:overworld,flashback_export_aligned
1,20260914-194915-flashback_export,flashback_export,284,31742526517300,84.936102671,-58.380000114,30.017090860,179.5510406,-16.9500027,0.147376746,0.003875140,-0.000577415,0.989072621,0.999969304,0.000000000,-0.007835785,0.002284422,0.956559539,0.291528165,0.007495395,-0.291537106,0.956530154,70.0000000,1280,720,minecraft:overworld,flashback_export_aligned
1,20260914-194915-flashback_export,flashback_export,285,31742549831800,84.937157678,-58.380000114,30.017082667,179.5510406,-16.9500027,0.147376746,0.003875140,-0.000577415,0.989072621,0.999969304,0.000000000,-0.007835785,0.002284422,0.956559539,0.291528165,0.007495395,-0.291537106,0.956530154,70.0000000,1280,720,minecraft:overworld,flashback_export_aligned
1,20260914-194915-flashback_export,flashback_export,286,31742568597400,84.937157678,-58.380000114,30.017082667,179.5510406,-16.9500027,0.147376746,0.003875140,-0.000577415,0.989072621,0.999969304,0.000000000,-0.007835785,0.002284422,0.956559539,0.291528165,0.007495395,-0.291537106,0.956530154,70.0000000,1280,720,minecraft:overworld,flashback_export_aligned
1,20260914-194915-flashback_export,flashback_export,287,31742587709600,84.937157678,-58.380000114,30.017082667,179.5510406,-16.9500027,0.147376746,0.003875140,-0.000577415,0.989072621,0.999969304,0.000000000,-0.007835785,0.002284422,0.956559539,0.291528165,0.007495395,-0.291537106,0.956530154,70.0000000,1280,720,minecraft:overworld,flashback_export_aligned
1,20260914-194915-flashback_export,flashback_export,288,31742608029300,84.937157678,-58.380000114,30.017082667,179.5510406,-16.9500027,0.147376746,0.003875140,-0.000577415,0.989072621,0.999969304,0.000000000,-0.007835785,0.002284422,0.956559539,0.291528165,0.007495395,-0.291537106,0.956530154,70.0000000,1280,720,minecraft:overworld,flashback_export_aligned
1,20260914-194915-flashback_export,flashback_export,289,31742628143600,84.937157678,-58.380000114,30.017082667,179.5510406,-16.9500027,0.147376746,0.003875140,-0.000577415,0.989072621,0.999969304,0.000000000,-0.007835785,0.002284422,0.956559539,0.291528165,0.007495395,-0.291537106,0.956530154,70.0000000,1280,720,minecraft:overworld,flashback_export_aligned
1,20260914-194915-flashback_export,flashback_export,290,31742649623100,84.937157678,-58.380000114,30.017082667,179.5510406,-16.9500027,0.147376746,0.003875140,-0.000577415,0.989072621,0.999969304,0.000000000,-0.007835785,0.002284422,0.956559539,0.291528165,0.007495395,-0.291537106,0.956530154,70.0000000,1280,720,minecraft:overworld,flashback_export_aligned
1,20260914-194915-flashback_export,flashback_export,291,31742670955600,84.937157678,-58.380000114,30.017082667,179.5510406,-16.9500027,0.147376746,0.003875140,-0.000577415,0.989072621,0.999969304,0.000000000,-0.007835785,0.002284422,0.956559539,0.291528165,0.007495395,-0.291537106,0.956530154,70.0000000,1280,720,minecraft:overworld,flashback_export_aligned
1,20260914-194915-flashback_export,flashback_export,292,31742674593100,84.937157678,-58.380000114,30.017082667,179.5510406,-16.9500027,0.147376746,0.003875140,-0.000577415,0.989072621,0.999969304,0.000000000,-0.007835785,0.002284422,0.956559539,0.291528165,0.007495395,-0.291537106,0.956530154,70.0000000,1280,720,minecraft:overworld,flashback_export_aligned
1,20260914-194915-flashback_export,flashback_export,293,31742712632900,84.937157678,-58.380000114,30.017082667,179.5510406,-16.9500027,0.147376746,0.003875140,-0.000577415,0.989072621,0.999969304,0.000000000,-0.007835785,0.002284422,0.956559539,0.291528165,0.007495395,-0.291537106,0.956530154,70.0000000,1280,720,minecraft:overworld,flashback_export_aligned
1,20260914-194915-flashback_export,flashback_export,294,31742737094400,84.937157678,-58.380000114,30.017082667,179.5510406,-16.9500027,0.147376746,0.003875140,-0.000577415,0.989072621,0.999969304,0.000000000,-0.007835785,0.002284422,0.956559539,0.291528165,0.007495395,-0.291537106,0.956530154,70.0000000,1280,720,minecraft:overworld,flashback_export_aligned
1,20260914-194915-flashback_export,flashback_export,295,31742757099300,84.937157678,-58.380000114,30.017082667,179.5510406,-16.9500027,0.147376746,0.003875140,-0.000577415,0.989072621,0.999969304,0.000000000,-0.007835785,0.002284422,0.956559539,0.291528165,0.007495395,-0.291537106,0.956530154,70.0000000,1280,720,minecraft:overworld,flashback_export_aligned
1,20260914-194915-flashback_export,flashback_export,296,31742761731900,84.937157678,-58.380000114,30.017082667,179.5510406,-16.9500027,0.147376746,0.003875140,-0.000577415,0.989072621,0.999969304,0.000000000,-0.007835785,0.002284422,0.956559539,0.291528165,0.007495395,-0.291537106,0.956530154,70.0000000,1280,720,minecraft:overworld,flashback_export_aligned
1,20260914-194915-flashback_export,flashback_export,297,31742798105400,84.937157678,-58.380000114,30.017082667,179.5510406,-16.9500027,0.147376746,0.003875140,-0.000577415,0.989072621,0.999969304,0.000000000,-0.007835785,0.002284422,0.956559539,0.291528165,0.007495395,-0.291537106,0.956530154,70.0000000,1280,720,minecraft:overworld,flashback_export_aligned
1,20260914-194915-flashback_export,flashback_export,298,31742816686600,84.937157678,-58.380000114,30.017082667,179.5510406,-16.9500027,0.147376746,0.003875140,-0.000577415,0.989072621,0.999969304,0.000000000,-0.007835785,0.002284422,0.956559539,0.291528165,0.007495395,-0.291537106,0.956530154,70.0000000,1280,720,minecraft:overworld,flashback_export_aligned
1,20260914-194915-flashback_export,flashback_export,299,31742836335800,84.937157678,-58.380000114,30.017082667,179.5510406,-16.9500027,0.147376746,0.003875140,-0.000577415,0.989072621,0.999969304,0.000000000,-0.007835785,0.002284422,0.956559539,0.291528165,0.007495395,-0.291537106,0.956530154,70.0000000,1280,720,minecraft:overworld,flashback_export_aligned
1,20260914-194915-flashback_export,flashback_export,300,31742856753800,84.937157678,-58.380000114,30.017082667,179.5510406,-16.9500027,0.147376746,0.003875140,-0.000577415,0.989072621,0.999969304,0.000000000,-0.007835785,0.002284422,0.956559539,0.291528165,0.007495395,-0.291537106,0.956530154,70.0000000,1280,720,minecraft:overworld,flashback_export_aligned
1,20260914-194915-flashback_export,flashback_export,301,31742875488600,84.937157678,-58.380000114,30.017082667,179.5510406,-16.9500027,0.147376746,0.003875140,-0.000577415,0.989072621,0.999969304,0.000000000,-0.007835785,0.002284422,0.956559539,0.291528165,0.007495395,-0.291537106,0.956530154,70.0000000,1280,720,minecraft:overworld,flashback_export_aligned
1,20260914-194915-flashback_export,flashback_export,302,31742896830600,84.937157678,-58.380000114,30.017082667,179.5510406,-16.9500027,0.147376746,0.003875140,-0.000577415,0.989072621,0.999969304,0.000000000,-0.007835785,0.002284422,0.956559539,0.291528165,0.007495395,-0.291537106,0.956530154,70.0000000,1280,720,minecraft:overworld,flashback_export_aligned
1,20260914-194915-flashback_export,flashback_export,303,31742917507400,84.937157678,-58.380000114,30.017082667,179.5510406,-16.9500027,0.147376746,0.003875140,-0.000577415,0.989072621,0.999969304,0.000000000,-0.007835785,0.002284422,0.956559539,0.291528165,0.007495395,-0.291537106,0.956530154,70.0000000,1280,720,minecraft:overworld,flashback_export_aligned
1,20260914-194915-flashback_export,flashback_export,304,31742935462600,84.937157678,-58.380000114,30.017082667,179.5510406,-16.9500027,0.147376746,0.003875140,-0.000577415,0.989072621,0.999969304,0.000000000,-0.007835785,0.002284422,0.956559539,0.291528165,0.007495395,-0.291537106,0.956530154,70.0000000,1280,720,minecraft:overworld,flashback_export_aligned
1,20260914-194915-flashback_export,flashback_export,305,31742939327100,84.937157678,-58.380000114,30.017082667,179.5510406,-16.9500027,0.147376746,0.003875140,-0.000577415,0.989072621,0.999969304,0.000000000,-0.007835785,0.002284422,0.956559539,0.291528165,0.007495395,-0.291537106,0.956530154,70.0000000,1280,720,minecraft:overworld,flashback_export_aligned
1,20260914-194915-flashback_export,flashback_export,306,31742976217200,84.937157678,-58.380000114,30.017082667,179.5510406,-16.9500027,0.147376746,0.003875140,-0.000577415,0.989072621,0.999969304,0.000000000,-0.007835785,0.002284422,0.956559539,0.291528165,0.007495395,-0.291537106,0.956530154,70.0000000,1280,720,minecraft:overworld,flashback_export_aligned
1,20260914-194915-flashback_export,flashback_export,307,31742981842300,84.937157678,-58.380000114,30.017082667,179.3210144,-16.9500027,0.147375286,0.005860561,-0.000873253,0.989062846,0.999929786,-0.000000000,-0.011850320,0.003454808,0.956559539,0.291516632,0.011335536,-0.291537076,0.956492364,70.0000000,1280,720,minecraft:overworld,flashback_export_aligned
1,20260914-194915-flashback_export,flashback_export,308,31743000057900,84.937157678,-58.380000114,30.017082667,179.0910034,-16.9500027,0.147373244,0.007845840,-0.001169069,0.989049137,0.999874175,0.000000000,-0.015864423,0.004625068,0.956559539,0.291500390,0.015175264,-0.291537106,0.956439137,70.0000000,1280,720,minecraft:overworld,flashback_export_aligned
1,20260914-194915-flashback_export,flashback_export,309,31743034195500,84.937157678,-58.380000114,30.017082667,178.8010406,-16.9500027,0.147369802,0.010348557,-0.001541986,0.989026070,0.999781072,-0.000000000,-0.020924473,0.006100260,0.956559539,0.291473269,0.020015502,-0.291537106,0.956350088,70.0000000,1280,720,minecraft:overworld,flashback_export_aligned
1,20260914-194915-flashback_export,flashback_export,310,31743037783800,84.937157678,-58.380000114,30.017082667,178.1227417,-16.8746357,0.146707654,0.016204188,-0.002403612,0.989044249,0.999463320,-0.000000000,-0.032758575,0.009509114,0.956942201,0.290122807,0.031348061,-0.290278614,0.956428587,70.0000000,1280,720,minecraft:overworld,flashback_export_aligned
1,20260914-194915-flashback_export,flashback_export,311,31743054179200,84.937157678,-58.380000114,30.017082667,177.4444427,-16.7992706,0.146040395,0.022060504,-0.003257468,0.989027262,0.999005437,-0.000000000,-0.044588324,0.012886899,0.957323194,0.288732141,0.042685438,-0.289019614,0.956371069,70.0000000,1280,720,minecraft:overworld,flashback_export_aligned
1,20260914-194915-flashback_export,flashback_export,312,31743087737700,84.937157678,-58.380000114,30.017082667,176.1010437,-16.6500034,0.144704178,0.033659812,-0.004925437,0.988890052,0.997685492,-0.000000000,-0.067997158,0.019482860,0.958072841,0.285861433,0.065146238,-0.286524594,0.955855429,70.0000000,1280,720,minecraft:overworld,flashback_export_aligned
1,20260914-194915-flashback_export,flashback_export,313,31743091367800,84.937157678,-58.380000114,30.017082667,176.1010437,-16.6500034,0.144704178,0.033659812,-0.004925437,0.988890052,0.997685492,-0.000000000,-0.067997158,0.019482860,0.958072841,0.285861433,0.065146238,-0.286524594,0.955855429,70.0000000,1280,720,minecraft:overworld,flashback_export_aligned
1,20260914-194915-flashback_export,flashback_export,314,31743108262600,84.937157678,-58.380000114,30.017082667,176.1010437,-16.6500034,0.144704178,0.033659812,-0.004925437,0.988890052,0.997685492,-0.000000000,-0.067997158,0.019482860,0.958072841,0.285861433,0.065146238,-0.286524594,0.955855429,70.0000000,1280,720,minecraft:overworld,flashback_export_aligned
1,20260914-194915-flashback_export,flashback_export,315,31743143641900,84.937157678,-58.380000114,30.017082667,176.1010437,-16.6500034,0.144704178,0.033659812,-0.004925437,0.988890052,0.997685492,-0.000000000,-0.067997158,0.019482860,0.958072841,0.285861433,0.065146238,-0.286524594,0.955855429,70.0000000,1280,720,minecraft:overworld,flashback_export_aligned
1,20260914-194915-flashback_export,flashback_export,316,31743160542900,84.937157678,-58.380000114,30.017082667,175.9577637,-16.6022415,0.144285753,0.034898404,-0.005091824,0.988907397,0.997512400,0.000000001,-0.070491940,0.020141371,0.958311439,0.285015106,0.067553222,-0.285725892,0.955927491,70.0000000,1280,720,minecraft:overworld,flashback_export_aligned
1,20260914-194915-flashback_export,flashback_export,317,31743165366200,84.937157678,-58.380000114,30.017082667,175.8144684,-16.5544796,0.143867090,0.036137205,-0.005257188,0.988923073,0.997332931,-0.000000001,-0.072986491,0.020795817,0.958549261,0.284166992,0.069961153,-0.284926891,0.955992758,70.0000000,1280,720,minecraft:overworld,flashback_export_aligned
1,20260914-194915-flashback_export,flashback_export,318,31743200582200,84.937157678,-58.380000114,30.017082667,175.6510468,-16.5000038,0.143389329,0.037550066,-0.005444502,0.988938749,0.997120738,0.000000001,-0.075830795,0.021537114,0.958819747,0.283197641,0.072708063,-0.284015417,0.956058979,70.0000000,1280,720,minecraft:overworld,flashback_export_aligned
1,20260914-194915-flashback_export,flashback_export,319,31743218011400,84.937157678,-58.380000114,30.017082667,175.1919250,-16.4234848,0.142706081,0.041516066,-0.005991242,0.988875866,0.996481001,0.000000001,-0.083818443,0.023698378,0.959198117,0.281739742,0.080398493,-0.282734662,0.955822766,70.0000000,1280,720,minecraft:overworld,flashback_export_aligned
1,20260914-194915-flashback_export,flashback_export,320,31743235284100,84.937157678,-58.380000114,30.017082667,174.7328186,-16.3469639,0.142020658,0.045481913,-0.006532558,0.988796651,0.995777428,-0.000000000,-0.091800243,0.025837485,0.959574878,0.280264884,0.088089213,-0.281453341,0.955523014,70.0000000,1280,720,minecraft:overworld,flashback_export_aligned
1,20260914-194915-flashback_export,flashback_export,321,31743255154100,84.937157678,-58.380000114,30.017082667,173.8510590,-16.2000046,0.140698463,0.053098861,-0.007557089,0.988598704,0.994246721,-0.000000001,-0.107113458,0.029883709,0.960293591,0.277386069,0.102860369,-0.278991163,0.954768836,70.0000000,1280,720,minecraft:overworld,flashback_export_aligned
1,20260914-194915-flashback_export,flashback_export,322,31743277678700,84.937157678,-58.380000114,30.017082667,173.7517395,-16.2000046,0.140691862,0.053955730,-0.007679039,0.988552332,0.994059622,-0.000000000,-0.108836867,0.030364525,0.960293651,0.277333856,0.104515351,-0.278991163,0.954589188,70.0000000,1280,720,minecraft:overworld,flashback_export_aligned
1,20260914-194915-flashback_export,flashback_export,323,31743284296200,84.937157678,-58.380000114,30.017082667,173.6524353,-16.2000046,0.140685156,0.054812320,-0.007800950,0.988505185,0.993869483,-0.000000000,-0.110559464,0.030845115,0.960293591,0.277280807,0.106169552,-0.278991163,0.954406559,70.0000000,1280,720,minecraft:overworld,flashback_export_aligned
1,20260914-194915-flashback_export,flashback_export,324,31743323081400,84.937157678,-58.380000114,30.017082667,173.5510712,-16.2000046,0.140678197,0.055686783,-0.007925405,0.988456309,0.993672311,-0.000000000,-0.112317748,0.031335663,0.960293651,0.277225792,0.107858025,-0.278991163,0.954217196,70.0000000,1280,720,minecraft:overworld,flashback_export_aligned
1,20260914-194915-flashback_export,flashback_export,325,31743327310800,84.937157678,-58.380000114,30.017082667,173.4020996,-16.1503448,0.140239432,0.056975216,-0.008083587,0.988443971,0.993376911,-0.000000000,-0.114900880,0.031960685,0.960535049,0.276316494,0.110366322,-0.278158754,0.954173386,70.0000000,1280,720,minecraft:overworld,flashback_export_aligned
1,20260914-194915-flashback_export,flashback_export,326,31743361629600,84.937157678,-58.380000114,30.017082667,173.2531128,-16.1006851,0.139800474,0.058263812,-0.008240656,0.988429666,0.993074894,-0.000000002,-0.117483467,0.032581236,0.960775912,0.275405645,0.112875283,-0.277326167,0.954122365,70.0000000,1280,720,minecraft:overworld,flashback_export_aligned
1,20260914-194915-flashback_export,flashback_export,327,31743382532600,84.937157678,-58.380000114,30.017082667,173.1010742,-16.0500050,0.139352292,0.059578933,-0.008399787,0.988413274,0.992759645,-0.000000002,-0.120118275,0.033209845,0.961020827,0.274474412,0.115436152,-0.276476234,0.954062641,70.0000000,1280,720,minecraft:overworld,flashback_export_aligned
1,20260914-194915-flashback_export,flashback_export,328,31743400745500,84.937157678,-58.380000114,30.017082667,172.6541290,-15.9010258,0.138033628,0.063445255,-0.008860774,0.988353610,0.991792321,0.000000002,-0.127858862,0.035030313,0.961736381,0.271727711,0.122966520,-0.273976415,0.953842819,70.0000000,1280,720,minecraft:overworld,flashback_export_aligned
1,20260914-194915-flashback_export,flashback_export,329,31743418646600,84.937157678,-58.380000114,30.017082667,172.2071991,-15.7520475,0.136713296,0.067311674,-0.009311558,0.988277256,0.990764916,-0.000000000,-0.135591224,0.036809605,0.962445617,0.268967748,0.130499169,-0.271474838,0.953557253,70.0000000,1280,720,minecraft:overworld,flashback_export_aligned
1,20260914-194915-flashback_export,flashback_export,330,31743438777600,84.937157678,-58.380000114,30.017082667,171.7510681,-15.6000061,0.135364145,0.071258001,-0.009761135,0.988181949,0.989654005,0.000000002,-0.143474355,0.038583115,0.963162541,0.266137689,0.138189122,-0.268919915,0.953197658,70.0000000,1280,720,minecraft:overworld,flashback_export_aligned
1,20260914-194915-flashback_export,flashback_export,331,31743457690800,84.937157678,-58.380000114,30.017082667,171.3365479,-15.5623226,0.135003075,0.074835427,-0.010226113,0.987962127,0.988590181,-0.000000000,-0.150630265,0.040412053,0.963339210,0.265225321,0.145108044,-0.268286437,0.952347696,70.0000000,1280,720,minecraft:overworld,flashback_export_aligned
1,20260914-194915-flashback_export,flashback_export,332,31743478189200,84.937157678,-58.380000114,30.017082667,170.9220428,-15.5246401,0.134640381,0.078412190,-0.010688604,0.987729311,0.987474620,-0.000000000,-0.157778293,0.042229794,0.963515520,0.264300287,0.152021825,-0.267652750,0.951447070,70.0000000,1280,720,minecraft:overworld,flashback_export_aligned
1,20260914-194915-flashback_export,flashback_export,333,31743499202800,84.937157678,-58.380000114,30.017082667,170.1010742,-15.4500065,0.133917406,0.085494138,-0.011597253,0.987229705,0.985112488,0.000000002,-0.171910837,0.045796607,0.963863254,0.262431473,0.165698543,-0.266397446,0.949513733,70.0000000,1280,720,minecraft:overworld,flashback_export_aligned
1,20260914-194915-flashback_export,flashback_export,334,31743517929600,84.937157678,-58.380000114,30.017082667,169.9550018,-15.4500065,0.133902505,0.086752497,-0.011767950,0.987119913,0.984670997,-0.000000004,-0.174421743,0.046465505,0.963863194,0.262313843,0.168118700,-0.266397417,0.949088216,70.0000000,1280,720,minecraft:overworld,flashback_export_aligned
1,20260914-194915-flashback_export,flashback_export,335,31743536108600,84.937157678,-58.380000114,30.017082667,169.8089142,-15.4500065,0.133887395,0.088010833,-0.011938642,0.987008512,0.984223127,-0.000000000,-0.176931739,0.047134157,0.963863254,0.262194514,0.170538008,-0.266397417,0.948656499,70.0000000,1280,720,minecraft:overworld,flashback_export_aligned
1,20260914-194915-flashback_export,flashback_export,336,31743557123800,84.937157678,-58.380000114,30.017082667,169.6510773,-15.4500065,0.133870825,0.089370199,-0.012123039,0.986886322,0.983731985,0.000000002,-0.179642305,0.047856249,0.963863254,0.262063712,0.173150614,-0.266397446,0.948183119,70.0000000,1280,720,minecraft:overworld,flashback_export_aligned
1,20260914-194915-flashback_export,flashback_export,337,31743576178800,84.937157678,-58.380000114,30.017082667,169.3531189,-15.4500065,0.133838847,0.091935992,-0.012471088,0.986650646,0.982784450,-0.000000000,-0.184755623,0.049218420,0.963863254,0.261811256,0.178079158,-0.266397417,0.947269857,70.0000000,1280,720,minecraft:overworld,flashback_export_aligned
1,20260914-194915-flashback_export,flashback_export,338,31743597846000,84.937157678,-58.380000114,30.017082667,169.0551605,-15.4500065,0.133805975,0.094501160,-0.012819053,0.986408234,0.981810451,0.000000002,-0.189863980,0.050579280,0.963863254,0.261551797,0.183002919,-0.266397476,0.946331024,70.0000000,1280,720,minecraft:overworld,flashback_export_aligned
1,20260914-194915-flashback_export,flashback_export,339,31743620993500,84.937157678,-58.380000114,30.017082667,168.7510681,-15.4500065,0.133771479,0.097118467,-0.013174091,0.986154020,0.980788887,-0.000000004,-0.195072129,0.051966719,0.963863254,0.261279643,0.188022867,-0.266397417,0.945346355,70.0000000,1280,720,minecraft:overworld,flashback_export_aligned
1,20260914-194915-flashback_export,flashback_export,340,31743642900100,84.937157678,-58.380000114,30.017082667,168.4169617,-15.4128828,0.133413106,0.099997692,-0.013531666,0.985909820,0.979634702,0.000000002,-0.200788036,0.053364016,0.964035690,0.260360360,0.193566844,-0.265772879,0.944402814,70.0000000,1280,720,minecraft:overworld,flashback_export_aligned
1,20260914-194915-flashback_export,flashback_export,341,31743647459500,84.937157678,-58.380000114,30.017082667,168.0828552,-15.3757591,0.133053780,0.102876306,-0.013887262,0.985657275,0.978447258,-0.000000000,-0.206497088,0.054752331,0.964207709,0.259433568,0.199106082,-0.265148222,0.943426371,70.0000000,1280,720,minecraft:overworld,flashback_export_aligned
1,20260914-194915-flashback_export,flashback_export,342,31743683657600,84.937157678,-58.380000114,30.017082667,167.4010773,-15.3000069,0.132317603,0.108748421,-0.014606744,0.985115528,0.975920856,-0.000000000,-0.218124956,0.057557315,0.964557409,0.257519305,0.210394025,-0.263873160,0.941331685,70.0000000,1280,720,minecraft:overworld,flashback_export_aligned
1,20260914-194915-flashback_export,flashback_export,343,31743702136200,84.937157678,-58.380000114,30.017082667,166.9945221,-15.2096605,0.131488532,0.112254672,-0.014987604,0.984827399,0.974348605,-0.000000002,-0.225044385,0.059040815,0.964972377,0.255622178,0.217161581,-0.262351900,0.940219402,70.0000000,1280,720,minecraft:overworld,flashback_export_aligned
1,20260914-194915-flashback_export,flashback_export,344,31743721241900,84.937157678,-58.380000114,30.017082667,166.5879669,-15.1193142,0.130658343,0.115760058,-0.015362737,0.984526277,0.972727180,-0.000000000,-0.231952175,0.060500070,0.965384781,0.253716350,0.223923102,-0.260829926,0.939055979,70.0000000,1280,720,minecraft:overworld,flashback_export_aligned
1,20260914-194915-flashback_export,flashback_export,345,31743742092300,84.937157678,-58.380000114,30.017082667,166.0510864,-15.0000067,0.129560411,0.120388135,-0.015849406,0.984108567,0.970510960,-0.000000000,-0.241056874,0.062390137,0.965925753,0.251186848,0.232843056,-0.258819163,0.937441587,70.0000000,1280,720,minecraft:overworld,flashback_export_aligned
1,20260914-194915-flashback_export,flashback_export,346,31743765655000,84.937157678,-58.380000114,30.017082667,165.7119446,-14.9246407,0.128865898,0.123310708,-0.016151670,0.983832896,0.969067156,-0.000000000,-0.246797070,0.063562177,0.966265380,0.249581665,0.238471463,-0.257548362,0.936376095,70.0000000,1280,720,minecraft:overworld,flashback_export_aligned
1,20260914-194915-flashback_export,flashback_export,347,31743785508700,84.937157678,-58.380000114,30.017082667,165.3727875,-14.8492746,0.128170684,0.126232877,-0.016449988,0.983548105,0.967589378,-0.000000000,-0.252529055,0.064717427,0.966603398,0.247971043,0.244095445,-0.256277174,0.935275137,70.0000000,1280,720,minecraft:overworld,flashback_export_aligned
1,20260914-194915-flashback_export,flashback_export,348,31743808790600,84.937157678,-58.380000114,30.017082667,164.7010956,-14.7000074,0.126791760,0.132018179,-0.017029038,0.982957363,0.964562416,-0.000000000,-0.263854742,0.066955261,0.967267692,0.244765460,0.255218148,-0.253758043,0.932990074,70.0000000,1280,720,minecraft:overworld,flashback_export_aligned
1,20260914-194915-flashback_export,flashback_export,349,31743831726600,84.937157678,-58.380000114,30.017082667,164.5503540,-14.6246414,0.126122862,0.133322418,-0.017108135,0.982865989,0.963864863,-0.000000000,-0.266391575,0.067260012,0.967600644,0.243361920,0.257760644,-0.252485514,0.932636261,70.0000000,1280,720,minecraft:overworld,flashback_export_aligned
1,20260914-194915-flashback_export,flashback_export,350,31743851808100,84.937157678,-58.380000114,30.017082667,164.3996277,-14.5492754,0.125453904,0.134626433,-0.017185476,0.982772470,0.963160753,-0.000000000,-0.268926293,0.067557648,0.967931986,0.241958037,0.260302335,-0.251212507,0.932274103,70.0000000,1280,720,minecraft:overworld,flashback_export_aligned
1,20260914-194915-flashback_export,flashback_export,351,31743875808300,84.937157678,-58.380000114,30.017082667,164.1010895,-14.4000082,0.124128893,0.137208983,-0.017333535,0.982580841,0.961746454,-0.000000004,-0.273941040,0.068126403,0.968583107,0.239176750,0.265334666,-0.248690009,0.931531429,70.0000000,1280,720,minecraft:overworld,flashback_export_aligned
1,20260914-194915-flashback_export,flashback_export,352,31743882996200,84.937157678,-58.380000114,30.017082667,163.7619324,-14.3623247,0.123754077,0.140122369,-0.017654769,0.982211232,0.960108101,0.000000004,-0.279629260,0.069362856,0.968746543,0.238157660,0.270889848,-0.248052984,0.930101395,70.0000000,1280,720,minecraft:overworld,flashback_export_aligned
1,20260914-194915-flashback_export,flashback_export,353,31743917170700,84.937157678,-58.380000114,30.017082667,163.4227905,-14.3246422,0.123378411,0.143034518,-0.017973905,0.981832862,0.958436191,-0.000000000,-0.285307199,0.070589490,0.968909442,0.237132207,0.276436836,-0.247415766,0.928637803,70.0000000,1280,720,minecraft:overworld,flashback_export_aligned
1,20260914-194915-flashback_export,flashback_export,354,31743937763100,84.937157678,-58.380000114,30.017082667,162.7510834,-14.2500086,0.122631997,0.148799449,-0.018599899,0.981057703,0.955025494,-0.000000004,-0.296523541,0.072990291,0.969230831,0.235082790,0.287399799,-0.246153399,0.925640166,70.0000000,1280,720,minecraft:overworld,flashback_export_aligned
1,20260914-194915-flashback_export,flashback_export,355,31743956436300,84.937157678,-58.380000114,30.017082667,162.3056030,-14.2128849,0.122241125,0.152618378,-0.019027052,0.980511427,0.952691257,-0.000000000,-0.303939939,0.074624978,0.969390213,0.233909905,0.294636369,-0.245525420,0.923529565,70.0000000,1280,720,minecraft:overworld,flashback_export_aligned
1,20260914-194915-flashback_export,flashback_export,356,31743976282700,84.937157678,-58.380000114,30.017082667,161.8601227,-14.1757612,0.121848769,0.156435415,-0.019451458,0.979950309,0.950299203,-0.000000000,-0.311338097,0.076245844,0.969549000,0.232725650,0.301857561,-0.244897246,0.921361685,70.0000000,1280,720,minecraft:overworld,flashback_export_aligned
1,20260914-194915-flashback_export,flashback_export,357,31743999552100,84.937157678,-58.380000114,30.017082667,160.9510803,-14.1000090,0.121043630,0.164217591,-0.020308880,0.978758693,0.945240259,-0.000000000,-0.326375306,0.079509974,0.969871998,0.230274856,0.316542268,-0.243615150,0.916762054,70.0000000,1280,720,minecraft:overworld,flashback_export_aligned
1,20260914-194915-flashback_export,flashback_export,358,31744019814300,84.937157678,-58.380000114,30.017082667,160.4537048,-14.0617495,0.120627783,0.168471321,-0.020777835,0.978076994,0.942371488,-0.000000000,-0.334568650,0.081289299,0.970034480,0.228965610,0.324543089,-0.242967486,0.914132774,70.0000000,1280,720,minecraft:overworld,flashback_export_aligned
1,20260914-194915-flashback_export,flashback_export,359,31744038631700,84.937157678,-58.380000114,30.017082667,159.9563293,-14.0234890,0.120210141,0.172722071,-0.021243542,0.977376759,0.939431608,-0.000000000,-0.342736453,0.083051778,0.970196486,0.227642730,0.332521707,-0.242319658,0.911433220,70.0000000,1280,720,minecraft:overworld,flashback_export_aligned
1,20260914-194915-flashback_export,flashback_export,360,31744062083300,84.937157678,-58.380000114,30.017082667,159.0010834,-13.9500093,0.119403072,0.180877686,-0.022128893,0.975979805,0.933587134,-0.000000000,-0.358350426,0.086389400,0.970506430,0.225064695,0.347781390,-0.241075188,0.906052351,70.0000000,1280,720,minecraft:overworld,flashback_export_aligned
1,20260914-194915-flashback_export,flashback_export,361,31744082058500,84.937157678,-58.380000114,30.017082667,158.7145081,-13.9022474,0.118940756,0.183327153,-0.022351015,0.975574017,0.931783140,-0.000000000,-0.363015294,0.087220281,0.970707059,0.223875925,0.352381527,-0.240266129,0.904488504,70.0000000,1280,720,minecraft:overworld,flashback_export_aligned
1,20260914-194915-flashback_export,flashback_export,362,31744101286500,84.937157678,-58.380000114,30.017082667,158.4279327,-13.8544855,0.118478045,0.185775802,-0.022570973,0.975161970,0.929955781,-0.000000000,-0.367671311,0.088041417,0.970906973,0.222684279,0.356974661,-0.239456847,0.902900577,70.0000000,1280,720,minecraft:overworld,flashback_export_aligned
1,20260914-194915-flashback_export,flashback_export,363,31744122476800,84.937157678,-58.380000114,30.017082667,158.1010895,-13.8000097,0.117949851,0.188567281,-0.022819165,0.974684298,0.927843392,-0.000000000,-0.372970223,0.088965937,0.971134305,0.221321866,0.362204134,-0.238533661,0.901060522,70.0000000,1280,720,minecraft:overworld,flashback_export_aligned
1,20260914-194915-flashback_export,flashback_export,364,31744147346700,84.937157678,-58.380000114,30.017082667,157.6419678,-13.7617502,0.117532298,0.192478716,-0.023227297,0.973960280,0.924824893,0.000000004,-0.380393147,0.090489864,0.971293330,0.220002070,0.369473338,-0.237885103,0.898276210,70.0000000,1280,720,minecraft:overworld,flashback_export_aligned
1,20260914-194915-flashback_export,flashback_export,365,31744171419500,84.937157678,-58.380000114,30.017082667,157.1828613,-13.7234898,0.117113352,0.196387231,-0.023632431,0.973220468,0.921747088,-0.000000000,-0.387791425,0.091998257,0.971451879,0.218671978,0.376720756,-0.237236410,0.895433009,70.0000000,1280,720,minecraft:overworld,flashback_export_aligned
1,20260914-194915-flashback_export,flashback_export,366,31744195845800,84.937157678,-58.380000114,30.017082667,156.3011017,-13.6500101,0.116304941,0.203885689,-0.024402145,0.971755207,0.915670395,-0.000000000,-0.401930243,0.094851673,0.971755445,0.216089413,0.390577883,-0.235990435,0.889807642,70.0000000,1280,720,minecraft:overworld,flashback_export_aligned
1,20260914-194915-flashback_export,flashback_export,367,31744218668200,84.937157678,-58.380000114,30.017082667,155.8419800,-13.6882696,0.116530411,0.207769185,-0.024937309,0.970891774,0.912420154,-0.000000000,-0.409254640,0.096845701,0.971597552,0.215914398,0.397630841,-0.236639202,0.886505187,70.0000000,1280,720,minecraft:overworld,flashback_export_aligned
1,20260914-194915-flashback_export,flashback_export,368,31744238470800,84.937157678,-58.380000114,30.017082667,155.3828583,-13.7265301,0.116753437,0.211649016,-0.025474671,0.970012546,0.909111440,-0.000000000,-0.416552901,0.098843001,0.971439302,0.215721220,0.404655874,-0.237287968,0.883146644,70.0000000,1280,720,minecraft:overworld,flashback_export_aligned
1,20260914-194915-flashback_export,flashback_export,369,31744262018600,84.937157678,-58.380000114,30.017082667,154.5010834,-13.8000097,0.117174879,0.219089925,-0.026512813,0.968280315,0.902593374,0.000000004,-0.430494189,0.102687344,0.971134245,0.215298876,0.418067634,-0.238533631,0.876539350,70.0000000,1280,720,minecraft:overworld,flashback_export_aligned
1,20260914-194915-flashback_export,flashback_export,370,31744285307700,84.937157678,-58.380000114,30.017082667,154.0112000,-13.8753757,0.117696650,0.223209456,-0.027160296,0.967257679,0.898879766,0.000000004,-0.438195467,0.105084017,0.970819712,0.215561107,0.425408781,-0.239810839,0.872650146,70.0000000,1280,720,minecraft:overworld,flashback_export_aligned
1,20260914-194915-flashback_export,flashback_export,371,31744304322300,84.937157678,-58.380000114,30.017082667,153.5213165,-13.9507418,0.118214957,0.227324262,-0.027812725,0.966216981,0.895100296,0.000000004,-0.445864946,0.107492521,0.970503390,0.215797603,0.432713419,-0.241087645,0.868697822,70.0000000,1280,720,minecraft:overworld,flashback_export_aligned
1,20260914-194915-flashback_export,flashback_export,372,31744325868600,84.937157678,-58.380000114,30.017082667,152.5510712,-14.1000090,0.119231172,0.235459223,-0.029119372,0.964103162,0.887422025,-0.000000000,-0.460957855,0.112296313,0.969871938,0.216189444,0.447070092,-0.243615150,0.860685706,70.0000000,1280,720,minecraft:overworld,flashback_export_aligned
1,20260914-194915-flashback_export,flashback_export,373,31744344809500,84.937157678,-58.380000114,30.017082667,152.2872925,-14.1376925,0.119480699,0.237668201,-0.029471915,0.963519394,0.885290504,0.000000004,-0.465038478,0.113587052,0.969711602,0.216234863,0.450953186,-0.244253010,0.858476400,70.0000000,1280,720,minecraft:overworld,flashback_export_aligned
1,20260914-194915-flashback_export,flashback_export,374,31744350236400,84.937157678,-58.380000114,30.017082667,152.0235138,-14.1753750,0.119729184,0.239875749,-0.029825754,0.962930441,0.883140147,-0.000000000,-0.469109356,0.114880510,0.969550729,0.216272801,0.454825282,-0.244890690,0.856249154,70.0000000,1280,720,minecraft:overworld,flashback_export_aligned
1,20260914-194915-flashback_export,flashback_export,375,31744386257000,84.937157678,-58.380000114,30.017082667,151.5010834,-14.2500086,0.120218381,0.244243443,-0.030530378,0.961748719,0.878826141,-0.000000000,-0.477142274,0.117450207,0.969230890,0.216326058,0.462460995,-0.246153444,0.851785421,70.0000000,1280,720,minecraft:overworld,flashback_export_aligned
1,20260914-194915-flashback_export,flashback_export,376,31744405292500,84.937157678,-58.380000114,30.017082667,151.1730194,-14.2500086,0.120130487,0.246995866,-0.030874429,0.961045563,0.876079619,0.000000004,-0.482166409,0.118686914,0.969230890,0.215650007,0.467330575,-0.246153429,0.849123418,70.0000000,1280,720,minecraft:overworld,flashback_export_aligned
1,20260914-194915-flashback_export,flashback_export,377,31744409125200,84.937157678,-58.380000114,30.017082667,150.8449402,-14.2500086,0.120041601,0.249746367,-0.031218242,0.960334480,0.873304307,-0.000000000,-0.487175018,0.119919799,0.969230831,0.214966863,0.472185045,-0.246153444,0.846433520,70.0000000,1280,720,minecraft:overworld,flashback_export_aligned
1,20260914-194915-flashback_export,flashback_export,378,31744445432200,84.937157678,-58.380000114,30.017082667,150.4510803,-14.2500086,0.119933583,0.253045589,-0.031630643,0.959470332,0.869934916,-0.000000000,-0.493166685,0.121394671,0.969230950,0.214137465,0.477992356,-0.246153444,0.843167782,70.0000000,1280,720,minecraft:overworld,flashback_export_aligned
1,20260914-194915-flashback_export,flashback_export,379,31744452291900,84.937157678,-58.380000114,30.017082667,149.8054962,-14.2500086,0.119753487,0.258446932,-0.032305811,0.958029568,0.864323020,-0.000000000,-0.502937078,0.123799689,0.969230890,0.212756097,0.487462133,-0.246153444,0.837728560,70.0000000,1280,720,minecraft:overworld,flashback_export_aligned
1,20260914-194915-flashback_export,flashback_export,380,31744486383300,84.937157678,-58.380000114,30.017082667,149.1599121,-14.2500086,0.119569585,0.263840169,-0.032979965,0.956558347,0.858601332,-0.000000000,-0.512643814,0.126189023,0.969230831,0.211347669,0.496870190,-0.246153414,0.832182944,70.0000000,1280,720,minecraft:overworld,flashback_export_aligned
1,20260914-194915-flashback_export,flashback_export,381,31744506257800,84.937157678,-58.380000114,30.017082667,148.5010681,-14.2500086,0.119377993,0.269335479,-0.033666879,0.955025613,0.852649808,-0.000000007,-0.522482693,0.128610894,0.969230831,0.209882677,0.506406367,-0.246153414,0.826414526,70.0000000,1280,720,minecraft:overworld,flashback_export_aligned
1,20260914-194915-flashback_export,flashback_export,382,31744524927300,84.937157678,-58.380000114,30.017082667,147.9271698,-14.2882681,0.119526282,0.274103612,-0.034355845,0.953624845,0.847373784,-0.000000000,-0.530996919,0.131050348,0.969066262,0.209132329,0.514571190,-0.246800587,0.821161330,70.0000000,1280,720,minecraft:overworld,flashback_export_aligned
1,20260914-194915-flashback_export,flashback_export,383,31744547127400,84.937157678,-58.380000114,30.017082667,147.3532562,-14.3265285,0.119670652,0.278864503,-0.035047147,0.952200115,0.842012584,-0.000000007,-0.539457977,0.133487612,0.968901336,0.208354056,0.522681534,-0.247447684,0.815827072,70.0000000,1280,720,minecraft:overworld,flashback_export_aligned
1,20260914-194915-flashback_export,flashback_export,384,31744568014600,84.937157678,-58.380000114,30.017082667,146.2510529,-14.4000082,0.119936816,0.287986964,-0.036381233,0.949397147,0.831479847,-0.000000000,-0.555554986,0.138160974,0.968583107,0.206780732,0.538101196,-0.248690009,0.805357337,70.0000000,1280,720,minecraft:overworld,flashback_export_aligned
1,20260914-194915-flashback_export,flashback_export,385,31744587653500,84.937157678,-58.380000114,30.017082667,145.6858063,-14.4000082,0.119755901,0.292666584,-0.036972407,0.947965086,0.825958610,-0.000000000,-0.563730776,0.140194207,0.968583107,0.205407649,0.546020091,-0.248690009,0.800009608,70.0000000,1280,720,minecraft:overworld,flashback_export_aligned
1,20260914-194915-flashback_export,flashback_export,386,31744591711500,84.937157678,-58.380000114,30.017082667,145.1205597,-14.4000082,0.119572073,0.297338992,-0.037562672,0.946509898,0.820357144,-0.000000000,-0.571851552,0.142213777,0.968583167,0.204014644,0.553885758,-0.248690024,0.794584095,70.0000000,1280,720,minecraft:overworld,flashback_export_aligned
1,20260914-194915-flashback_export,flashback_export,387,31744631630500,84.937157678,-58.380000114,30.017082667,144.0010529,-14.4000082,0.119199403,0.306571633,-0.038729023,0.943559945,0.809027851,0.000000007,-0.587770402,0.146172628,0.968583226,0.201197147,0.569304526,-0.248690039,0.783610702,70.0000000,1280,720,minecraft:overworld,flashback_export_aligned
1,20260914-194915-flashback_export,flashback_export,388,31744651256600,84.937157678,-58.380000114,30.017082667,143.3554840,-14.4000082,0.118979320,0.311882496,-0.039399941,0.941817820,0.802353978,0.000000007,-0.596848607,0.148430273,0.968583226,0.199537411,0.578097463,-0.248690024,0.777146518,70.0000000,1280,720,minecraft:overworld,flashback_export_aligned
1,20260914-194915-flashback_export,flashback_export,389,31744669699800,84.937157678,-58.380000114,30.017082667,142.7098999,-14.4000082,0.118755467,0.317183435,-0.040069606,0.940045834,0.795578241,-0.000000000,-0.605850935,0.150669083,0.968583226,0.197852358,0.586817026,-0.248690024,0.770583689,70.0000000,1280,720,minecraft:overworld,flashback_export_aligned
1,20260914-194915-flashback_export,flashback_export,390,31744689994100,84.937157678,-58.380000114,30.017082667,142.0510559,-14.4000082,0.118523121,0.322583050,-0.040751737,0.938206613,0.788559020,-0.000000000,-0.614959240,0.152934209,0.968583167,0.196106747,0.595639110,-0.248690024,0.763784945,70.0000000,1280,720,minecraft:overworld,flashback_export_aligned
1,20260914-194915-flashback_export,flashback_export,391,31744694652500,84.937157678,-58.380000114,30.017082667,141.5611725,-14.4376917,0.118655905,0.326577306,-0.041365445,0.936780095,0.783272326,-0.000000000,-0.621678770,0.155001298,0.968419313,0.195290953,0.602045715,-0.249327004,0.758536041,70.0000000,1280,720,minecraft:overworld,flashback_export_aligned
1,20260914-194915-flashback_export,flashback_export,392,31744727480800,84.937157678,-58.380000114,30.017082667,141.0712891,-14.4753742,0.118785553,0.330565333,-0.041981030,0.935336411,0.777928352,-0.000000000,-0.628353059,0.157065541,0.968255222,0.194453955,0.608406126,-0.249963850,0.753233194,70.0000000,1280,720,minecraft:overworld,flashback_export_aligned
1,20260914-194915-flashback_export,flashback_export,393,31744750211200,84.937157678,-58.380000114,30.017082667,140.1010437,-14.5500078,0.119033165,0.338444769,-0.043205705,0.932426691,0.767176807,-0.000000000,-0.641435683,0.161144614,0.967928767,0.192733899,0.620864093,-0.251224875,0.742572486,70.0000000,1280,720,minecraft:overworld,flashback_export_aligned
1,20260914-194915-flashback_export,flashback_export,394,31744768888500,84.937157678,-58.380000114,30.017082667,139.7995758,-14.5500078,0.118919089,0.340896666,-0.043518711,0.931533098,0.763791144,-0.000000000,-0.645463407,0.162156463,0.967928708,0.191883326,0.624762595,-0.251224875,0.739295423,70.0000000,1280,720,minecraft:overworld,flashback_export_aligned
1,20260914-194915-flashback_export,flashback_export,395,31744772333900,84.937157678,-58.380000114,30.017082667,139.4981079,-14.5500078,0.118804179,0.343346208,-0.043831419,0.930633008,0.760384381,-0.000000000,-0.649473369,0.163163856,0.967928767,0.191027477,0.628643930,-0.251224875,0.735997915,70.0000000,1280,720,minecraft:overworld,flashback_export_aligned
1,20260914-194915-flashback_export,flashback_export,396,31744807120300,84.937157678,-58.380000114,30.017082667,138.9010468,-14.5500078,0.118574195,0.348190367,-0.044449821,0.928831458,0.753575385,-0.000000000,-0.657361507,0.165145576,0.967928767,0.189316884,0.636279106,-0.251224875,0.729407310,70.0000000,1280,720,minecraft:overworld,flashback_export_aligned
1,20260914-194915-flashback_export,flashback_export,397,31744825698900,84.937157678,-58.380000114,30.017082667,138.3441925,-14.5500078,0.118356794,0.352699846,-0.045025498,0.927128494,0.747151077,-0.000000000,-0.664654315,0.166977689,0.967928767,0.187702939,0.643338025,-0.251224875,0.723188996,70.0000000,1280,720,minecraft:overworld,flashback_export_aligned
1,20260914-194915-flashback_export,flashback_export,398,31744845131700,84.937157678,-58.380000114,30.017082667,137.7873383,-14.5500078,0.118136592,0.357201099,-0.045600127,0.925403595,0.740656078,-0.000000000,-0.671884418,0.168794081,0.967928827,0.186071232,0.650336266,-0.251224905,0.716902316,70.0000000,1280,720,minecraft:overworld,flashback_export_aligned
1,20260914-194915-flashback_export,flashback_export,399,31744865815200,84.937157678,-58.380000114,30.017082667,136.6510468,-14.5500078,0.117678620,0.366359651,-0.046769306,0.921816111,0.727186501,-0.000000000,-0.686439991,0.172450811,0.967928767,0.182687327,0.664425015,-0.251224905,0.703864694,70.0000000,1280,720,minecraft:overworld,flashback_export_aligned
1,20260914-194915-flashback_export,flashback_export,400,31744884727500,84.937157678,-58.380000114,30.017082667,136.2301788,-14.5500078,0.117506057,0.369742870,-0.047201205,0.920464337,0.722124517,-0.000000000,-0.691763103,0.173788100,0.967928767,0.181415662,0.669577420,-0.251224905,0.698965073,70.0000000,1280,720,minecraft:overworld,flashback_export_aligned
1,20260914-194915-flashback_export,flashback_export,401,31744903081400,84.937157678,-58.380000114,30.017082667,135.8093262,-14.5500078,0.117331915,0.373120844,-0.047632433,0.919100225,0.717023969,-0.000000000,-0.697048485,0.175115928,0.967928767,0.180134267,0.674693286,-0.251224875,0.694028139,70.0000000,1280,720,minecraft:overworld,flashback_export_aligned
1,20260914-194915-flashback_export,flashback_export,402,31744924099100,84.937157678,-58.380000114,30.017082667,135.0010376,-14.5500078,0.116993017,0.379594505,-0.048458859,0.916445494,0.707119465,0.000000007,-0.707094073,0.177639633,0.967928708,0.177646011,0.684416652,-0.251224875,0.684441268,70.0000000,1280,720,minecraft:overworld,flashback_export_aligned
1,20260914-194915-flashback_export,flashback_export,403,31744929091600,84.937157678,-58.380000114,30.017082667,134.7714844,-14.5882673,0.117201440,0.381413281,-0.048820473,0.915644228,0.704280972,0.000000007,-0.709921420,0.178808749,0.967760801,0.177388102,0.687034070,-0.251871198,0.681575537,70.0000000,1280,720,minecraft:overworld,flashback_export_aligned
1,20260914-194915-flashback_export,flashback_export,404,31744962245800,84.937157678,-58.380000114,30.017082667,134.5419159,-14.6265278,0.117408857,0.383230507,-0.049183138,0.914839089,0.701430798,-0.000000000,-0.712737560,0.179978624,0.967592359,0.177123472,0.689639449,-0.252517402,0.678699076,70.0000000,1280,720,minecraft:overworld,flashback_export_aligned
1,20260914-194915-flashback_export,flashback_export,405,31744982077400,84.937157678,-58.380000114,30.017082667,134.1010437,-14.7000074,0.117804401,0.386715502,-0.049882472,0.913282514,0.695925772,-0.000000000,-0.718113780,0.182227165,0.967267752,0.176596776,0.694608331,-0.253758073,0.673146486,70.0000000,1280,720,minecraft:overworld,flashback_export_aligned
1,20260914-194915-flashback_export,flashback_export,406,31745000811800,84.937157678,-58.380000114,30.017082667,133.8083954,-14.7365875,0.117967844,0.389030516,-0.050307345,0.912254333,0.692248821,-0.000000000,-0.721658885,0.183572367,0.967105508,0.176091164,0.697920263,-0.254375547,0.669477642,70.0000000,1280,720,minecraft:overworld,flashback_export_aligned
1,20260914-194915-flashback_export,flashback_export,407,31745018620600,84.937157678,-58.380000114,30.017082667,133.5157623,-14.7731686,0.118129887,0.391342729,-0.050733365,0.911220253,0.688553989,0.000000007,-0.725185096,0.184917092,0.966942906,0.175576419,0.701212585,-0.254992962,0.665792406,70.0000000,1280,720,minecraft:overworld,flashback_export_aligned
1,20260914-194915-flashback_export,flashback_export,408,31745038031300,84.937157678,-58.380000114,30.017082667,132.9010468,-14.8500071,0.118465617,0.396190703,-0.051632013,0.909028590,0.680734158,-0.000000000,-0.732530594,0.187739909,0.966600060,0.174465030,0.708064079,-0.256289512,0.657997668,70.0000000,1280,720,minecraft:overworld,flashback_export_aligned
1,20260914-194915-flashback_export,flashback_export,409,31745055902200,84.937157678,-58.380000114,30.017082667,132.4493103,-14.8951797,0.118618861,0.399750561,-0.052256197,0.907413065,0.674937606,-0.000000000,-0.737874866,0.189671800,0.966397703,0.173493698,0.713080525,-0.257051468,0.652258158,70.0000000,1280,720,minecraft:overworld,flashback_export_aligned
1,20260914-194915-flashback_export,flashback_export,410,31745073747000,84.937157678,-58.380000114,30.017082667,131.9975891,-14.9403534,0.118769027,0.403303653,-0.052882385,0.905783355,0.669099212,-0.000000000,-0.743173003,0.191599935,0.966194749,0.172502697,0.718049884,-0.257813334,0.646480143,70.0000000,1280,720,minecraft:overworld,flashback_export_aligned
1,20260914-194915-flashback_export,flashback_export,411,31745098661800,84.937157678,-58.380000114,30.017082667,131.4010468,-15.0000067,0.118962556,0.407985538,-0.053712342,0.903609872,0.661325634,-0.000000000,-0.750098944,0.194139987,0.965925753,0.171163753,0.724539936,-0.258819163,0.638791442,70.0000000,1280,720,minecraft:overworld,flashback_export_aligned
1,20260914-194915-flashback_export,flashback_export,412,31745116389100,84.937157678,-58.380000114,30.017082667,131.0037689,-15.0993261,0.119557522,0.411068797,-0.054480761,0.902086616,0.656108558,-0.000000000,-0.754666507,0.196585461,0.965475678,0.170911789,0.728612125,-0.260493159,0.633456886,70.0000000,1280,720,minecraft:overworld,flashback_export_aligned
1,20260914-194915-flashback_export,flashback_export,413,31745119960700,84.937157678,-58.380000114,30.017082667,130.6064911,-15.1986456,0.120148502,0.414145976,-0.055253893,0.900552273,0.650860250,-0.000000000,-0.759197652,0.199036106,0.965022743,0.170633674,0.732642889,-0.262166411,0.628094852,70.0000000,1280,720,minecraft:overworld,flashback_export_aligned
1,20260914-194915-flashback_export,flashback_export,414,31745153844600,84.937157678,-58.380000114,30.017082667,130.2010498,-15.3000059,0.120747469,0.417280287,-0.056047767,0.898974955,0.645471632,-0.000000000,-0.763784170,0.201542124,0.964557350,0.170322642,0.736713707,-0.263873130,0.622594476,70.0000000,1280,720,minecraft:overworld,flashback_export_aligned
1,20260914-194915-flashback_export,flashback_export,415,31745171174800,84.937157678,-58.380000114,30.017082667,130.0062866,-15.3486986,0.121033721,0.418783695,-0.056430876,0.898213029,0.642871618,-0.000000000,-0.765973985,0.202747792,0.964332819,0.170163468,0.738653839,-0.264692783,0.619942188,70.0000000,1280,720,minecraft:overworld,flashback_export_aligned
1,20260914-194915-flashback_export,flashback_export,416,31745175737600,84.937157678,-58.380000114,30.017082667,129.8115082,-15.3973904,0.121318981,0.420285761,-0.056815121,0.897448361,0.640263796,0.000000007,-0.768155158,0.203954577,0.964107513,0.169997871,0.740584135,-0.265512228,0.617283165,70.0000000,1280,720,minecraft:overworld,flashback_export_aligned
1,20260914-194915-flashback_export,flashback_export,417,31745211124100,84.937157678,-58.380000114,30.017082667,129.6010590,-15.4500055,0.121626131,0.421906918,-0.057231542,0.896619320,0.637438238,-0.000000000,-0.770501494,0.205259621,0.963863313,0.169811904,0.742658138,-0.266397446,0.614403307,70.0000000,1280,720,minecraft:overworld,flashback_export_aligned
1,20260914-194915-flashback_export,flashback_export,418,31745215022800,84.937157678,-58.380000114,30.017082667,129.3372803,-15.4500055,0.121494062,0.423969746,-0.057511363,0.895645738,0.633884192,-0.000000007,-0.773428023,0.206039220,0.963863254,0.168865129,0.745478809,-0.266397446,0.610977709,70.0000000,1280,720,minecraft:overworld,flashback_export_aligned
1,20260914-194915-flashback_export,flashback_export,419,31745248051000,84.937157678,-58.380000114,30.017082667,129.0734863,-15.4500055,0.121361345,0.426030457,-0.057790898,0.894667327,0.630316556,-0.000000000,-0.776338339,0.206814542,0.963863373,0.167914718,0.748283923,-0.266397446,0.607538939,70.0000000,1280,720,minecraft:overworld,flashback_export_aligned
1,20260914-194915-flashback_export,flashback_export,420,31745268994900,84.937157678,-58.380000114,30.017082667,128.5510559,-15.4500055,0.121096626,0.430104822,-0.058343586,0.892715812,0.623211801,-0.000000000,-0.782053173,0.208336964,0.963863313,0.166022032,0.753792346,-0.266397446,0.600690961,70.0000000,1280,720,minecraft:overworld,flashback_export_aligned
1,20260914-194915-flashback_export,flashback_export,421,31745288983600,84.937157678,-58.380000114,30.017082667,128.4555359,-15.4500055,0.121047944,0.430848867,-0.058444515,0.892356932,0.621906996,0.000000007,-0.783091128,0.208613485,0.963863254,0.165674448,0.754792750,-0.266397446,0.599433303,70.0000000,1280,720,minecraft:overworld,flashback_export_aligned
1,20260914-194915-flashback_export,flashback_export,422,31745308469800,84.937157678,-58.380000114,30.017082667,128.3600159,-15.4500055,0.120999187,0.431592524,-0.058545392,0.891997516,0.620600700,-0.000000000,-0.784126818,0.208889380,0.963863254,0.165326446,0.755791008,-0.266397446,0.598174214,70.0000000,1280,720,minecraft:overworld,flashback_export_aligned
1,20260914-194915-flashback_export,flashback_export,423,31745331552800,84.937157678,-58.380000114,30.017082667,128.2510681,-15.4500055,0.120943464,0.432440430,-0.058660410,0.891586781,0.619108498,-0.000000007,-0.785305381,0.209203362,0.963863254,0.164928913,0.756927013,-0.266397446,0.596735954,70.0000000,1280,720,minecraft:overworld,flashback_export_aligned
1,20260914-194915-flashback_export,flashback_export,424,31745351239100,84.937157678,-58.380000114,30.017082667,128.2510681,-15.4500055,0.120943464,0.432440430,-0.058660410,0.891586781,0.619108498,-0.000000007,-0.785305381,0.209203362,0.963863254,0.164928913,0.756927013,-0.266397446,0.596735954,70.0000000,1280,720,minecraft:overworld,flashback_export_aligned
1,20260914-194915-flashback_export,flashback_export,425,31745370098600,84.937157678,-58.380000114,30.017082667,128.2510681,-15.4500055,0.120943464,0.432440430,-0.058660410,0.891586781,0.619108498,-0.000000007,-0.785305381,0.209203362,0.963863254,0.164928913,0.756927013,-0.266397446,0.596735954,70.0000000,1280,720,minecraft:overworld,flashback_export_aligned
1,20260914-194915-flashback_export,flashback_export,426,31745393720200,84.937157678,-58.380000114,30.017082667,128.2510681,-15.4500055,0.120943464,0.432440430,-0.058660410,0.891586781,0.619108498,-0.000000007,-0.785305381,0.209203362,0.963863254,0.164928913,0.756927013,-0.266397446,0.596735954,70.0000000,1280,720,minecraft:overworld,flashback_export_aligned
1,20260914-194915-flashback_export,flashback_export,427,31745413678000,84.937157678,-58.380000114,30.017082667,128.2510681,-15.4500055,0.120943464,0.432440430,-0.058660410,0.891586781,0.619108498,-0.000000007,-0.785305381,0.209203362,0.963863254,0.164928913,0.756927013,-0.266397446,0.596735954,70.0000000,1280,720,minecraft:overworld,flashback_export_aligned
1,20260914-194915-flashback_export,flashback_export,428,31745432042400,84.937157678,-58.380000114,30.017082667,128.2510681,-15.4500055,0.120943464,0.432440430,-0.058660410,0.891586781,0.619108498,-0.000000007,-0.785305381,0.209203362,0.963863254,0.164928913,0.756927013,-0.266397446,0.596735954,70.0000000,1280,720,minecraft:overworld,flashback_export_aligned
1,20260914-194915-flashback_export,flashback_export,429,31745455077300,84.937157678,-58.380000114,30.017082667,128.2510681,-15.4500055,0.120943464,0.432440430,-0.058660410,0.891586781,0.619108498,-0.000000007,-0.785305381,0.209203362,0.963863254,0.164928913,0.756927013,-0.266397446,0.596735954,70.0000000,1280,720,minecraft:overworld,flashback_export_aligned
1,20260914-194915-flashback_export,flashback_export,430,31745474127500,84.937157678,-58.380000114,30.017082667,128.2510681,-15.4500055,0.120943464,0.432440430,-0.058660410,0.891586781,0.619108498,-0.000000007,-0.785305381,0.209203362,0.963863254,0.164928913,0.756927013,-0.266397446,0.596735954,70.0000000,1280,720,minecraft:overworld,flashback_export_aligned
1,20260914-194915-flashback_export,flashback_export,431,31745494948300,84.937157678,-58.380000114,30.017082667,128.2510681,-15.4500055,0.120943464,0.432440430,-0.058660410,0.891586781,0.619108498,-0.000000007,-0.785305381,0.209203362,0.963863254,0.164928913,0.756927013,-0.266397446,0.596735954,70.0000000,1280,720,minecraft:overworld,flashback_export_aligned
1,20260914-194915-flashback_export,flashback_export,432,31745515673000,84.937157678,-58.380000114,30.017082667,128.2510681,-15.4500055,0.120943464,0.432440430,-0.058660410,0.891586781,0.619108498,-0.000000007,-0.785305381,0.209203362,0.963863254,0.164928913,0.756927013,-0.266397446,0.596735954,70.0000000,1280,720,minecraft:overworld,flashback_export_aligned
1,20260914-194915-flashback_export,flashback_export,433,31745533777400,84.937157678,-58.380000114,30.017082667,128.2510681,-15.4500055,0.120943464,0.432440430,-0.058660410,0.891586781,0.619108498,-0.000000007,-0.785305381,0.209203362,0.963863254,0.164928913,0.756927013,-0.266397446,0.596735954,70.0000000,1280,720,minecraft:overworld,flashback_export_aligned
1,20260914-194915-flashback_export,flashback_export,434,31745553231000,84.937157678,-58.380000114,30.017082667,128.2510681,-15.4500055,0.120943464,0.432440430,-0.058660410,0.891586781,0.619108498,-0.000000007,-0.785305381,0.209203362,0.963863254,0.164928913,0.756927013,-0.266397446,0.596735954,70.0000000,1280,720,minecraft:overworld,flashback_export_aligned
1,20260914-194915-flashback_export,flashback_export,435,31745575310900,84.937157678,-58.380000114,30.017082667,128.2510681,-15.4500055,0.120943464,0.432440430,-0.058660410,0.891586781,0.619108498,-0.000000007,-0.785305381,0.209203362,0.963863254,0.164928913,0.756927013,-0.266397446,0.596735954,70.0000000,1280,720,minecraft:overworld,flashback_export_aligned
1,20260914-194915-flashback_export,flashback_export,436,31745595220400,84.942140002,-58.380000114,30.010763617,128.2510681,-15.4500055,0.120943464,0.432440430,-0.058660410,0.891586781,0.619108498,-0.000000007,-0.785305381,0.209203362,0.963863254,0.164928913,0.756927013,-0.266397446,0.596735954,70.0000000,1280,720,minecraft:overworld,flashback_export_aligned
1,20260914-194915-flashback_export,flashback_export,437,31745600257600,84.947122325,-58.380000114,30.004444567,128.2510681,-15.4500055,0.120943464,0.432440430,-0.058660410,0.891586781,0.619108498,-0.000000007,-0.785305381,0.209203362,0.963863254,0.164928913,0.756927013,-0.266397446,0.596735954,70.0000000,1280,720,minecraft:overworld,flashback_export_aligned
1,20260914-194915-flashback_export,flashback_export,438,31745636572200,84.937157678,-58.380000114,30.017082667,128.2510681,-15.4500055,0.120943464,0.432440430,-0.058660410,0.891586781,0.619108498,-0.000000007,-0.785305381,0.209203362,0.963863254,0.164928913,0.756927013,-0.266397446,0.596735954,70.0000000,1280,720,minecraft:overworld,flashback_export_aligned
1,20260914-194915-flashback_export,flashback_export,439,31745654430100,84.957458532,-58.380000114,29.991335218,128.2510681,-15.4500055,0.120943464,0.432440430,-0.058660410,0.891586781,0.619108498,-0.000000007,-0.785305381,0.209203362,0.963863254,0.164928913,0.756927013,-0.266397446,0.596735954,70.0000000,1280,720,minecraft:overworld,flashback_export_aligned
1,20260914-194915-flashback_export,flashback_export,440,31745657950500,84.977759386,-58.380000114,29.965587769,128.2510681,-15.4500055,0.120943464,0.432440430,-0.058660410,0.891586781,0.619108498,-0.000000007,-0.785305381,0.209203362,0.963863254,0.164928913,0.756927013,-0.266397446,0.596735954,70.0000000,1280,720,minecraft:overworld,flashback_export_aligned
1,20260914-194915-flashback_export,flashback_export,441,31745691953000,84.997834788,-58.380000114,29.940126260,128.2510681,-15.4500055,0.120943464,0.432440430,-0.058660410,0.891586781,0.619108498,-0.000000007,-0.785305381,0.209203362,0.963863254,0.164928913,0.756927013,-0.266397446,0.596735954,70.0000000,1280,720,minecraft:overworld,flashback_export_aligned
1,20260914-194915-flashback_export,flashback_export,442,31745712986300,85.030589037,-58.380000114,29.898584245,128.2510681,-15.4500055,0.120943464,0.432440430,-0.058660410,0.891586781,0.619108498,-0.000000007,-0.785305381,0.209203362,0.963863254,0.164928913,0.756927013,-0.266397446,0.596735954,70.0000000,1280,720,minecraft:overworld,flashback_export_aligned
1,20260914-194915-flashback_export,flashback_export,443,31745730919400,85.063343286,-58.380000114,29.857042230,128.2510681,-15.4500055,0.120943464,0.432440430,-0.058660410,0.891586781,0.619108498,-0.000000007,-0.785305381,0.209203362,0.963863254,0.164928913,0.756927013,-0.266397446,0.596735954,70.0000000,1280,720,minecraft:overworld,flashback_export_aligned
1,20260914-194915-flashback_export,flashback_export,444,31745751834000,85.091641602,-58.380000114,29.821151648,128.2510681,-15.4500055,0.120943464,0.432440430,-0.058660410,0.891586781,0.619108498,-0.000000007,-0.785305381,0.209203362,0.963863254,0.164928913,0.756927013,-0.266397446,0.596735954,70.0000000,1280,720,minecraft:overworld,flashback_export_aligned
1,20260914-194915-flashback_export,flashback_export,445,31745770197700,85.129026238,-58.380544896,29.773736943,128.2510681,-15.4500055,0.120943464,0.432440430,-0.058660410,0.891586781,0.619108498,-0.000000007,-0.785305381,0.209203362,0.963863254,0.164928913,0.756927013,-0.266397446,0.596735954,70.0000000,1280,720,minecraft:overworld,flashback_export_aligned
1,20260914-194915-flashback_export,flashback_export,446,31745773829600,85.166410874,-58.381089677,29.726322238,128.2510681,-15.4500055,0.120943464,0.432440430,-0.058660410,0.891586781,0.619108498,-0.000000007,-0.785305381,0.209203362,0.963863254,0.164928913,0.756927013,-0.266397446,0.596735954,70.0000000,1280,720,minecraft:overworld,flashback_export_aligned
1,20260914-194915-flashback_export,flashback_export,447,31745807393600,85.203537239,-58.380000114,29.679235095,128.2510681,-15.4500055,0.120943464,0.432440430,-0.058660410,0.891586781,0.619108498,-0.000000007,-0.785305381,0.209203362,0.963863254,0.164928913,0.756927013,-0.266397446,0.596735954,70.0000000,1280,720,minecraft:overworld,flashback_export_aligned
1,20260914-194915-flashback_export,flashback_export,448,31745825833700,85.244550014,-58.395941736,29.627218843,128.2510681,-15.4500055,0.120943464,0.432440430,-0.058660410,0.891586781,0.619108498,-0.000000007,-0.785305381,0.209203362,0.963863254,0.164928913,0.756927013,-0.266397446,0.596735954,70.0000000,1280,720,minecraft:overworld,flashback_export_aligned
1,20260914-194915-flashback_export,flashback_export,449,31745847296600,85.285562789,-58.411883358,29.575202590,128.2510681,-15.4500055,0.120943464,0.432440430,-0.058660410,0.891586781,0.619108498,-0.000000007,-0.785305381,0.209203362,0.963863254,0.164928913,0.756927013,-0.266397446,0.596735954,70.0000000,1280,720,minecraft:overworld,flashback_export_aligned
1,20260914-194915-flashback_export,flashback_export,450,31745867435200,85.325309372,-58.442500114,29.524792241,128.2510681,-15.4500055,0.120943464,0.432440430,-0.058660410,0.891586781,0.619108498,-0.000000007,-0.785305381,0.209203362,0.963863254,0.164928913,0.756927013,-0.266397446,0.596735954,70.0000000,1280,720,minecraft:overworld,flashback_export_aligned
1,20260914-194915-flashback_export,flashback_export,451,31745885833100,85.367704287,-58.442500114,29.471023029,128.2510681,-15.4500055,0.120943464,0.432440430,-0.058660410,0.891586781,0.619108498,-0.000000007,-0.785305381,0.209203362,0.963863254,0.164928913,0.756927013,-0.266397446,0.596735954,70.0000000,1280,720,minecraft:overworld,flashback_export_aligned
1,20260914-194915-flashback_export,flashback_export,452,31745905411000,85.410099202,-58.442500114,29.417253817,128.2510681,-15.4500055,0.120943464,0.432440430,-0.058660410,0.891586781,0.619108498,-0.000000007,-0.785305381,0.209203362,0.963863254,0.164928913,0.756927013,-0.266397446,0.596735954,70.0000000,1280,720,minecraft:overworld,flashback_export_aligned
1,20260914-194915-flashback_export,flashback_export,453,31745925411200,85.452474074,-58.442500114,29.363510025,128.2510681,-15.4500055,0.120943464,0.432440430,-0.058660410,0.891586781,0.619108498,-0.000000007,-0.785305381,0.209203362,0.963863254,0.164928913,0.756927013,-0.266397446,0.596735954,70.0000000,1280,720,minecraft:overworld,flashback_export_aligned
1,20260914-194915-flashback_export,flashback_export,454,31745944935100,85.495969581,-58.437608402,29.308344938,128.2510681,-15.4500055,0.120943464,0.432440430,-0.058660410,0.891586781,0.619108498,-0.000000007,-0.785305381,0.209203362,0.963863254,0.164928913,0.756927013,-0.266397446,0.596735954,70.0000000,1280,720,minecraft:overworld,flashback_export_aligned
1,20260914-194915-flashback_export,flashback_export,455,31745963485700,85.539465088,-58.432716689,29.253179852,128.2510681,-15.4500055,0.120943464,0.432440430,-0.058660410,0.891586781,0.619108498,-0.000000007,-0.785305381,0.209203362,0.963863254,0.164928913,0.756927013,-0.266397446,0.596735954,70.0000000,1280,720,minecraft:overworld,flashback_export_aligned
1,20260914-194915-flashback_export,flashback_export,456,31745985516000,85.582583119,-58.442500114,29.198493517,128.2510681,-15.4500055,0.120943464,0.432440430,-0.058660410,0.891586781,0.619108498,-0.000000007,-0.785305381,0.209203362,0.963863254,0.164928913,0.756927013,-0.266397446,0.596735954,70.0000000,1280,720,minecraft:overworld,flashback_export_aligned
1,20260914-194915-flashback_export,flashback_export,457,31746004309700,85.626490664,-58.421808552,29.142805845,128.2510681,-15.4500055,0.120943464,0.432440430,-0.058660410,0.891586781,0.619108498,-0.000000007,-0.785305381,0.209203362,0.963863254,0.164928913,0.756927013,-0.266397446,0.596735954,70.0000000,1280,720,minecraft:overworld,flashback_export_aligned
1,20260914-194915-flashback_export,flashback_export,458,31746008129400,85.670398209,-58.401116990,29.087118174,128.2510681,-15.4500055,0.120943464,0.432440430,-0.058660410,0.891586781,0.619108498,-0.000000007,-0.785305381,0.209203362,0.963863254,0.164928913,0.756927013,-0.266397446,0.596735954,70.0000000,1280,720,minecraft:overworld,flashback_export_aligned
1,20260914-194915-flashback_export,flashback_export,459,31746046101100,85.714299775,-58.380000114,29.031438085,128.2510681,-15.4500055,0.120943464,0.432440430,-0.058660410,0.891586781,0.619108498,-0.000000007,-0.785305381,0.209203362,0.963863254,0.164928913,0.756927013,-0.266397446,0.596735954,70.0000000,1280,720,minecraft:overworld,flashback_export_aligned
1,20260914-194915-flashback_export,flashback_export,460,31746066182800,85.758535424,-58.380000114,28.975334281,128.2510681,-15.4500055,0.120943464,0.432440430,-0.058660410,0.891586781,0.619108498,-0.000000007,-0.785305381,0.209203362,0.963863254,0.164928913,0.756927013,-0.266397446,0.596735954,70.0000000,1280,720,minecraft:overworld,flashback_export_aligned
1,20260914-194915-flashback_export,flashback_export,461,31746084878900,85.802771073,-58.380000114,28.919230477,128.2510681,-15.4500055,0.120943464,0.432440430,-0.058660410,0.891586781,0.619108498,-0.000000007,-0.785305381,0.209203362,0.963863254,0.164928913,0.756927013,-0.266397446,0.596735954,70.0000000,1280,720,minecraft:overworld,flashback_export_aligned
1,20260914-194915-flashback_export,flashback_export,462,31746106686300,85.846894187,-58.380000114,28.863269402,128.2510681,-15.4500055,0.120943464,0.432440430,-0.058660410,0.891586781,0.619108498,-0.000000007,-0.785305381,0.209203362,0.963863254,0.164928913,0.756927013,-0.266397446,0.596735954,70.0000000,1280,720,minecraft:overworld,flashback_export_aligned
1,20260914-194915-flashback_export,flashback_export,463,31746125872600,85.891252671,-58.380000114,28.807009806,128.2510681,-15.4500055,0.120943464,0.432440430,-0.058660410,0.891586781,0.619108498,-0.000000007,-0.785305381,0.209203362,0.963863254,0.164928913,0.756927013,-0.266397446,0.596735954,70.0000000,1280,720,minecraft:overworld,flashback_export_aligned
1,20260914-194915-flashback_export,flashback_export,464,31746145474600,85.935611156,-58.380000114,28.750750211,128.2510681,-15.4500055,0.120943464,0.432440430,-0.058660410,0.891586781,0.619108498,-0.000000007,-0.785305381,0.209203362,0.963863254,0.164928913,0.756927013,-0.266397446,0.596735954,70.0000000,1280,720,minecraft:overworld,flashback_export_aligned
1,20260914-194915-flashback_export,flashback_export,465,31746167583200,85.979967853,-58.380000114,28.694492882,128.2510681,-15.4500055,0.120943464,0.432440430,-0.058660410,0.891586781,0.619108498,-0.000000007,-0.785305381,0.209203362,0.963863254,0.164928913,0.756927013,-0.266397446,0.596735954,70.0000000,1280,720,minecraft:overworld,flashback_export_aligned
1,20260914-194915-flashback_export,flashback_export,466,31746185707900,86.024424151,-58.380000114,28.638109231,128.2510681,-15.4500055,0.120943464,0.432440430,-0.058660410,0.891586781,0.619108498,-0.000000007,-0.785305381,0.209203362,0.963863254,0.164928913,0.756927013,-0.266397446,0.596735954,70.0000000,1280,720,minecraft:overworld,flashback_export_aligned
1,20260914-194915-flashback_export,flashback_export,467,31746189113000,86.068880448,-58.380000114,28.581725580,128.2510681,-15.4500055,0.120943464,0.432440430,-0.058660410,0.891586781,0.619108498,-0.000000007,-0.785305381,0.209203362,0.963863254,0.164928913,0.756927013,-0.266397446,0.596735954,70.0000000,1280,720,minecraft:overworld,flashback_export_aligned
1,20260914-194915-flashback_export,flashback_export,468,31746224592100,86.113303193,-58.380000114,28.525384484,128.2510681,-15.4500055,0.120943464,0.432440430,-0.058660410,0.891586781,0.619108498,-0.000000007,-0.785305381,0.209203362,0.963863254,0.164928913,0.756927013,-0.266397446,0.596735954,70.0000000,1280,720,minecraft:overworld,flashback_export_aligned
1,20260914-194915-flashback_export,flashback_export,469,31746243648700,86.157802628,-58.380000114,28.468946122,128.2510681,-15.4500055,0.120943464,0.432440430,-0.058660410,0.891586781,0.619108498,-0.000000007,-0.785305381,0.209203362,0.963863254,0.164928913,0.756927013,-0.266397446,0.596735954,70.0000000,1280,720,minecraft:overworld,flashback_export_aligned
1,20260914-194915-flashback_export,flashback_export,470,31746248495900,86.202302062,-58.380000114,28.412507760,128.2510681,-15.4500055,0.120943464,0.432440430,-0.058660410,0.891586781,0.619108498,-0.000000007,-0.785305381,0.209203362,0.963863254,0.164928913,0.756927013,-0.266397446,0.596735954,70.0000000,1280,720,minecraft:overworld,flashback_export_aligned
1,20260914-194915-flashback_export,flashback_export,471,31746286577300,86.246781406,-58.380000114,28.356094880,128.2510681,-15.4500055,0.120943464,0.432440430,-0.058660410,0.891586781,0.619108498,-0.000000007,-0.785305381,0.209203362,0.963863254,0.164928913,0.756927013,-0.266397446,0.596735954,70.0000000,1280,720,minecraft:overworld,flashback_export_aligned
1,20260914-194915-flashback_export,flashback_export,472,31746306141600,86.291303645,-58.380000114,28.299627596,128.2510681,-15.4500055,0.120943464,0.432440430,-0.058660410,0.891586781,0.619108498,-0.000000007,-0.785305381,0.209203362,0.963863254,0.164928913,0.756927013,-0.266397446,0.596735954,70.0000000,1280,720,minecraft:overworld,flashback_export_aligned
1,20260914-194915-flashback_export,flashback_export,473,31746310283800,86.335825883,-58.380000114,28.243160313,128.2510681,-15.4500055,0.120943464,0.432440430,-0.058660410,0.891586781,0.619108498,-0.000000007,-0.785305381,0.209203362,0.963863254,0.164928913,0.756927013,-0.266397446,0.596735954,70.0000000,1280,720,minecraft:overworld,flashback_export_aligned
1,20260914-194915-flashback_export,flashback_export,474,31746347811000,86.380337628,-58.380000114,28.186706338,128.2510681,-15.4500055,0.120943464,0.432440430,-0.058660410,0.891586781,0.619108498,-0.000000007,-0.785305381,0.209203362,0.963863254,0.164928913,0.756927013,-0.266397446,0.596735954,70.0000000,1280,720,minecraft:overworld,flashback_export_aligned
1,20260914-194915-flashback_export,flashback_export,475,31746365611700,86.424872564,-58.380000114,28.130222951,128.2510681,-15.4500055,0.120943464,0.432440430,-0.058660410,0.891586781,0.619108498,-0.000000007,-0.785305381,0.209203362,0.963863254,0.164928913,0.756927013,-0.266397446,0.596735954,70.0000000,1280,720,minecraft:overworld,flashback_export_aligned
1,20260914-194915-flashback_export,flashback_export,476,31746383515800,86.469407499,-58.380000114,28.073739564,128.2510681,-15.4500055,0.120943464,0.432440430,-0.058660410,0.891586781,0.619108498,-0.000000007,-0.785305381,0.209203362,0.963863254,0.164928913,0.756927013,-0.266397446,0.596735954,70.0000000,1280,720,minecraft:overworld,flashback_export_aligned
1,20260914-194915-flashback_export,flashback_export,477,31746404001500,86.513936443,-58.380000114,28.017263775,128.2510681,-15.4500055,0.120943464,0.432440430,-0.058660410,0.891586781,0.619108498,-0.000000007,-0.785305381,0.209203362,0.963863254,0.164928913,0.756927013,-0.266397446,0.596735954,70.0000000,1280,720,minecraft:overworld,flashback_export_aligned
1,20260914-194915-flashback_export,flashback_export,478,31746422488100,86.558477246,-58.380000114,27.960772947,128.2510681,-15.4500055,0.120943464,0.432440430,-0.058660410,0.891586781,0.619108498,-0.000000007,-0.785305381,0.209203362,0.963863254,0.164928913,0.756927013,-0.266397446,0.596735954,70.0000000,1280,720,minecraft:overworld,flashback_export_aligned
1,20260914-194915-flashback_export,flashback_export,479,31746440303800,86.603018049,-58.380000114,27.904282118,128.2510681,-15.4500055,0.120943464,0.432440430,-0.058660410,0.891586781,0.619108498,-0.000000007,-0.785305381,0.209203362,0.963863254,0.164928913,0.756927013,-0.266397446,0.596735954,70.0000000,1280,720,minecraft:overworld,flashback_export_aligned
1,20260914-194915-flashback_export,flashback_export,480,31746461575600,86.647558514,-58.380000114,27.847791718,128.2510681,-15.4500055,0.120943464,0.432440430,-0.058660410,0.891586781,0.619108498,-0.000000007,-0.785305381,0.209203362,0.963863254,0.164928913,0.756927013,-0.266397446,0.596735954,70.0000000,1280,720,minecraft:overworld,flashback_export_aligned
1,20260914-194915-flashback_export,flashback_export,481,31746466521400,86.692104007,-58.380000114,27.791294942,128.2510681,-15.4500055,0.120943464,0.432440430,-0.058660410,0.891586781,0.619108498,-0.000000007,-0.785305381,0.209203362,0.963863254,0.164928913,0.756927013,-0.266397446,0.596735954,70.0000000,1280,720,minecraft:overworld,flashback_export_aligned
1,20260914-194915-flashback_export,flashback_export,482,31746484619900,86.736649499,-58.380000114,27.734798165,128.2510681,-15.4500055,0.120943464,0.432440430,-0.058660410,0.891586781,0.619108498,-0.000000007,-0.785305381,0.209203362,0.963863254,0.164928913,0.756927013,-0.266397446,0.596735954,70.0000000,1280,720,minecraft:overworld,flashback_export_aligned
1,20260914-194915-flashback_export,flashback_export,483,31746520309800,86.781193283,-58.380000114,27.678303556,128.2510681,-15.4500055,0.120943464,0.432440430,-0.058660410,0.891586781,0.619108498,-0.000000007,-0.785305381,0.209203362,0.963863254,0.164928913,0.756927013,-0.266397446,0.596735954,70.0000000,1280,720,minecraft:overworld,flashback_export_aligned
1,20260914-194915-flashback_export,flashback_export,484,31746538255900,86.825740551,-58.380000114,27.621804527,128.2510681,-15.4500055,0.120943464,0.432440430,-0.058660410,0.891586781,0.619108498,-0.000000007,-0.785305381,0.209203362,0.963863254,0.164928913,0.756927013,-0.266397446,0.596735954,70.0000000,1280,720,minecraft:overworld,flashback_export_aligned
1,20260914-194915-flashback_export,flashback_export,485,31746557902000,86.870287820,-58.380000114,27.565305497,128.2510681,-15.4500055,0.120943464,0.432440430,-0.058660410,0.891586781,0.619108498,-0.000000007,-0.785305381,0.209203362,0.963863254,0.164928913,0.756927013,-0.266397446,0.596735954,70.0000000,1280,720,minecraft:overworld,flashback_export_aligned
1,20260914-194915-flashback_export,flashback_export,486,31746580450900,86.914834984,-58.380000114,27.508806601,128.2510681,-15.4500055,0.120943464,0.432440430,-0.058660410,0.891586781,0.619108498,-0.000000007,-0.785305381,0.209203362,0.963863254,0.164928913,0.756927013,-0.266397446,0.596735954,70.0000000,1280,720,minecraft:overworld,flashback_export_aligned
1,20260914-194915-flashback_export,flashback_export,487,31746605013300,86.959383486,-58.380000114,27.452306007,128.2510681,-15.4500055,0.120943464,0.432440430,-0.058660410,0.891586781,0.619108498,-0.000000007,-0.785305381,0.209203362,0.963863254,0.164928913,0.756927013,-0.266397446,0.596735954,70.0000000,1280,720,minecraft:overworld,flashback_export_aligned
1,20260914-194915-flashback_export,flashback_export,488,31746625746800,87.003931988,-58.380000114,27.395805414,128.2510681,-15.4500055,0.120943464,0.432440430,-0.058660410,0.891586781,0.619108498,-0.000000007,-0.785305381,0.209203362,0.963863254,0.164928913,0.756927013,-0.266397446,0.596735954,70.0000000,1280,720,minecraft:overworld,flashback_export_aligned
1,20260914-194915-flashback_export,flashback_export,489,31746651145400,87.048480471,-58.380000114,27.339304845,128.2510681,-15.4500055,0.120943464,0.432440430,-0.058660410,0.891586781,0.619108498,-0.000000007,-0.785305381,0.209203362,0.963863254,0.164928913,0.756927013,-0.266397446,0.596735954,70.0000000,1280,720,minecraft:overworld,flashback_export_aligned
1,20260914-194915-flashback_export,flashback_export,490,31746670522300,87.093029748,-58.380000114,27.282803269,128.2510681,-15.4500055,0.120943464,0.432440430,-0.058660410,0.891586781,0.619108498,-0.000000007,-0.785305381,0.209203362,0.963863254,0.164928913,0.756927013,-0.266397446,0.596735954,70.0000000,1280,720,minecraft:overworld,flashback_export_aligned
1,20260914-194915-flashback_export,flashback_export,491,31746691487800,87.137579026,-58.380000114,27.226301692,128.2510681,-15.4500055,0.120943464,0.432440430,-0.058660410,0.891586781,0.619108498,-0.000000007,-0.785305381,0.209203362,0.963863254,0.164928913,0.756927013,-0.266397446,0.596735954,70.0000000,1280,720,minecraft:overworld,flashback_export_aligned
1,20260914-194915-flashback_export,flashback_export,492,31746716306200,87.182128024,-58.380000114,27.169800468,128.2510681,-15.4500055,0.120943464,0.432440430,-0.058660410,0.891586781,0.619108498,-0.000000007,-0.785305381,0.209203362,0.963863254,0.164928913,0.756927013,-0.266397446,0.596735954,70.0000000,1280,720,minecraft:overworld,flashback_export_aligned
1,20260914-194915-flashback_export,flashback_export,493,31746738178800,87.226677641,-58.380000114,27.113298461,128.2510681,-15.4500055,0.120943464,0.432440430,-0.058660410,0.891586781,0.619108498,-0.000000007,-0.785305381,0.209203362,0.963863254,0.164928913,0.756927013,-0.266397446,0.596735954,70.0000000,1280,720,minecraft:overworld,flashback_export_aligned
1,20260914-194915-flashback_export,flashback_export,494,31746758651600,87.271227258,-58.380000114,27.056796453,128.2510681,-15.4500055,0.120943464,0.432440430,-0.058660410,0.891586781,0.619108498,-0.000000007,-0.785305381,0.209203362,0.963863254,0.164928913,0.756927013,-0.266397446,0.596735954,70.0000000,1280,720,minecraft:overworld,flashback_export_aligned
1,20260914-194915-flashback_export,flashback_export,495,31746782856500,87.315776706,-58.380000114,27.000294660,128.2510681,-15.4500055,0.120943464,0.432440430,-0.058660410,0.891586781,0.619108498,-0.000000007,-0.785305381,0.209203362,0.963863254,0.164928913,0.756927013,-0.266397446,0.596735954,70.0000000,1280,720,minecraft:overworld,flashback_export_aligned
1,20260914-194915-flashback_export,flashback_export,496,31746801533400,87.360326503,-58.380000114,26.943792425,128.2510681,-15.4500055,0.120943464,0.432440430,-0.058660410,0.891586781,0.619108498,-0.000000007,-0.785305381,0.209203362,0.963863254,0.164928913,0.756927013,-0.266397446,0.596735954,70.0000000,1280,720,minecraft:overworld,flashback_export_aligned
1,20260914-194915-flashback_export,flashback_export,497,31746820106000,87.404876300,-58.380000114,26.887290189,128.2510681,-15.4500055,0.120943464,0.432440430,-0.058660410,0.891586781,0.619108498,-0.000000007,-0.785305381,0.209203362,0.963863254,0.164928913,0.756927013,-0.266397446,0.596735954,70.0000000,1280,720,minecraft:overworld,flashback_export_aligned
1,20260914-194915-flashback_export,flashback_export,498,31746843080600,87.449426004,-58.380000114,26.830788070,128.2510681,-15.4500055,0.120943464,0.432440430,-0.058660410,0.891586781,0.619108498,-0.000000007,-0.785305381,0.209203362,0.963863254,0.164928913,0.756927013,-0.266397446,0.596735954,70.0000000,1280,720,minecraft:overworld,flashback_export_aligned
1,20260914-194915-flashback_export,flashback_export,499,31746848301200,87.493975886,-58.380000114,26.774285727,128.2510681,-15.4500055,0.120943464,0.432440430,-0.058660410,0.891586781,0.619108498,-0.000000007,-0.785305381,0.209203362,0.963863254,0.164928913,0.756927013,-0.266397446,0.596735954,70.0000000,1280,720,minecraft:overworld,flashback_export_aligned
1,20260914-194915-flashback_export,flashback_export,500,31746882260800,87.538525768,-58.380000114,26.717783383,128.2510681,-15.4500055,0.120943464,0.432440430,-0.058660410,0.891586781,0.619108498,-0.000000007,-0.785305381,0.209203362,0.963863254,0.164928913,0.756927013,-0.266397446,0.596735954,70.0000000,1280,720,minecraft:overworld,flashback_export_aligned
1,20260914-194915-flashback_export,flashback_export,501,31746903488500,87.583075639,-58.380000114,26.661281054,128.2510681,-15.4500055,0.120943464,0.432440430,-0.058660410,0.891586781,0.619108498,-0.000000007,-0.785305381,0.209203362,0.963863254,0.164928913,0.756927013,-0.266397446,0.596735954,70.0000000,1280,720,minecraft:overworld,flashback_export_aligned
1,20260914-194915-flashback_export,flashback_export,502,31746923421700,87.627625586,-58.380000114,26.604778628,128.2510681,-15.4500055,0.120943464,0.432440430,-0.058660410,0.891586781,0.619108498,-0.000000007,-0.785305381,0.209203362,0.963863254,0.164928913,0.756927013,-0.266397446,0.596735954,70.0000000,1280,720,minecraft:overworld,flashback_export_aligned
1,20260914-194915-flashback_export,flashback_export,503,31746927778000,87.672175532,-58.380000114,26.548276203,128.2510681,-15.4500055,0.120943464,0.432440430,-0.058660410,0.891586781,0.619108498,-0.000000007,-0.785305381,0.209203362,0.963863254,0.164928913,0.756927013,-0.266397446,0.596735954,70.0000000,1280,720,minecraft:overworld,flashback_export_aligned
1,20260914-194915-flashback_export,flashback_export,504,31746964684900,87.716725457,-58.380000114,26.491773804,128.2510681,-15.4500055,0.120943464,0.432440430,-0.058660410,0.891586781,0.619108498,-0.000000007,-0.785305381,0.209203362,0.963863254,0.164928913,0.756927013,-0.266397446,0.596735954,70.0000000,1280,720,minecraft:overworld,flashback_export_aligned
1,20260914-194915-flashback_export,flashback_export,505,31746983410600,87.761275437,-58.380000114,26.435271337,128.2510681,-15.4500055,0.120943464,0.432440430,-0.058660410,0.891586781,0.619108498,-0.000000007,-0.785305381,0.209203362,0.963863254,0.164928913,0.756927013,-0.266397446,0.596735954,70.0000000,1280,720,minecraft:overworld,flashback_export_aligned
1,20260914-194915-flashback_export,flashback_export,506,31747002251000,87.805825416,-58.380000114,26.378768870,128.2510681,-15.4500055,0.120943464,0.432440430,-0.058660410,0.891586781,0.619108498,-0.000000007,-0.785305381,0.209203362,0.963863254,0.164928913,0.756927013,-0.266397446,0.596735954,70.0000000,1280,720,minecraft:overworld,flashback_export_aligned
1,20260914-194915-flashback_export,flashback_export,507,31747024126600,87.850375376,-58.380000114,26.322266428,128.2510681,-15.4500055,0.120943464,0.432440430,-0.058660410,0.891586781,0.619108498,-0.000000007,-0.785305381,0.209203362,0.963863254,0.164928913,0.756927013,-0.266397446,0.596735954,70.0000000,1280,720,minecraft:overworld,flashback_export_aligned
1,20260914-194915-flashback_export,flashback_export,508,31747043904000,87.894925371,-58.380000114,26.265763940,128.2510681,-15.4500055,0.120943464,0.432440430,-0.058660410,0.891586781,0.619108498,-0.000000007,-0.785305381,0.209203362,0.963863254,0.164928913,0.756927013,-0.266397446,0.596735954,70.0000000,1280,720,minecraft:overworld,flashback_export_aligned
1,20260914-194915-flashback_export,flashback_export,509,31747050661700,87.939475367,-58.380000114,26.209261453,128.2510681,-15.4500055,0.120943464,0.432440430,-0.058660410,0.891586781,0.619108498,-0.000000007,-0.785305381,0.209203362,0.963863254,0.164928913,0.756927013,-0.266397446,0.596735954,70.0000000,1280,720,minecraft:overworld,flashback_export_aligned
1,20260914-194915-flashback_export,flashback_export,510,31747086149000,87.984025349,-58.380000114,26.152758982,128.2510681,-15.4500055,0.120943464,0.432440430,-0.058660410,0.891586781,0.619108498,-0.000000007,-0.785305381,0.209203362,0.963863254,0.164928913,0.756927013,-0.266397446,0.596735954,70.0000000,1280,720,minecraft:overworld,flashback_export_aligned
1,20260914-194915-flashback_export,flashback_export,511,31747105781200,88.028575351,-58.380000114,26.096256486,128.2510681,-15.4500055,0.120943464,0.432440430,-0.058660410,0.891586781,0.619108498,-0.000000007,-0.785305381,0.209203362,0.963863254,0.164928913,0.756927013,-0.266397446,0.596735954,70.0000000,1280,720,minecraft:overworld,flashback_export_aligned
1,20260914-194915-flashback_export,flashback_export,512,31747124393800,88.073125352,-58.380000114,26.039753991,128.2510681,-15.4500055,0.120943464,0.432440430,-0.058660410,0.891586781,0.619108498,-0.000000007,-0.785305381,0.209203362,0.963863254,0.164928913,0.756927013,-0.266397446,0.596735954,70.0000000,1280,720,minecraft:overworld,flashback_export_aligned
1,20260914-194915-flashback_export,flashback_export,513,31747149674000,88.117675352,-58.380000114,25.983251498,128.2510681,-15.4500055,0.120943464,0.432440430,-0.058660410,0.891586781,0.619108498,-0.000000007,-0.785305381,0.209203362,0.963863254,0.164928913,0.756927013,-0.266397446,0.596735954,70.0000000,1280,720,minecraft:overworld,flashback_export_aligned
1,20260914-194915-flashback_export,flashback_export,514,31747168596000,88.162225358,-58.380000114,25.926748996,128.2510681,-15.4500055,0.120943464,0.432440430,-0.058660410,0.891586781,0.619108498,-0.000000007,-0.785305381,0.209203362,0.963863254,0.164928913,0.756927013,-0.266397446,0.596735954,70.0000000,1280,720,minecraft:overworld,flashback_export_aligned
1,20260914-194915-flashback_export,flashback_export,515,31747173114300,88.206775365,-58.380000114,25.870246495,128.2510681,-15.4500055,0.120943464,0.432440430,-0.058660410,0.891586781,0.619108498,-0.000000007,-0.785305381,0.209203362,0.963863254,0.164928913,0.756927013,-0.266397446,0.596735954,70.0000000,1280,720,minecraft:overworld,flashback_export_aligned
1,20260914-194915-flashback_export,flashback_export,516,31747209139400,88.251325372,-58.380000114,25.813743993,128.2510681,-15.4500055,0.120943464,0.432440430,-0.058660410,0.891586781,0.619108498,-0.000000007,-0.785305381,0.209203362,0.963863254,0.164928913,0.756927013,-0.266397446,0.596735954,70.0000000,1280,720,minecraft:overworld,flashback_export_aligned
1,20260914-194915-flashback_export,flashback_export,517,31747214518800,88.295875383,-58.380000114,25.757241485,128.2510681,-15.4500055,0.120943464,0.432440430,-0.058660410,0.891586781,0.619108498,-0.000000007,-0.785305381,0.209203362,0.963863254,0.164928913,0.756927013,-0.266397446,0.596735954,70.0000000,1280,720,minecraft:overworld,flashback_export_aligned
1,20260914-194915-flashback_export,flashback_export,518,31747232261700,88.340425395,-58.380000114,25.700738977,128.2510681,-15.4500055,0.120943464,0.432440430,-0.058660410,0.891586781,0.619108498,-0.000000007,-0.785305381,0.209203362,0.963863254,0.164928913,0.756927013,-0.266397446,0.596735954,70.0000000,1280,720,minecraft:overworld,flashback_export_aligned
1,20260914-194915-flashback_export,flashback_export,519,31747267785800,88.384975400,-58.380000114,25.644236477,128.2510681,-15.4500055,0.120943464,0.432440430,-0.058660410,0.891586781,0.619108498,-0.000000007,-0.785305381,0.209203362,0.963863254,0.164928913,0.756927013,-0.266397446,0.596735954,70.0000000,1280,720,minecraft:overworld,flashback_export_aligned
1,20260914-194915-flashback_export,flashback_export,520,31747286418700,88.429525414,-58.380000114,25.587733966,128.2510681,-15.4500055,0.120943464,0.432440430,-0.058660410,0.891586781,0.619108498,-0.000000007,-0.785305381,0.209203362,0.963863254,0.164928913,0.756927013,-0.266397446,0.596735954,70.0000000,1280,720,minecraft:overworld,flashback_export_aligned
1,20260914-194915-flashback_export,flashback_export,521,31747291498100,88.474075428,-58.380000114,25.531231455,128.2510681,-15.4500055,0.120943464,0.432440430,-0.058660410,0.891586781,0.619108498,-0.000000007,-0.785305381,0.209203362,0.963863254,0.164928913,0.756927013,-0.266397446,0.596735954,70.0000000,1280,720,minecraft:overworld,flashback_export_aligned
1,20260914-194915-flashback_export,flashback_export,522,31747330237400,88.518625433,-58.380000114,25.474728955,128.2510681,-15.4500055,0.120943464,0.432440430,-0.058660410,0.891586781,0.619108498,-0.000000007,-0.785305381,0.209203362,0.963863254,0.164928913,0.756927013,-0.266397446,0.596735954,70.0000000,1280,720,minecraft:overworld,flashback_export_aligned
1,20260914-194915-flashback_export,flashback_export,523,31747349164000,88.563175448,-58.380000114,25.418226443,128.2510681,-15.4500055,0.120943464,0.432440430,-0.058660410,0.891586781,0.619108498,-0.000000007,-0.785305381,0.209203362,0.963863254,0.164928913,0.756927013,-0.266397446,0.596735954,70.0000000,1280,720,minecraft:overworld,flashback_export_aligned
1,20260914-194915-flashback_export,flashback_export,524,31747367325700,88.607725462,-58.380000114,25.361723932,128.2510681,-15.4500055,0.120943464,0.432440430,-0.058660410,0.891586781,0.619108498,-0.000000007,-0.785305381,0.209203362,0.963863254,0.164928913,0.756927013,-0.266397446,0.596735954,70.0000000,1280,720,minecraft:overworld,flashback_export_aligned
1,20260914-194915-flashback_export,flashback_export,525,31747387651000,88.652275469,-58.380000114,25.305221429,128.2510681,-15.4500055,0.120943464,0.432440430,-0.058660410,0.891586781,0.619108498,-0.000000007,-0.785305381,0.209203362,0.963863254,0.164928913,0.756927013,-0.266397446,0.596735954,70.0000000,1280,720,minecraft:overworld,flashback_export_aligned
1,20260914-194915-flashback_export,flashback_export,526,31747391310400,88.696825485,-58.380000114,25.248718916,128.2510681,-15.4500055,0.120943464,0.432440430,-0.058660410,0.891586781,0.619108498,-0.000000007,-0.785305381,0.209203362,0.963863254,0.164928913,0.756927013,-0.266397446,0.596735954,70.0000000,1280,720,minecraft:overworld,flashback_export_aligned
1,20260914-194915-flashback_export,flashback_export,527,31747409850000,88.741375501,-58.380000114,25.192216403,128.2510681,-15.4500055,0.120943464,0.432440430,-0.058660410,0.891586781,0.619108498,-0.000000007,-0.785305381,0.209203362,0.963863254,0.164928913,0.756927013,-0.266397446,0.596735954,70.0000000,1280,720,minecraft:overworld,flashback_export_aligned
1,20260914-194915-flashback_export,flashback_export,528,31747448633900,88.785925507,-58.380000114,25.135713902,128.2510681,-15.4500055,0.120943464,0.432440430,-0.058660410,0.891586781,0.619108498,-0.000000007,-0.785305381,0.209203362,0.963863254,0.164928913,0.756927013,-0.266397446,0.596735954,70.0000000,1280,720,minecraft:overworld,flashback_export_aligned
1,20260914-194915-flashback_export,flashback_export,529,31747469100100,88.830475521,-58.380000114,25.079211390,128.2510681,-15.4500055,0.120943464,0.432440430,-0.058660410,0.891586781,0.619108498,-0.000000007,-0.785305381,0.209203362,0.963863254,0.164928913,0.756927013,-0.266397446,0.596735954,70.0000000,1280,720,minecraft:overworld,flashback_export_aligned
1,20260914-194915-flashback_export,flashback_export,530,31747487308500,88.875025536,-58.380000114,25.022708878,128.2510681,-15.4500055,0.120943464,0.432440430,-0.058660410,0.891586781,0.619108498,-0.000000007,-0.785305381,0.209203362,0.963863254,0.164928913,0.756927013,-0.266397446,0.596735954,70.0000000,1280,720,minecraft:overworld,flashback_export_aligned
1,20260914-194915-flashback_export,flashback_export,531,31747507133400,88.919575545,-58.380000114,24.966206373,128.2510681,-15.4500055,0.120943464,0.432440430,-0.058660410,0.891586781,0.619108498,-0.000000007,-0.785305381,0.209203362,0.963863254,0.164928913,0.756927013,-0.266397446,0.596735954,70.0000000,1280,720,minecraft:overworld,flashback_export_aligned
1,20260914-194915-flashback_export,flashback_export,532,31747526028900,88.964125557,-58.380000114,24.909703865,128.2510681,-15.4500055,0.120943464,0.432440430,-0.058660410,0.891586781,0.619108498,-0.000000007,-0.785305381,0.209203362,0.963863254,0.164928913,0.756927013,-0.266397446,0.596735954,70.0000000,1280,720,minecraft:overworld,flashback_export_aligned
1,20260914-194915-flashback_export,flashback_export,533,31747545522700,89.008675569,-58.380000114,24.853201357,128.2510681,-15.4500055,0.120943464,0.432440430,-0.058660410,0.891586781,0.619108498,-0.000000007,-0.785305381,0.209203362,0.963863254,0.164928913,0.756927013,-0.266397446,0.596735954,70.0000000,1280,720,minecraft:overworld,flashback_export_aligned
1,20260914-194915-flashback_export,flashback_export,534,31747566741300,89.053225584,-58.380000114,24.796698845,128.2510681,-15.4500055,0.120943464,0.432440430,-0.058660410,0.891586781,0.619108498,-0.000000007,-0.785305381,0.209203362,0.963863254,0.164928913,0.756927013,-0.266397446,0.596735954,70.0000000,1280,720,minecraft:overworld,flashback_export_aligned
1,20260914-194915-flashback_export,flashback_export,535,31747585918100,89.097775596,-58.380000114,24.740196336,128.2510681,-15.4500055,0.120943464,0.432440430,-0.058660410,0.891586781,0.619108498,-0.000000007,-0.785305381,0.209203362,0.963863254,0.164928913,0.756927013,-0.266397446,0.596735954,70.0000000,1280,720,minecraft:overworld,flashback_export_aligned
1,20260914-194915-flashback_export,flashback_export,536,31747605223500,89.142325608,-58.380000114,24.683693828,128.2510681,-15.4500055,0.120943464,0.432440430,-0.058660410,0.891586781,0.619108498,-0.000000007,-0.785305381,0.209203362,0.963863254,0.164928913,0.756927013,-0.266397446,0.596735954,70.0000000,1280,720,minecraft:overworld,flashback_export_aligned
1,20260914-194915-flashback_export,flashback_export,537,31747627422400,89.186875623,-58.380000114,24.627191315,128.2510681,-15.4500055,0.120943464,0.432440430,-0.058660410,0.891586781,0.619108498,-0.000000007,-0.785305381,0.209203362,0.963863254,0.164928913,0.756927013,-0.266397446,0.596735954,70.0000000,1280,720,minecraft:overworld,flashback_export_aligned
1,20260914-194915-flashback_export,flashback_export,538,31747648680100,89.231425637,-58.380000114,24.570688803,128.2510681,-15.4500055,0.120943464,0.432440430,-0.058660410,0.891586781,0.619108498,-0.000000007,-0.785305381,0.209203362,0.963863254,0.164928913,0.756927013,-0.266397446,0.596735954,70.0000000,1280,720,minecraft:overworld,flashback_export_aligned
1,20260914-194915-flashback_export,flashback_export,539,31747667633600,89.275975652,-58.380000114,24.514186291,128.2510681,-15.4500055,0.120943464,0.432440430,-0.058660410,0.891586781,0.619108498,-0.000000007,-0.785305381,0.209203362,0.963863254,0.164928913,0.756927013,-0.266397446,0.596735954,70.0000000,1280,720,minecraft:overworld,flashback_export_aligned
1,20260914-194915-flashback_export,flashback_export,540,31747689138900,89.320525662,-58.380000114,24.457683786,128.2510681,-15.4500055,0.120943464,0.432440430,-0.058660410,0.891586781,0.619108498,-0.000000007,-0.785305381,0.209203362,0.963863254,0.164928913,0.756927013,-0.266397446,0.596735954,70.0000000,1280,720,minecraft:overworld,flashback_export_aligned
1,20260914-194915-flashback_export,flashback_export,541,31747708565800,89.365075676,-58.380000114,24.401181274,128.2510681,-15.4500055,0.120943464,0.432440430,-0.058660410,0.891586781,0.619108498,-0.000000007,-0.785305381,0.209203362,0.963863254,0.164928913,0.756927013,-0.266397446,0.596735954,70.0000000,1280,720,minecraft:overworld,flashback_export_aligned
1,20260914-194915-flashback_export,flashback_export,542,31747729893300,89.409625691,-58.380000114,24.344678762,128.2510681,-15.4500055,0.120943464,0.432440430,-0.058660410,0.891586781,0.619108498,-0.000000007,-0.785305381,0.209203362,0.963863254,0.164928913,0.756927013,-0.266397446,0.596735954,70.0000000,1280,720,minecraft:overworld,flashback_export_aligned
1,20260914-194915-flashback_export,flashback_export,543,31747751842500,89.454175701,-58.380000114,24.288176256,128.2510681,-15.4500055,0.120943464,0.432440430,-0.058660410,0.891586781,0.619108498,-0.000000007,-0.785305381,0.209203362,0.963863254,0.164928913,0.756927013,-0.266397446,0.596735954,70.0000000,1280,720,minecraft:overworld,flashback_export_aligned
1,20260914-194915-flashback_export,flashback_export,544,31747770540200,89.498725714,-58.380000114,24.231673746,128.2510681,-15.4500055,0.120943464,0.432440430,-0.058660410,0.891586781,0.619108498,-0.000000007,-0.785305381,0.209203362,0.963863254,0.164928913,0.756927013,-0.266397446,0.596735954,70.0000000,1280,720,minecraft:overworld,flashback_export_aligned
1,20260914-194915-flashback_export,flashback_export,545,31747790167000,89.543275727,-58.380000114,24.175171236,128.2510681,-15.4500055,0.120943464,0.432440430,-0.058660410,0.891586781,0.619108498,-0.000000007,-0.785305381,0.209203362,0.963863254,0.164928913,0.756927013,-0.266397446,0.596735954,70.0000000,1280,720,minecraft:overworld,flashback_export_aligned
1,20260914-194915-flashback_export,flashback_export,546,31747814669900,89.587825740,-58.380000114,24.118668727,128.2510681,-15.4500055,0.120943464,0.432440430,-0.058660410,0.891586781,0.619108498,-0.000000007,-0.785305381,0.209203362,0.963863254,0.164928913,0.756927013,-0.266397446,0.596735954,70.0000000,1280,720,minecraft:overworld,flashback_export_aligned
1,20260914-194915-flashback_export,flashback_export,547,31747834570600,89.632375752,-58.380000114,24.062166218,128.2510681,-15.4500055,0.120943464,0.432440430,-0.058660410,0.891586781,0.619108498,-0.000000007,-0.785305381,0.209203362,0.963863254,0.164928913,0.756927013,-0.266397446,0.596735954,70.0000000,1280,720,minecraft:overworld,flashback_export_aligned
1,20260914-194915-flashback_export,flashback_export,548,31747838510100,89.676925764,-58.380000114,24.005663710,128.2510681,-15.4500055,0.120943464,0.432440430,-0.058660410,0.891586781,0.619108498,-0.000000007,-0.785305381,0.209203362,0.963863254,0.164928913,0.756927013,-0.266397446,0.596735954,70.0000000,1280,720,minecraft:overworld,flashback_export_aligned
1,20260914-194915-flashback_export,flashback_export,549,31747875391400,89.721475779,-58.380000114,23.949161197,128.2510681,-15.4500055,0.120943464,0.432440430,-0.058660410,0.891586781,0.619108498,-0.000000007,-0.785305381,0.209203362,0.963863254,0.164928913,0.756927013,-0.266397446,0.596735954,70.0000000,1280,720,minecraft:overworld,flashback_export_aligned
1,20260914-194915-flashback_export,flashback_export,550,31747893966600,89.766025792,-58.380000114,23.892658688,128.2510681,-15.4500055,0.120943464,0.432440430,-0.058660410,0.891586781,0.619108498,-0.000000007,-0.785305381,0.209203362,0.963863254,0.164928913,0.756927013,-0.266397446,0.596735954,70.0000000,1280,720,minecraft:overworld,flashback_export_aligned
1,20260914-194915-flashback_export,flashback_export,551,31747899175500,89.810575804,-58.380000114,23.836156178,128.2510681,-15.4500055,0.120943464,0.432440430,-0.058660410,0.891586781,0.619108498,-0.000000007,-0.785305381,0.209203362,0.963863254,0.164928913,0.756927013,-0.266397446,0.596735954,70.0000000,1280,720,minecraft:overworld,flashback_export_aligned
1,20260914-194915-flashback_export,flashback_export,552,31747939775700,89.855125818,-58.380000114,23.779653668,128.2510681,-15.4500055,0.120943464,0.432440430,-0.058660410,0.891586781,0.619108498,-0.000000007,-0.785305381,0.209203362,0.963863254,0.164928913,0.756927013,-0.266397446,0.596735954,70.0000000,1280,720,minecraft:overworld,flashback_export_aligned
1,20260914-194915-flashback_export,flashback_export,553,31747959442000,89.899675832,-58.380000114,23.723151156,128.2510681,-15.4500055,0.120943464,0.432440430,-0.058660410,0.891586781,0.619108498,-0.000000007,-0.785305381,0.209203362,0.963863254,0.164928913,0.756927013,-0.266397446,0.596735954,70.0000000,1280,720,minecraft:overworld,flashback_export_aligned
1,20260914-194915-flashback_export,flashback_export,554,31747982575000,89.944225846,-58.380000114,23.666648645,128.2510681,-15.4500055,0.120943464,0.432440430,-0.058660410,0.891586781,0.619108498,-0.000000007,-0.785305381,0.209203362,0.963863254,0.164928913,0.756927013,-0.266397446,0.596735954,70.0000000,1280,720,minecraft:overworld,flashback_export_aligned
1,20260914-194915-flashback_export,flashback_export,555,31748007866200,89.988775857,-58.380000114,23.610146138,128.2510681,-15.4500055,0.120943464,0.432440430,-0.058660410,0.891586781,0.619108498,-0.000000007,-0.785305381,0.209203362,0.963863254,0.164928913,0.756927013,-0.266397446,0.596735954,70.0000000,1280,720,minecraft:overworld,flashback_export_aligned
1,20260914-194915-flashback_export,flashback_export,556,31748032319700,90.033325871,-58.380000114,23.553643627,128.2510681,-15.4500055,0.120943464,0.432440430,-0.058660410,0.891586781,0.619108498,-0.000000007,-0.785305381,0.209203362,0.963863254,0.164928913,0.756927013,-0.266397446,0.596735954,70.0000000,1280,720,minecraft:overworld,flashback_export_aligned
1,20260914-194915-flashback_export,flashback_export,557,31748052597700,90.077875886,-58.380000114,23.497141115,128.2510681,-15.4500055,0.120943464,0.432440430,-0.058660410,0.891586781,0.619108498,-0.000000007,-0.785305381,0.209203362,0.963863254,0.164928913,0.756927013,-0.266397446,0.596735954,70.0000000,1280,720,minecraft:overworld,flashback_export_aligned
1,20260914-194915-flashback_export,flashback_export,558,31748073216900,90.122425896,-58.380000114,23.440638608,128.2510681,-15.4500055,0.120943464,0.432440430,-0.058660410,0.891586781,0.619108498,-0.000000007,-0.785305381,0.209203362,0.963863254,0.164928913,0.756927013,-0.266397446,0.596735954,70.0000000,1280,720,minecraft:overworld,flashback_export_aligned
1,20260914-194915-flashback_export,flashback_export,559,31748091794400,90.166975911,-58.380000114,23.384136097,128.2510681,-15.4500055,0.120943464,0.432440430,-0.058660410,0.891586781,0.619108498,-0.000000007,-0.785305381,0.209203362,0.963863254,0.164928913,0.756927013,-0.266397446,0.596735954,70.0000000,1280,720,minecraft:overworld,flashback_export_aligned
1,20260914-194915-flashback_export,flashback_export,560,31748112395800,90.211525925,-58.380000114,23.327633586,128.2510681,-15.4500055,0.120943464,0.432440430,-0.058660410,0.891586781,0.619108498,-0.000000007,-0.785305381,0.209203362,0.963863254,0.164928913,0.756927013,-0.266397446,0.596735954,70.0000000,1280,720,minecraft:overworld,flashback_export_aligned
1,20260914-194915-flashback_export,flashback_export,561,31748132722600,90.256075935,-58.380000114,23.271131079,128.2510681,-15.4500055,0.120943464,0.432440430,-0.058660410,0.891586781,0.619108498,-0.000000007,-0.785305381,0.209203362,0.963863254,0.164928913,0.756927013,-0.266397446,0.596735954,70.0000000,1280,720,minecraft:overworld,flashback_export_aligned
1,20260914-194915-flashback_export,flashback_export,562,31748151427400,90.300625952,-58.380000114,23.214628565,128.2510681,-15.4500055,0.120943464,0.432440430,-0.058660410,0.891586781,0.619108498,-0.000000007,-0.785305381,0.209203362,0.963863254,0.164928913,0.756927013,-0.266397446,0.596735954,70.0000000,1280,720,minecraft:overworld,flashback_export_aligned
1,20260914-194915-flashback_export,flashback_export,563,31748155273500,90.345175968,-58.380000114,23.158126051,128.2510681,-15.4500055,0.120943464,0.432440430,-0.058660410,0.891586781,0.619108498,-0.000000007,-0.785305381,0.209203362,0.963863254,0.164928913,0.756927013,-0.266397446,0.596735954,70.0000000,1280,720,minecraft:overworld,flashback_export_aligned
1,20260914-194915-flashback_export,flashback_export,564,31748191065600,90.389725975,-58.380000114,23.101623549,128.2510681,-15.4500055,0.120943464,0.432440430,-0.058660410,0.891586781,0.619108498,-0.000000007,-0.785305381,0.209203362,0.963863254,0.164928913,0.756927013,-0.266397446,0.596735954,70.0000000,1280,720,minecraft:overworld,flashback_export_aligned
1,20260914-194915-flashback_export,flashback_export,565,31748210281400,90.434275987,-58.380000114,23.045121040,128.2510681,-15.4500055,0.120943464,0.432440430,-0.058660410,0.891586781,0.619108498,-0.000000007,-0.785305381,0.209203362,0.963863254,0.164928913,0.756927013,-0.266397446,0.596735954,70.0000000,1280,720,minecraft:overworld,flashback_export_aligned
1,20260914-194915-flashback_export,flashback_export,566,31748216005300,90.478826000,-58.380000114,22.988618530,128.2510681,-15.4500055,0.120943464,0.432440430,-0.058660410,0.891586781,0.619108498,-0.000000007,-0.785305381,0.209203362,0.963863254,0.164928913,0.756927013,-0.266397446,0.596735954,70.0000000,1280,720,minecraft:overworld,flashback_export_aligned
1,20260914-194915-flashback_export,flashback_export,567,31748250678100,90.523376014,-58.380000114,22.932116020,128.2510681,-15.4500055,0.120943464,0.432440430,-0.058660410,0.891586781,0.619108498,-0.000000007,-0.785305381,0.209203362,0.963863254,0.164928913,0.756927013,-0.266397446,0.596735954,70.0000000,1280,720,minecraft:overworld,flashback_export_aligned
1,20260914-194915-flashback_export,flashback_export,568,31748270389400,90.567926028,-58.380000114,22.875613508,128.2510681,-15.4500055,0.120943464,0.432440430,-0.058660410,0.891586781,0.619108498,-0.000000007,-0.785305381,0.209203362,0.963863254,0.164928913,0.756927013,-0.266397446,0.596735954,70.0000000,1280,720,minecraft:overworld,flashback_export_aligned
1,20260914-194915-flashback_export,flashback_export,569,31748273924300,90.612476042,-58.380000114,22.819110997,128.2510681,-15.4500055,0.120943464,0.432440430,-0.058660410,0.891586781,0.619108498,-0.000000007,-0.785305381,0.209203362,0.963863254,0.164928913,0.756927013,-0.266397446,0.596735954,70.0000000,1280,720,minecraft:overworld,flashback_export_aligned
1,20260914-194915-flashback_export,flashback_export,570,31748311151400,90.657026053,-58.380000114,22.762608490,128.2510681,-15.4500055,0.120943464,0.432440430,-0.058660410,0.891586781,0.619108498,-0.000000007,-0.785305381,0.209203362,0.963863254,0.164928913,0.756927013,-0.266397446,0.596735954,70.0000000,1280,720,minecraft:overworld,flashback_export_aligned
1,20260914-194915-flashback_export,flashback_export,571,31748315460700,90.701576069,-58.380000114,22.706105976,128.2510681,-15.4500055,0.120943464,0.432440430,-0.058660410,0.891586781,0.619108498,-0.000000007,-0.785305381,0.209203362,0.963863254,0.164928913,0.756927013,-0.266397446,0.596735954,70.0000000,1280,720,minecraft:overworld,flashback_export_aligned
1,20260914-194915-flashback_export,flashback_export,572,31748349120400,90.746126085,-58.380000114,22.649603463,128.2510681,-15.4500055,0.120943464,0.432440430,-0.058660410,0.891586781,0.619108498,-0.000000007,-0.785305381,0.209203362,0.963863254,0.164928913,0.756927013,-0.266397446,0.596735954,70.0000000,1280,720,minecraft:overworld,flashback_export_aligned
1,20260914-194915-flashback_export,flashback_export,573,31748370418200,90.790676092,-58.380000114,22.593100961,128.2510681,-15.4500055,0.120943464,0.432440430,-0.058660410,0.891586781,0.619108498,-0.000000007,-0.785305381,0.209203362,0.963863254,0.164928913,0.756927013,-0.266397446,0.596735954,70.0000000,1280,720,minecraft:overworld,flashback_export_aligned
1,20260914-194915-flashback_export,flashback_export,574,31748388345100,90.835226107,-58.380000114,22.536598448,128.2510681,-15.4500055,0.120943464,0.432440430,-0.058660410,0.891586781,0.619108498,-0.000000007,-0.785305381,0.209203362,0.963863254,0.164928913,0.756927013,-0.266397446,0.596735954,70.0000000,1280,720,minecraft:overworld,flashback_export_aligned
1,20260914-194915-flashback_export,flashback_export,575,31748391858900,90.879776123,-58.380000114,22.480095935,128.2510681,-15.4500055,0.120943464,0.432440430,-0.058660410,0.891586781,0.619108498,-0.000000007,-0.785305381,0.209203362,0.963863254,0.164928913,0.756927013,-0.266397446,0.596735954,70.0000000,1280,720,minecraft:overworld,flashback_export_aligned
1,20260914-194915-flashback_export,flashback_export,576,31748426471100,90.924326131,-58.380000114,22.423593431,128.2510681,-15.4500055,0.120943464,0.432440430,-0.058660410,0.891586781,0.619108498,-0.000000007,-0.785305381,0.209203362,0.963863254,0.164928913,0.756927013,-0.266397446,0.596735954,70.0000000,1280,720,minecraft:overworld,flashback_export_aligned
1,20260914-194915-flashback_export,flashback_export,577,31748446591500,90.968876145,-58.380000114,22.367090920,128.2510681,-15.4500055,0.120943464,0.432440430,-0.058660410,0.891586781,0.619108498,-0.000000007,-0.785305381,0.209203362,0.963863254,0.164928913,0.756927013,-0.266397446,0.596735954,70.0000000,1280,720,minecraft:overworld,flashback_export_aligned
1,20260914-194915-flashback_export,flashback_export,578,31748465213500,91.013426158,-58.380000114,22.310588410,128.2510681,-15.4500055,0.120943464,0.432440430,-0.058660410,0.891586781,0.619108498,-0.000000007,-0.785305381,0.209203362,0.963863254,0.164928913,0.756927013,-0.266397446,0.596735954,70.0000000,1280,720,minecraft:overworld,flashback_export_aligned
1,20260914-194915-flashback_export,flashback_export,579,31748486434700,91.057976170,-58.380000114,22.254085901,128.2510681,-15.4500055,0.120943464,0.432440430,-0.058660410,0.891586781,0.619108498,-0.000000007,-0.785305381,0.209203362,0.963863254,0.164928913,0.756927013,-0.266397446,0.596735954,70.0000000,1280,720,minecraft:overworld,flashback_export_aligned
1,20260914-194915-flashback_export,flashback_export,580,31748504784200,91.102526184,-58.380000114,22.197583391,128.2510681,-15.4500055,0.120943464,0.432440430,-0.058660410,0.891586781,0.619108498,-0.000000007,-0.785305381,0.209203362,0.963863254,0.164928913,0.756927013,-0.266397446,0.596735954,70.0000000,1280,720,minecraft:overworld,flashback_export_aligned
1,20260914-194915-flashback_export,flashback_export,581,31748508540900,91.147076197,-58.380000114,22.141080880,128.2510681,-15.4500055,0.120943464,0.432440430,-0.058660410,0.891586781,0.619108498,-0.000000007,-0.785305381,0.209203362,0.963863254,0.164928913,0.756927013,-0.266397446,0.596735954,70.0000000,1280,720,minecraft:overworld,flashback_export_aligned
1,20260914-194915-flashback_export,flashback_export,582,31748543033400,91.191626210,-58.380000114,22.084578372,128.2510681,-15.4500055,0.120943464,0.432440430,-0.058660410,0.891586781,0.619108498,-0.000000007,-0.785305381,0.209203362,0.963863254,0.164928913,0.756927013,-0.266397446,0.596735954,70.0000000,1280,720,minecraft:overworld,flashback_export_aligned
1,20260914-194915-flashback_export,flashback_export,583,31748562638700,91.236176223,-58.380000114,22.028075862,128.2510681,-15.4500055,0.120943464,0.432440430,-0.058660410,0.891586781,0.619108498,-0.000000007,-0.785305381,0.209203362,0.963863254,0.164928913,0.756927013,-0.266397446,0.596735954,70.0000000,1280,720,minecraft:overworld,flashback_export_aligned
1,20260914-194915-flashback_export,flashback_export,584,31748581089600,91.280726236,-58.380000114,21.971573352,128.2510681,-15.4500055,0.120943464,0.432440430,-0.058660410,0.891586781,0.619108498,-0.000000007,-0.785305381,0.209203362,0.963863254,0.164928913,0.756927013,-0.266397446,0.596735954,70.0000000,1280,720,minecraft:overworld,flashback_export_aligned
1,20260914-194915-flashback_export,flashback_export,585,31748602710900,91.325276249,-58.380000114,21.915070842,128.2510681,-15.4500055,0.120943464,0.432440430,-0.058660410,0.891586781,0.619108498,-0.000000007,-0.785305381,0.209203362,0.963863254,0.164928913,0.756927013,-0.266397446,0.596735954,70.0000000,1280,720,minecraft:overworld,flashback_export_aligned
1,20260914-194915-flashback_export,flashback_export,586,31748621058600,91.369826262,-58.380000114,21.858568332,128.2510681,-15.4500055,0.120943464,0.432440430,-0.058660410,0.891586781,0.619108498,-0.000000007,-0.785305381,0.209203362,0.963863254,0.164928913,0.756927013,-0.266397446,0.596735954,70.0000000,1280,720,minecraft:overworld,flashback_export_aligned
1,20260914-194915-flashback_export,flashback_export,587,31748639085300,91.414376275,-58.380000114,21.802065822,128.2510681,-15.4500055,0.120943464,0.432440430,-0.058660410,0.891586781,0.619108498,-0.000000007,-0.785305381,0.209203362,0.963863254,0.164928913,0.756927013,-0.266397446,0.596735954,70.0000000,1280,720,minecraft:overworld,flashback_export_aligned
1,20260914-194915-flashback_export,flashback_export,588,31748659657200,91.458926288,-58.380000114,21.745563313,128.2510681,-15.4500055,0.120943464,0.432440430,-0.058660410,0.891586781,0.619108498,-0.000000007,-0.785305381,0.209203362,0.963863254,0.164928913,0.756927013,-0.266397446,0.596735954,70.0000000,1280,720,minecraft:overworld,flashback_export_aligned
1,20260914-194915-flashback_export,flashback_export,589,31748680649800,91.503476301,-58.380000114,21.689060802,128.2510681,-15.4500055,0.120943464,0.432440430,-0.058660410,0.891586781,0.619108498,-0.000000007,-0.785305381,0.209203362,0.963863254,0.164928913,0.756927013,-0.266397446,0.596735954,70.0000000,1280,720,minecraft:overworld,flashback_export_aligned
1,20260914-194915-flashback_export,flashback_export,590,31748698380400,91.548026314,-58.380000114,21.632558292,128.2510681,-15.4500055,0.120943464,0.432440430,-0.058660410,0.891586781,0.619108498,-0.000000007,-0.785305381,0.209203362,0.963863254,0.164928913,0.756927013,-0.266397446,0.596735954,70.0000000,1280,720,minecraft:overworld,flashback_export_aligned
1,20260914-194915-flashback_export,flashback_export,591,31748736346500,91.592576327,-58.380000114,21.576055783,128.2510681,-15.4500055,0.120943464,0.432440430,-0.058660410,0.891586781,0.619108498,-0.000000007,-0.785305381,0.209203362,0.963863254,0.164928913,0.756927013,-0.266397446,0.596735954,70.0000000,1280,720,minecraft:overworld,flashback_export_aligned
1,20260914-194915-flashback_export,flashback_export,592,31748754632800,91.637126341,-58.380000114,21.519553272,128.2510681,-15.4500055,0.120943464,0.432440430,-0.058660410,0.891586781,0.619108498,-0.000000007,-0.785305381,0.209203362,0.963863254,0.164928913,0.756927013,-0.266397446,0.596735954,70.0000000,1280,720,minecraft:overworld,flashback_export_aligned
1,20260914-194915-flashback_export,flashback_export,593,31748758074100,91.681676354,-58.380000114,21.463050762,128.2510681,-15.4500055,0.120943464,0.432440430,-0.058660410,0.891586781,0.619108498,-0.000000007,-0.785305381,0.209203362,0.963863254,0.164928913,0.756927013,-0.266397446,0.596735954,70.0000000,1280,720,minecraft:overworld,flashback_export_aligned
1,20260914-194915-flashback_export,flashback_export,594,31748793848800,91.726226366,-58.380000114,21.406548253,128.2510681,-15.4500055,0.120943464,0.432440430,-0.058660410,0.891586781,0.619108498,-0.000000007,-0.785305381,0.209203362,0.963863254,0.164928913,0.756927013,-0.266397446,0.596735954,70.0000000,1280,720,minecraft:overworld,flashback_export_aligned
1,20260914-194915-flashback_export,flashback_export,595,31748813389400,91.770776380,-58.380000114,21.350045743,128.2510681,-15.4500055,0.120943464,0.432440430,-0.058660410,0.891586781,0.619108498,-0.000000007,-0.785305381,0.209203362,0.963863254,0.164928913,0.756927013,-0.266397446,0.596735954,70.0000000,1280,720,minecraft:overworld,flashback_export_aligned
1,20260914-194915-flashback_export,flashback_export,596,31748831254000,91.815326393,-58.380000114,21.293543232,128.2510681,-15.4500055,0.120943464,0.432440430,-0.058660410,0.891586781,0.619108498,-0.000000007,-0.785305381,0.209203362,0.963863254,0.164928913,0.756927013,-0.266397446,0.596735954,70.0000000,1280,720,minecraft:overworld,flashback_export_aligned
1,20260914-194915-flashback_export,flashback_export,597,31748851498200,91.859876405,-58.380000114,21.237040724,128.2510681,-15.4500055,0.120943464,0.432440430,-0.058660410,0.891586781,0.619108498,-0.000000007,-0.785305381,0.209203362,0.963863254,0.164928913,0.756927013,-0.266397446,0.596735954,70.0000000,1280,720,minecraft:overworld,flashback_export_aligned
1,20260914-194915-flashback_export,flashback_export,598,31748869160100,91.904426419,-58.380000114,21.180538213,128.2510681,-15.4500055,0.120943464,0.432440430,-0.058660410,0.891586781,0.619108498,-0.000000007,-0.785305381,0.209203362,0.963863254,0.164928913,0.756927013,-0.266397446,0.596735954,70.0000000,1280,720,minecraft:overworld,flashback_export_aligned
1,20260914-194915-flashback_export,flashback_export,599,31748886767000,91.948976433,-58.380000114,21.124035702,128.2510681,-15.4500055,0.120943464,0.432440430,-0.058660410,0.891586781,0.619108498,-0.000000007,-0.785305381,0.209203362,0.963863254,0.164928913,0.756927013,-0.266397446,0.596735954,70.0000000,1280,720,minecraft:overworld,flashback_export_aligned
1,20260914-194915-flashback_export,flashback_export,600,31748907060600,91.993526444,-58.380000114,21.067533194,128.2510681,-15.4500055,0.120943464,0.432440430,-0.058660410,0.891586781,0.619108498,-0.000000007,-0.785305381,0.209203362,0.963863254,0.164928913,0.756927013,-0.266397446,0.596735954,70.0000000,1280,720,minecraft:overworld,flashback_export_aligned
1,20260914-194915-flashback_export,flashback_export,601,31748926399600,92.038076458,-58.380000114,21.011030684,128.2510681,-15.4500055,0.120943464,0.432440430,-0.058660410,0.891586781,0.619108498,-0.000000007,-0.785305381,0.209203362,0.963863254,0.164928913,0.756927013,-0.266397446,0.596735954,70.0000000,1280,720,minecraft:overworld,flashback_export_aligned
1,20260914-194915-flashback_export,flashback_export,602,31748946374600,92.082626471,-58.380000114,20.954528174,128.2510681,-15.4500055,0.120943464,0.432440430,-0.058660410,0.891586781,0.619108498,-0.000000007,-0.785305381,0.209203362,0.963863254,0.164928913,0.756927013,-0.266397446,0.596735954,70.0000000,1280,720,minecraft:overworld,flashback_export_aligned
1,20260914-194915-flashback_export,flashback_export,603,31748967347600,92.127176484,-58.380000114,20.898025665,128.2510681,-15.4500055,0.120943464,0.432440430,-0.058660410,0.891586781,0.619108498,-0.000000007,-0.785305381,0.209203362,0.963863254,0.164928913,0.756927013,-0.266397446,0.596735954,70.0000000,1280,720,minecraft:overworld,flashback_export_aligned
1,20260914-194915-flashback_export,flashback_export,604,31748984827900,92.171726497,-58.380000114,20.841523154,128.2510681,-15.4500055,0.120943464,0.432440430,-0.058660410,0.891586781,0.619108498,-0.000000007,-0.785305381,0.209203362,0.963863254,0.164928913,0.756927013,-0.266397446,0.596735954,70.0000000,1280,720,minecraft:overworld,flashback_export_aligned
1,20260914-194915-flashback_export,flashback_export,605,31749004448500,92.216276511,-58.380000114,20.785020643,128.2510681,-15.4500055,0.120943464,0.432440430,-0.058660410,0.891586781,0.619108498,-0.000000007,-0.785305381,0.209203362,0.963863254,0.164928913,0.756927013,-0.266397446,0.596735954,70.0000000,1280,720,minecraft:overworld,flashback_export_aligned
1,20260914-194915-flashback_export,flashback_export,606,31749026217500,92.260826523,-58.380000114,20.728518135,128.2510681,-15.4500055,0.120943464,0.432440430,-0.058660410,0.891586781,0.619108498,-0.000000007,-0.785305381,0.209203362,0.963863254,0.164928913,0.756927013,-0.266397446,0.596735954,70.0000000,1280,720,minecraft:overworld,flashback_export_aligned
1,20260914-194915-flashback_export,flashback_export,607,31749030254100,92.305376536,-58.380000114,20.672015624,128.2510681,-15.4500055,0.120943464,0.432440430,-0.058660410,0.891586781,0.619108498,-0.000000007,-0.785305381,0.209203362,0.963863254,0.164928913,0.756927013,-0.266397446,0.596735954,70.0000000,1280,720,minecraft:overworld,flashback_export_aligned
1,20260914-194915-flashback_export,flashback_export,608,31749065256300,92.349926550,-58.380000114,20.615513114,128.2510681,-15.4500055,0.120943464,0.432440430,-0.058660410,0.891586781,0.619108498,-0.000000007,-0.785305381,0.209203362,0.963863254,0.164928913,0.756927013,-0.266397446,0.596735954,70.0000000,1280,720,minecraft:overworld,flashback_export_aligned
1,20260914-194915-flashback_export,flashback_export,609,31749086161900,92.394476562,-58.380000114,20.559010605,128.2510681,-15.4500055,0.120943464,0.432440430,-0.058660410,0.891586781,0.619108498,-0.000000007,-0.785305381,0.209203362,0.963863254,0.164928913,0.756927013,-0.266397446,0.596735954,70.0000000,1280,720,minecraft:overworld,flashback_export_aligned
1,20260914-194915-flashback_export,flashback_export,610,31749104412200,92.439026576,-58.380000114,20.502508095,128.2510681,-15.4500055,0.120943464,0.432440430,-0.058660410,0.891586781,0.619108498,-0.000000007,-0.785305381,0.209203362,0.963863254,0.164928913,0.756927013,-0.266397446,0.596735954,70.0000000,1280,720,minecraft:overworld,flashback_export_aligned
1,20260914-194915-flashback_export,flashback_export,611,31749108025800,92.483576589,-58.380000114,20.446005584,128.2510681,-15.4500055,0.120943464,0.432440430,-0.058660410,0.891586781,0.619108498,-0.000000007,-0.785305381,0.209203362,0.963863254,0.164928913,0.756927013,-0.266397446,0.596735954,70.0000000,1280,720,minecraft:overworld,flashback_export_aligned
1,20260914-194915-flashback_export,flashback_export,612,31749143314100,92.528126601,-58.380000114,20.389503076,128.2510681,-15.4500055,0.120943464,0.432440430,-0.058660410,0.891586781,0.619108498,-0.000000007,-0.785305381,0.209203362,0.963863254,0.164928913,0.756927013,-0.266397446,0.596735954,70.0000000,1280,720,minecraft:overworld,flashback_export_aligned
1,20260914-194915-flashback_export,flashback_export,613,31749148060300,92.572676614,-58.380000114,20.333000565,128.2510681,-15.4500055,0.120943464,0.432440430,-0.058660410,0.891586781,0.619108498,-0.000000007,-0.785305381,0.209203362,0.963863254,0.164928913,0.756927013,-0.266397446,0.596735954,70.0000000,1280,720,minecraft:overworld,flashback_export_aligned
1,20260914-194915-flashback_export,flashback_export,614,31749182156800,92.617226628,-58.380000114,20.276498055,128.2510681,-15.4500055,0.120943464,0.432440430,-0.058660410,0.891586781,0.619108498,-0.000000007,-0.785305381,0.209203362,0.963863254,0.164928913,0.756927013,-0.266397446,0.596735954,70.0000000,1280,720,minecraft:overworld,flashback_export_aligned
1,20260914-194915-flashback_export,flashback_export,615,31749201663200,92.661776640,-58.380000114,20.219995546,128.2510681,-15.4500055,0.120943464,0.432440430,-0.058660410,0.891586781,0.619108498,-0.000000007,-0.785305381,0.209203362,0.963863254,0.164928913,0.756927013,-0.266397446,0.596735954,70.0000000,1280,720,minecraft:overworld,flashback_export_aligned
1,20260914-194915-flashback_export,flashback_export,616,31749220105700,92.706326654,-58.380000114,20.163493035,128.2510681,-15.4500055,0.120943464,0.432440430,-0.058660410,0.891586781,0.619108498,-0.000000007,-0.785305381,0.209203362,0.963863254,0.164928913,0.756927013,-0.266397446,0.596735954,70.0000000,1280,720,minecraft:overworld,flashback_export_aligned
1,20260914-194915-flashback_export,flashback_export,617,31749223876400,92.750876668,-58.380000114,20.106990525,128.2510681,-15.4500055,0.120943464,0.432440430,-0.058660410,0.891586781,0.619108498,-0.000000007,-0.785305381,0.209203362,0.963863254,0.164928913,0.756927013,-0.266397446,0.596735954,70.0000000,1280,720,minecraft:overworld,flashback_export_aligned
1,20260914-194915-flashback_export,flashback_export,618,31749258752800,92.795426679,-58.380000114,20.050488017,128.2510681,-15.4500055,0.120943464,0.432440430,-0.058660410,0.891586781,0.619108498,-0.000000007,-0.785305381,0.209203362,0.963863254,0.164928913,0.756927013,-0.266397446,0.596735954,70.0000000,1280,720,minecraft:overworld,flashback_export_aligned
1,20260914-194915-flashback_export,flashback_export,619,31749282296900,92.839976695,-58.380000114,19.993985503,128.2510681,-15.4500055,0.120943464,0.432440430,-0.058660410,0.891586781,0.619108498,-0.000000007,-0.785305381,0.209203362,0.963863254,0.164928913,0.756927013,-0.266397446,0.596735954,70.0000000,1280,720,minecraft:overworld,flashback_export_aligned
1,20260914-194915-flashback_export,flashback_export,620,31749300181200,92.884526711,-58.380000114,19.937482989,128.2510681,-15.4500055,0.120943464,0.432440430,-0.058660410,0.891586781,0.619108498,-0.000000007,-0.785305381,0.209203362,0.963863254,0.164928913,0.756927013,-0.266397446,0.596735954,70.0000000,1280,720,minecraft:overworld,flashback_export_aligned
1,20260914-194915-flashback_export,flashback_export,621,31749323370300,92.929076719,-58.380000114,19.880980487,128.2510681,-15.4500055,0.120943464,0.432440430,-0.058660410,0.891586781,0.619108498,-0.000000007,-0.785305381,0.209203362,0.963863254,0.164928913,0.756927013,-0.266397446,0.596735954,70.0000000,1280,720,minecraft:overworld,flashback_export_aligned
1,20260914-194915-flashback_export,flashback_export,622,31749342273200,92.973626732,-58.380000114,19.824477977,128.2510681,-15.4500055,0.120943464,0.432440430,-0.058660410,0.891586781,0.619108498,-0.000000007,-0.785305381,0.209203362,0.963863254,0.164928913,0.756927013,-0.266397446,0.596735954,70.0000000,1280,720,minecraft:overworld,flashback_export_aligned
1,20260914-194915-flashback_export,flashback_export,623,31749362390300,93.018176745,-58.380000114,19.767975466,128.2510681,-15.4500055,0.120943464,0.432440430,-0.058660410,0.891586781,0.619108498,-0.000000007,-0.785305381,0.209203362,0.963863254,0.164928913,0.756927013,-0.266397446,0.596735954,70.0000000,1280,720,minecraft:overworld,flashback_export_aligned
1,20260914-194915-flashback_export,flashback_export,624,31749383836900,93.062726758,-58.380000114,19.711472957,128.2510681,-15.4500055,0.120943464,0.432440430,-0.058660410,0.891586781,0.619108498,-0.000000007,-0.785305381,0.209203362,0.963863254,0.164928913,0.756927013,-0.266397446,0.596735954,70.0000000,1280,720,minecraft:overworld,flashback_export_aligned
1,20260914-194915-flashback_export,flashback_export,625,31749401646900,93.107276771,-58.380000114,19.654970447,128.2510681,-15.4500055,0.120943464,0.432440430,-0.058660410,0.891586781,0.619108498,-0.000000007,-0.785305381,0.209203362,0.963863254,0.164928913,0.756927013,-0.266397446,0.596735954,70.0000000,1280,720,minecraft:overworld,flashback_export_aligned
1,20260914-194915-flashback_export,flashback_export,626,31749405515200,93.151826785,-58.380000114,19.598467936,128.2510681,-15.4500055,0.120943464,0.432440430,-0.058660410,0.891586781,0.619108498,-0.000000007,-0.785305381,0.209203362,0.963863254,0.164928913,0.756927013,-0.266397446,0.596735954,70.0000000,1280,720,minecraft:overworld,flashback_export_aligned
1,20260914-194915-flashback_export,flashback_export,627,31749440500900,93.196376797,-58.380000114,19.541965428,128.2510681,-15.4500055,0.120943464,0.432440430,-0.058660410,0.891586781,0.619108498,-0.000000007,-0.785305381,0.209203362,0.963863254,0.164928913,0.756927013,-0.266397446,0.596735954,70.0000000,1280,720,minecraft:overworld,flashback_export_aligned
1,20260914-194915-flashback_export,flashback_export,628,31749458809000,93.240926813,-58.380000114,19.485462914,128.2510681,-15.4500055,0.120943464,0.432440430,-0.058660410,0.891586781,0.619108498,-0.000000007,-0.785305381,0.209203362,0.963863254,0.164928913,0.756927013,-0.266397446,0.596735954,70.0000000,1280,720,minecraft:overworld,flashback_export_aligned
1,20260914-194915-flashback_export,flashback_export,629,31749479203400,93.285476829,-58.380000114,19.428960400,128.2510681,-15.4500055,0.120943464,0.432440430,-0.058660410,0.891586781,0.619108498,-0.000000007,-0.785305381,0.209203362,0.963863254,0.164928913,0.756927013,-0.266397446,0.596735954,70.0000000,1280,720,minecraft:overworld,flashback_export_aligned
1,20260914-194915-flashback_export,flashback_export,630,31749499746700,93.330026836,-58.380000114,19.372457898,128.2510681,-15.4500055,0.120943464,0.432440430,-0.058660410,0.891586781,0.619108498,-0.000000007,-0.785305381,0.209203362,0.963863254,0.164928913,0.756927013,-0.266397446,0.596735954,70.0000000,1280,720,minecraft:overworld,flashback_export_aligned
1,20260914-194915-flashback_export,flashback_export,631,31749517351300,93.374576849,-58.380000114,19.315955388,128.2510681,-15.4500055,0.120943464,0.432440430,-0.058660410,0.891586781,0.619108498,-0.000000007,-0.785305381,0.209203362,0.963863254,0.164928913,0.756927013,-0.266397446,0.596735954,70.0000000,1280,720,minecraft:overworld,flashback_export_aligned
1,20260914-194915-flashback_export,flashback_export,632,31749535008800,93.419126863,-58.380000114,19.259452877,128.2510681,-15.4500055,0.120943464,0.432440430,-0.058660410,0.891586781,0.619108498,-0.000000007,-0.785305381,0.209203362,0.963863254,0.164928913,0.756927013,-0.266397446,0.596735954,70.0000000,1280,720,minecraft:overworld,flashback_export_aligned
1,20260914-194915-flashback_export,flashback_export,633,31749555814400,93.463676875,-58.380000114,19.202950369,128.2510681,-15.4500055,0.120943464,0.432440430,-0.058660410,0.891586781,0.619108498,-0.000000007,-0.785305381,0.209203362,0.963863254,0.164928913,0.756927013,-0.266397446,0.596735954,70.0000000,1280,720,minecraft:overworld,flashback_export_aligned
1,20260914-194915-flashback_export,flashback_export,634,31749574109400,93.502585081,-58.380000114,19.153603328,128.2510681,-15.4500055,0.120943464,0.432440430,-0.058660410,0.891586781,0.619108498,-0.000000007,-0.785305381,0.209203362,0.963863254,0.164928913,0.756927013,-0.266397446,0.596735954,70.0000000,1280,720,minecraft:overworld,flashback_export_aligned
1,20260914-194915-flashback_export,flashback_export,635,31749594034700,93.541493287,-58.380000114,19.104256288,128.2510681,-15.4500055,0.120943464,0.432440430,-0.058660410,0.891586781,0.619108498,-0.000000007,-0.785305381,0.209203362,0.963863254,0.164928913,0.756927013,-0.266397446,0.596735954,70.0000000,1280,720,minecraft:overworld,flashback_export_aligned
1,20260914-194915-flashback_export,flashback_export,636,31749616942400,93.597326914,-58.380000114,19.033442839,128.2510681,-15.4500055,0.120943464,0.432440430,-0.058660410,0.891586781,0.619108498,-0.000000007,-0.785305381,0.209203362,0.963863254,0.164928913,0.756927013,-0.266397446,0.596735954,70.0000000,1280,720,minecraft:overworld,flashback_export_aligned
1,20260914-194915-flashback_export,flashback_export,637,31749635355600,93.621156986,-58.380000114,19.003219305,128.2510681,-15.4500055,0.120943464,0.432440430,-0.058660410,0.891586781,0.619108498,-0.000000007,-0.785305381,0.209203362,0.963863254,0.164928913,0.756927013,-0.266397446,0.596735954,70.0000000,1280,720,minecraft:overworld,flashback_export_aligned
1,20260914-194915-flashback_export,flashback_export,638,31749639163800,93.644987057,-58.380000114,18.972995770,128.2510681,-15.4500055,0.120943464,0.432440430,-0.058660410,0.891586781,0.619108498,-0.000000007,-0.785305381,0.209203362,0.963863254,0.164928913,0.756927013,-0.266397446,0.596735954,70.0000000,1280,720,minecraft:overworld,flashback_export_aligned
1,20260914-194915-flashback_export,flashback_export,639,31749674039600,93.670299844,-58.380000114,18.940891717,128.2510681,-15.4500055,0.120943464,0.432440430,-0.058660410,0.891586781,0.619108498,-0.000000007,-0.785305381,0.209203362,0.963863254,0.164928913,0.756927013,-0.266397446,0.596735954,70.0000000,1280,720,minecraft:overworld,flashback_export_aligned
1,20260914-194915-flashback_export,flashback_export,640,31749692380400,93.682095607,-58.380000114,18.925931223,128.2510681,-15.4500055,0.120943464,0.432440430,-0.058660410,0.891586781,0.619108498,-0.000000007,-0.785305381,0.209203362,0.963863254,0.164928913,0.756927013,-0.266397446,0.596735954,70.0000000,1280,720,minecraft:overworld,flashback_export_aligned
1,20260914-194915-flashback_export,flashback_export,641,31749712959500,93.693891370,-58.380000114,18.910970728,128.2510681,-15.4500055,0.120943464,0.432440430,-0.058660410,0.891586781,0.619108498,-0.000000007,-0.785305381,0.209203362,0.963863254,0.164928913,0.756927013,-0.266397446,0.596735954,70.0000000,1280,720,minecraft:overworld,flashback_export_aligned
1,20260914-194915-flashback_export,flashback_export,642,31749732849600,93.710143068,-58.380000114,18.890358799,128.2510681,-15.4500055,0.120943464,0.432440430,-0.058660410,0.891586781,0.619108498,-0.000000007,-0.785305381,0.209203362,0.963863254,0.164928913,0.756927013,-0.266397446,0.596735954,70.0000000,1280,720,minecraft:overworld,flashback_export_aligned
1,20260914-194915-flashback_export,flashback_export,643,31749750952400,93.717372132,-58.380000114,18.881190221,128.2510681,-15.4500055,0.120943464,0.432440430,-0.058660410,0.891586781,0.619108498,-0.000000007,-0.785305381,0.209203362,0.963863254,0.164928913,0.756927013,-0.266397446,0.596735954,70.0000000,1280,720,minecraft:overworld,flashback_export_aligned
1,20260914-194915-flashback_export,flashback_export,644,31749768574600,93.724601196,-58.380000114,18.872021644,128.2510681,-15.4500055,0.120943464,0.432440430,-0.058660410,0.891586781,0.619108498,-0.000000007,-0.785305381,0.209203362,0.963863254,0.164928913,0.756927013,-0.266397446,0.596735954,70.0000000,1280,720,minecraft:overworld,flashback_export_aligned
1,20260914-194915-flashback_export,flashback_export,645,31749789711900,93.731897471,-58.380000114,18.862767822,128.2510681,-15.4500055,0.120943464,0.432440430,-0.058660410,0.891586781,0.619108498,-0.000000007,-0.785305381,0.209203362,0.963863254,0.164928913,0.756927013,-0.266397446,0.596735954,70.0000000,1280,720,minecraft:overworld,flashback_export_aligned
1,20260914-194915-flashback_export,flashback_export,646,31749807805100,93.735434711,-58.380000114,18.858281563,128.2510681,-15.4500055,0.120943464,0.432440430,-0.058660410,0.891586781,0.619108498,-0.000000007,-0.785305381,0.209203362,0.963863254,0.164928913,0.756927013,-0.266397446,0.596735954,70.0000000,1280,720,minecraft:overworld,flashback_export_aligned
1,20260914-194915-flashback_export,flashback_export,647,31749828456800,93.738971950,-58.380000114,18.853795303,128.2510681,-15.4500055,0.120943464,0.432440430,-0.058660410,0.891586781,0.619108498,-0.000000007,-0.785305381,0.209203362,0.963863254,0.164928913,0.756927013,-0.266397446,0.596735954,70.0000000,1280,720,minecraft:overworld,flashback_export_aligned
1,20260914-194915-flashback_export,flashback_export,648,31749849705300,93.743775377,-58.380000114,18.847703147,128.2510681,-15.4500055,0.120943464,0.432440430,-0.058660410,0.891586781,0.619108498,-0.000000007,-0.785305381,0.209203362,0.963863254,0.164928913,0.756927013,-0.266397446,0.596735954,70.0000000,1280,720,minecraft:overworld,flashback_export_aligned
1,20260914-194915-flashback_export,flashback_export,649,31749867272500,93.745718382,-58.380000114,18.845238846,128.2510681,-15.4500055,0.120943464,0.432440430,-0.058660410,0.891586781,0.619108498,-0.000000007,-0.785305381,0.209203362,0.963863254,0.164928913,0.756927013,-0.266397446,0.596735954,70.0000000,1280,720,minecraft:overworld,flashback_export_aligned
1,20260914-194915-flashback_export,flashback_export,650,31749885457000,93.747661386,-58.380000114,18.842774545,128.2510681,-15.4500055,0.120943464,0.432440430,-0.058660410,0.891586781,0.619108498,-0.000000007,-0.785305381,0.209203362,0.963863254,0.164928913,0.756927013,-0.266397446,0.596735954,70.0000000,1280,720,minecraft:overworld,flashback_export_aligned
1,20260914-194915-flashback_export,flashback_export,651,31749905598100,93.750260714,-58.380000114,18.839477833,128.2510681,-15.4500055,0.120943464,0.432440430,-0.058660410,0.891586781,0.619108498,-0.000000007,-0.785305381,0.209203362,0.963863254,0.164928913,0.756927013,-0.266397446,0.596735954,70.0000000,1280,720,minecraft:overworld,flashback_export_aligned
1,20260914-194915-flashback_export,flashback_export,652,31749923885400,93.751315222,-58.380000114,18.838140407,128.2510681,-15.4500055,0.120943464,0.432440430,-0.058660410,0.891586781,0.619108498,-0.000000007,-0.785305381,0.209203362,0.963863254,0.164928913,0.756927013,-0.266397446,0.596735954,70.0000000,1280,720,minecraft:overworld,flashback_export_aligned
1,20260914-194915-flashback_export,flashback_export,653,31749942121100,93.752369730,-58.380000114,18.836802982,128.2510681,-15.4500055,0.120943464,0.432440430,-0.058660410,0.891586781,0.619108498,-0.000000007,-0.785305381,0.209203362,0.963863254,0.164928913,0.756927013,-0.266397446,0.596735954,70.0000000,1280,720,minecraft:overworld,flashback_export_aligned
1,20260914-194915-flashback_export,flashback_export,654,31749965906000,93.753801708,-58.380000114,18.834986812,128.2510681,-15.4500055,0.120943464,0.432440430,-0.058660410,0.891586781,0.619108498,-0.000000007,-0.785305381,0.209203362,0.963863254,0.164928913,0.756927013,-0.266397446,0.596735954,70.0000000,1280,720,minecraft:overworld,flashback_export_aligned
1,20260914-194915-flashback_export,flashback_export,655,31749985436400,93.754441784,-58.380000114,18.834175008,128.2510681,-15.4500055,0.120943464,0.432440430,-0.058660410,0.891586781,0.619108498,-0.000000007,-0.785305381,0.209203362,0.963863254,0.164928913,0.756927013,-0.266397446,0.596735954,70.0000000,1280,720,minecraft:overworld,flashback_export_aligned
1,20260914-194915-flashback_export,flashback_export,656,31749988863200,93.755081859,-58.380000114,18.833363205,128.2510681,-15.4500055,0.120943464,0.432440430,-0.058660410,0.891586781,0.619108498,-0.000000007,-0.785305381,0.209203362,0.963863254,0.164928913,0.756927013,-0.266397446,0.596735954,70.0000000,1280,720,minecraft:overworld,flashback_export_aligned
1,20260914-194915-flashback_export,flashback_export,657,31750025061300,93.755735092,-58.380000114,18.832534714,128.2510681,-15.4500055,0.120943464,0.432440430,-0.058660410,0.891586781,0.619108498,-0.000000007,-0.785305381,0.209203362,0.963863254,0.164928913,0.756927013,-0.266397446,0.596735954,70.0000000,1280,720,minecraft:overworld,flashback_export_aligned
1,20260914-194915-flashback_export,flashback_export,658,31750044419900,93.755735092,-58.380000114,18.832534714,128.2510681,-15.4500055,0.120943464,0.432440430,-0.058660410,0.891586781,0.619108498,-0.000000007,-0.785305381,0.209203362,0.963863254,0.164928913,0.756927013,-0.266397446,0.596735954,70.0000000,1280,720,minecraft:overworld,flashback_export_aligned
1,20260914-194915-flashback_export,flashback_export,659,31750048897600,93.755735092,-58.380000114,18.832534714,128.2510681,-15.4500055,0.120943464,0.432440430,-0.058660410,0.891586781,0.619108498,-0.000000007,-0.785305381,0.209203362,0.963863254,0.164928913,0.756927013,-0.266397446,0.596735954,70.0000000,1280,720,minecraft:overworld,flashback_export_aligned
1,20260914-194915-flashback_export,flashback_export,660,31750084261500,93.755735092,-58.380000114,18.832534714,128.2510681,-15.4500055,0.120943464,0.432440430,-0.058660410,0.891586781,0.619108498,-0.000000007,-0.785305381,0.209203362,0.963863254,0.164928913,0.756927013,-0.266397446,0.596735954,70.0000000,1280,720,minecraft:overworld,flashback_export_aligned
1,20260914-194915-flashback_export,flashback_export,661,31750102372600,93.755735092,-58.380000114,18.832534714,128.2510681,-15.4500055,0.120943464,0.432440430,-0.058660410,0.891586781,0.619108498,-0.000000007,-0.785305381,0.209203362,0.963863254,0.164928913,0.756927013,-0.266397446,0.596735954,70.0000000,1280,720,minecraft:overworld,flashback_export_aligned
1,20260914-194915-flashback_export,flashback_export,662,31750106037700,93.755735092,-58.380000114,18.832534714,128.2510681,-15.4500055,0.120943464,0.432440430,-0.058660410,0.891586781,0.619108498,-0.000000007,-0.785305381,0.209203362,0.963863254,0.164928913,0.756927013,-0.266397446,0.596735954,70.0000000,1280,720,minecraft:overworld,flashback_export_aligned
1,20260914-194915-flashback_export,flashback_export,663,31750141285000,93.755735092,-58.380000114,18.832534714,128.2510681,-15.4500055,0.120943464,0.432440430,-0.058660410,0.891586781,0.619108498,-0.000000007,-0.785305381,0.209203362,0.963863254,0.164928913,0.756927013,-0.266397446,0.596735954,70.0000000,1280,720,minecraft:overworld,flashback_export_aligned
1,20260914-194915-flashback_export,flashback_export,664,31750160020300,93.755735092,-58.380000114,18.832534714,128.2510681,-15.4500055,0.120943464,0.432440430,-0.058660410,0.891586781,0.619108498,-0.000000007,-0.785305381,0.209203362,0.963863254,0.164928913,0.756927013,-0.266397446,0.596735954,70.0000000,1280,720,minecraft:overworld,flashback_export_aligned
1,20260914-194915-flashback_export,flashback_export,665,31750179988500,93.755735092,-58.380000114,18.832534714,128.2510681,-15.4500055,0.120943464,0.432440430,-0.058660410,0.891586781,0.619108498,-0.000000007,-0.785305381,0.209203362,0.963863254,0.164928913,0.756927013,-0.266397446,0.596735954,70.0000000,1280,720,minecraft:overworld,flashback_export_aligned
1,20260914-194915-flashback_export,flashback_export,666,31750200662800,93.755735092,-58.380000114,18.832534714,128.2510681,-15.4500055,0.120943464,0.432440430,-0.058660410,0.891586781,0.619108498,-0.000000007,-0.785305381,0.209203362,0.963863254,0.164928913,0.756927013,-0.266397446,0.596735954,70.0000000,1280,720,minecraft:overworld,flashback_export_aligned
1,20260914-194915-flashback_export,flashback_export,667,31750218757000,93.755735092,-58.380000114,18.832534714,128.2510681,-15.4500055,0.120943464,0.432440430,-0.058660410,0.891586781,0.619108498,-0.000000007,-0.785305381,0.209203362,0.963863254,0.164928913,0.756927013,-0.266397446,0.596735954,70.0000000,1280,720,minecraft:overworld,flashback_export_aligned
1,20260914-194915-flashback_export,flashback_export,668,31750222306700,93.755735092,-58.380000114,18.832534714,128.2510681,-15.4500055,0.120943464,0.432440430,-0.058660410,0.891586781,0.619108498,-0.000000007,-0.785305381,0.209203362,0.963863254,0.164928913,0.756927013,-0.266397446,0.596735954,70.0000000,1280,720,minecraft:overworld,flashback_export_aligned
1,20260914-194915-flashback_export,flashback_export,669,31750257159900,93.755735092,-58.380000114,18.832534714,128.2510681,-15.4500055,0.120943464,0.432440430,-0.058660410,0.891586781,0.619108498,-0.000000007,-0.785305381,0.209203362,0.963863254,0.164928913,0.756927013,-0.266397446,0.596735954,70.0000000,1280,720,minecraft:overworld,flashback_export_aligned
1,20260914-194915-flashback_export,flashback_export,670,31750276389100,93.755735092,-58.380000114,18.832534714,128.2510681,-15.4500055,0.120943464,0.432440430,-0.058660410,0.891586781,0.619108498,-0.000000007,-0.785305381,0.209203362,0.963863254,0.164928913,0.756927013,-0.266397446,0.596735954,70.0000000,1280,720,minecraft:overworld,flashback_export_aligned
1,20260914-194915-flashback_export,flashback_export,671,31750297655700,93.755735092,-58.380000114,18.832534714,128.2510681,-15.4500055,0.120943464,0.432440430,-0.058660410,0.891586781,0.619108498,-0.000000007,-0.785305381,0.209203362,0.963863254,0.164928913,0.756927013,-0.266397446,0.596735954,70.0000000,1280,720,minecraft:overworld,flashback_export_aligned
1,20260914-194915-flashback_export,flashback_export,672,31750320098700,93.755735092,-58.380000114,18.832534714,128.2510681,-15.4500055,0.120943464,0.432440430,-0.058660410,0.891586781,0.619108498,-0.000000007,-0.785305381,0.209203362,0.963863254,0.164928913,0.756927013,-0.266397446,0.596735954,70.0000000,1280,720,minecraft:overworld,flashback_export_aligned
1,20260914-194915-flashback_export,flashback_export,673,31750339714500,93.755735092,-58.380000114,18.832534714,128.2510681,-15.4500055,0.120943464,0.432440430,-0.058660410,0.891586781,0.619108498,-0.000000007,-0.785305381,0.209203362,0.963863254,0.164928913,0.756927013,-0.266397446,0.596735954,70.0000000,1280,720,minecraft:overworld,flashback_export_aligned
1,20260914-194915-flashback_export,flashback_export,674,31750344348900,93.755735092,-58.380000114,18.832534714,128.2510681,-15.4500055,0.120943464,0.432440430,-0.058660410,0.891586781,0.619108498,-0.000000007,-0.785305381,0.209203362,0.963863254,0.164928913,0.756927013,-0.266397446,0.596735954,70.0000000,1280,720,minecraft:overworld,flashback_export_aligned
1,20260914-194915-flashback_export,flashback_export,675,31750383531800,93.755735092,-58.380000114,18.832534714,128.2510681,-15.4500055,0.120943464,0.432440430,-0.058660410,0.891586781,0.619108498,-0.000000007,-0.785305381,0.209203362,0.963863254,0.164928913,0.756927013,-0.266397446,0.596735954,70.0000000,1280,720,minecraft:overworld,flashback_export_aligned
1,20260914-194915-flashback_export,flashback_export,676,31750406133200,93.755735092,-58.380000114,18.832534714,128.2510681,-15.4500055,0.120943464,0.432440430,-0.058660410,0.891586781,0.619108498,-0.000000007,-0.785305381,0.209203362,0.963863254,0.164928913,0.756927013,-0.266397446,0.596735954,70.0000000,1280,720,minecraft:overworld,flashback_export_aligned
1,20260914-194915-flashback_export,flashback_export,677,31750427319700,93.755735092,-58.380000114,18.832534714,128.2510681,-15.4500055,0.120943464,0.432440430,-0.058660410,0.891586781,0.619108498,-0.000000007,-0.785305381,0.209203362,0.963863254,0.164928913,0.756927013,-0.266397446,0.596735954,70.0000000,1280,720,minecraft:overworld,flashback_export_aligned
1,20260914-194915-flashback_export,flashback_export,678,31750452930000,93.755735092,-58.380000114,18.832534714,128.2510681,-15.4500055,0.120943464,0.432440430,-0.058660410,0.891586781,0.619108498,-0.000000007,-0.785305381,0.209203362,0.963863254,0.164928913,0.756927013,-0.266397446,0.596735954,70.0000000,1280,720,minecraft:overworld,flashback_export_aligned
1,20260914-194915-flashback_export,flashback_export,679,31750473993900,93.755735092,-58.380000114,18.832534714,128.2510681,-15.4500055,0.120943464,0.432440430,-0.058660410,0.891586781,0.619108498,-0.000000007,-0.785305381,0.209203362,0.963863254,0.164928913,0.756927013,-0.266397446,0.596735954,70.0000000,1280,720,minecraft:overworld,flashback_export_aligned
1,20260914-194915-flashback_export,flashback_export,680,31750494537400,93.755735092,-58.380000114,18.832534714,128.2510681,-15.4500055,0.120943464,0.432440430,-0.058660410,0.891586781,0.619108498,-0.000000007,-0.785305381,0.209203362,0.963863254,0.164928913,0.756927013,-0.266397446,0.596735954,70.0000000,1280,720,minecraft:overworld,flashback_export_aligned
1,20260914-194915-flashback_export,flashback_export,681,31750518258600,93.755735092,-58.380000114,18.832534714,128.2510681,-15.4500055,0.120943464,0.432440430,-0.058660410,0.891586781,0.619108498,-0.000000007,-0.785305381,0.209203362,0.963863254,0.164928913,0.756927013,-0.266397446,0.596735954,70.0000000,1280,720,minecraft:overworld,flashback_export_aligned
1,20260914-194915-flashback_export,flashback_export,682,31750537386400,93.755735092,-58.380000114,18.832534714,128.2510681,-15.4500055,0.120943464,0.432440430,-0.058660410,0.891586781,0.619108498,-0.000000007,-0.785305381,0.209203362,0.963863254,0.164928913,0.756927013,-0.266397446,0.596735954,70.0000000,1280,720,minecraft:overworld,flashback_export_aligned
1,20260914-194915-flashback_export,flashback_export,683,31750557105700,93.755735092,-58.380000114,18.832534714,128.2510681,-15.4500055,0.120943464,0.432440430,-0.058660410,0.891586781,0.619108498,-0.000000007,-0.785305381,0.209203362,0.963863254,0.164928913,0.756927013,-0.266397446,0.596735954,70.0000000,1280,720,minecraft:overworld,flashback_export_aligned
1,20260914-194915-flashback_export,flashback_export,684,31750581418600,93.755735092,-58.380000114,18.832534714,128.2510681,-15.4500055,0.120943464,0.432440430,-0.058660410,0.891586781,0.619108498,-0.000000007,-0.785305381,0.209203362,0.963863254,0.164928913,0.756927013,-0.266397446,0.596735954,70.0000000,1280,720,minecraft:overworld,flashback_export_aligned
1,20260914-194915-flashback_export,flashback_export,685,31750601486300,93.755735092,-58.380000114,18.832534714,128.0567932,-15.4111509,0.120541774,0.433971256,-0.058718216,0.890893281,0.616442323,0.000000007,-0.787400126,0.209246665,0.964043736,0.163815677,0.759088159,-0.265743762,0.594277322,70.0000000,1280,720,minecraft:overworld,flashback_export_aligned
1,20260914-194915-flashback_export,flashback_export,686,31750621094600,93.755735092,-58.380000114,18.832534714,127.8625259,-15.3722963,0.120140225,0.435500979,-0.058774840,0.890197039,0.613768876,-0.000000007,-0.789485812,0.209284753,0.964223742,0.162703946,0.761240959,-0.265089959,0.591810465,70.0000000,1280,720,minecraft:overworld,flashback_export_aligned
1,20260914-194915-flashback_export,flashback_export,687,31750641902700,93.755735092,-58.380000114,18.832534714,127.5010681,-15.3000059,0.119393483,0.438344002,-0.058876976,0.888894379,0.608776093,0.000000007,-0.793342113,0.209341675,0.964557409,0.160639644,0.765223980,-0.263873130,0.587199450,70.0000000,1280,720,minecraft:overworld,flashback_export_aligned
1,20260914-194915-flashback_export,flashback_export,688,31750661060100,93.755735092,-58.380000114,18.832534714,126.9654312,-15.2234859,0.118524745,0.442533731,-0.059138920,0.886915028,0.601332963,-0.000000000,-0.798998594,0.209804818,0.964908957,0.157900825,0.770960927,-0.262584716,0.580231547,70.0000000,1280,720,minecraft:overworld,flashback_export_aligned
1,20260914-194915-flashback_export,flashback_export,689,31750666704400,93.755735092,-58.380000114,18.832534714,126.4297867,-15.1469669,0.117656142,0.446714431,-0.059394028,0.884915531,0.593837082,-0.000000000,-0.804585338,0.210234821,0.965258777,0.155167177,0.776633024,-0.261295855,0.573206484,70.0000000,1280,720,minecraft:overworld,flashback_export_aligned
1,20260914-194915-flashback_export,flashback_export,690,31750703241400,93.755735092,-58.380000114,18.832534714,125.4010620,-15.0000067,0.115988433,0.454717636,-0.059864745,0.881019175,0.579296231,-0.000000007,-0.815117121,0.210967958,0.965925813,0.149932966,0.787342668,-0.258819193,0.559557140,70.0000000,1280,720,minecraft:overworld,flashback_export_aligned
1,20260914-194915-flashback_export,flashback_export,691,31750722396200,93.755735092,-58.380000114,18.832534714,125.3622055,-14.9611521,0.115669437,0.455036610,-0.059749778,0.880904198,0.578743279,-0.000000000,-0.815509737,0.210535318,0.966101050,0.149410710,0.787864864,-0.258164048,0.559124529,70.0000000,1280,720,minecraft:overworld,flashback_export_aligned
1,20260914-194915-flashback_export,flashback_export,692,31750741675100,93.755735092,-58.380000114,18.832534714,125.3233566,-14.9222975,0.115350530,0.455355495,-0.059634592,0.880789101,0.578190207,-0.000000000,-0.815901935,0.210101962,0.966275930,0.148889095,0.788386405,-0.257508844,0.558691323,70.0000000,1280,720,minecraft:overworld,flashback_export_aligned
1,20260914-194915-flashback_export,flashback_export,693,31750765686700,93.755735092,-58.380000114,18.832534714,125.2510681,-14.8500071,0.114757411,0.455948621,-0.059419733,0.880574226,0.577160358,-0.000000007,-0.816630960,0.209293932,0.966600120,0.147920147,0.789355516,-0.256289542,0.557883263,70.0000000,1280,720,minecraft:overworld,flashback_export_aligned
1,20260914-194915-flashback_export,flashback_export,694,31750784876000,93.755735092,-58.380000114,18.832534714,125.2510681,-14.8500071,0.114757411,0.455948621,-0.059419733,0.880574226,0.577160358,-0.000000007,-0.816630960,0.209293932,0.966600120,0.147920147,0.789355516,-0.256289542,0.557883263,70.0000000,1280,720,minecraft:overworld,flashback_export_aligned
1,20260914-194915-flashback_export,flashback_export,695,31750788531200,93.755735092,-58.380000114,18.832534714,125.2510681,-14.8500071,0.114757411,0.455948621,-0.059419733,0.880574226,0.577160358,-0.000000007,-0.816630960,0.209293932,0.966600120,0.147920147,0.789355516,-0.256289542,0.557883263,70.0000000,1280,720,minecraft:overworld,flashback_export_aligned
1,20260914-194915-flashback_export,flashback_export,696,31750824932400,93.755735092,-58.380000114,18.832534714,125.2510681,-14.8500071,0.114757411,0.455948621,-0.059419733,0.880574226,0.577160358,-0.000000007,-0.816630960,0.209293932,0.966600120,0.147920147,0.789355516,-0.256289542,0.557883263,70.0000000,1280,720,minecraft:overworld,flashback_export_aligned
1,20260914-194915-flashback_export,flashback_export,697,31750845135000,93.755735092,-58.380000114,18.832534714,125.2510681,-14.8500071,0.114757411,0.455948621,-0.059419733,0.880574226,0.577160358,-0.000000007,-0.816630960,0.209293932,0.966600120,0.147920147,0.789355516,-0.256289542,0.557883263,70.0000000,1280,720,minecraft:overworld,flashback_export_aligned
1,20260914-194915-flashback_export,flashback_export,698,31750864191200,93.755735092,-58.380000114,18.832534714,125.2510681,-14.8500071,0.114757411,0.455948621,-0.059419733,0.880574226,0.577160358,-0.000000007,-0.816630960,0.209293932,0.966600120,0.147920147,0.789355516,-0.256289542,0.557883263,70.0000000,1280,720,minecraft:overworld,flashback_export_aligned
1,20260914-194915-flashback_export,flashback_export,699,31750885583000,93.755735092,-58.380000114,18.832534714,125.2510681,-14.8500071,0.114757411,0.455948621,-0.059419733,0.880574226,0.577160358,-0.000000007,-0.816630960,0.209293932,0.966600120,0.147920147,0.789355516,-0.256289542,0.557883263,70.0000000,1280,720,minecraft:overworld,flashback_export_aligned
1,20260914-194915-flashback_export,flashback_export,700,31750904587500,93.755735092,-58.380000114,18.832534714,124.9496002,-14.8876905,0.114889845,0.458244026,-0.059872121,0.879333913,0.572855532,-0.000000000,-0.819656432,0.210590348,0.966431379,0.147180989,0.792141616,-0.256925166,0.553625524,70.0000000,1280,720,minecraft:overworld,flashback_export_aligned
1,20260914-194915-flashback_export,flashback_export,701,31750908433800,93.755735092,-58.380000114,18.832534714,124.6481323,-14.9253731,0.115020715,0.460535973,-0.060325623,0.878087521,0.568534911,-0.000000000,-0.822659194,0.211884707,0.966262162,0.146432266,0.794904411,-0.257560730,0.549353719,70.0000000,1280,720,minecraft:overworld,flashback_export_aligned
1,20260914-194915-flashback_export,flashback_export,702,31750946769000,93.755735092,-58.380000114,18.832534714,124.0510559,-15.0000067,0.115275137,0.465065122,-0.061227016,0.875601172,0.559931457,-0.000000007,-0.828538954,0.214441746,0.965925813,0.144920975,0.800307095,-0.258819163,0.540852189,70.0000000,1280,720,minecraft:overworld,flashback_export_aligned
1,20260914-194915-flashback_export,flashback_export,703,31750965457400,93.755735092,-58.380000114,18.832534714,123.7169495,-15.0000067,0.115096122,0.467616081,-0.061562855,0.874241412,0.555090427,-0.000000000,-0.831790090,0.215283215,0.965925813,0.143668041,0.803447485,-0.258819193,0.536176145,70.0000000,1280,720,minecraft:overworld,flashback_export_aligned
1,20260914-194915-flashback_export,flashback_export,704,31750984402700,93.755735092,-58.380000114,18.832534714,123.3828354,-15.0000067,0.114916146,0.470163137,-0.061898183,0.872874320,0.550230503,-0.000000000,-0.835012734,0.216117308,0.965925753,0.142410204,0.806560338,-0.258819163,0.531481802,70.0000000,1280,720,minecraft:overworld,flashback_export_aligned
1,20260914-194915-flashback_export,flashback_export,705,31751005899300,93.755735092,-58.380000114,18.832534714,122.7010651,-15.0000067,0.114545837,0.475347966,-0.062580779,0.870061636,0.540255964,-0.000000007,-0.841500759,0.217796534,0.965925813,0.139828593,0.812827349,-0.258819163,0.521847129,70.0000000,1280,720,minecraft:overworld,flashback_export_aligned
1,20260914-194915-flashback_export,flashback_export,706,31751024245200,93.755735092,-58.380000114,18.832534714,122.3619156,-15.0376902,0.114645757,0.477900267,-0.063076675,0.868613243,0.535265326,0.000000007,-0.844684064,0.219156981,0.965755403,0.138876930,0.815758169,-0.259454399,0.516935349,70.0000000,1280,720,minecraft:overworld,flashback_export_aligned
1,20260914-194915-flashback_export,flashback_export,707,31751044372900,93.755735092,-58.380000114,18.832534714,122.0227661,-15.0753727,0.114743747,0.480448067,-0.063573711,0.867157400,0.530256152,-0.000000007,-0.847837567,0.220513642,0.965584517,0.137914047,0.818658829,-0.260089517,0.512007117,70.0000000,1280,720,minecraft:overworld,flashback_export_aligned
1,20260914-194915-flashback_export,flashback_export,708,31751067029200,93.755735092,-58.380000114,18.832534714,121.3510590,-15.1500063,0.114932038,0.485480905,-0.064561427,0.864251554,0.520280242,-0.000000007,-0.853995621,0.223189235,0.965244949,0.135973707,0.824314892,-0.261347055,0.502197862,70.0000000,1280,720,minecraft:overworld,flashback_export_aligned
1,20260914-194915-flashback_export,flashback_export,709,31751085503500,93.755735092,-58.380000114,18.832534714,121.0495911,-15.2253723,0.115329340,0.487710148,-0.065184347,0.862895668,0.515779614,-0.000000000,-0.856721282,0.224989161,0.964900255,0.135452241,0.826650620,-0.262616515,0.497675866,70.0000000,1280,720,minecraft:overworld,flashback_export_aligned
1,20260914-194915-flashback_export,flashback_export,710,31751089160400,93.755735092,-58.380000114,18.832534714,120.7481308,-15.3007383,0.115724109,0.489935309,-0.065809757,0.861533761,0.511264980,-0.000000000,-0.859423161,0.226789311,0.964554071,0.134915411,0.828960061,-0.263885498,0.493142664,70.0000000,1280,720,minecraft:overworld,flashback_export_aligned
1,20260914-194915-flashback_export,flashback_export,711,31751124661700,93.755735092,-58.380000114,18.832534714,120.1510620,-15.4500055,0.116498433,0.494330674,-0.067055799,0.858818293,0.502281427,-0.000000000,-0.864704251,0.230354995,0.963863313,0.133806497,0.833456635,-0.266397446,0.484130621,70.0000000,1280,720,minecraft:overworld,flashback_export_aligned
1,20260914-194915-flashback_export,flashback_export,712,31751143874000,93.755735092,-58.380000114,18.832534714,119.8495941,-15.4500055,0.116321623,0.496588379,-0.067362063,0.857514858,0.497724712,-0.000000007,-0.867335021,0.231055856,0.963863254,0.132592604,0.835992396,-0.266397446,0.479738563,70.0000000,1280,720,minecraft:overworld,flashback_export_aligned
1,20260914-194915-flashback_export,flashback_export,713,31751149095900,93.755735092,-58.380000114,18.832534714,119.5481339,-15.4500055,0.116144016,0.498842478,-0.067667827,0.856205523,0.493154526,0.000000007,-0.869941652,0.231750250,0.963863254,0.131375104,0.838504851,-0.266397446,0.475333512,70.0000000,1280,720,minecraft:overworld,flashback_export_aligned
1,20260914-194915-flashback_export,flashback_export,714,31751184139100,93.755735092,-58.380000114,18.832534714,118.9510651,-15.4500055,0.115789860,0.503296912,-0.068272069,0.853594720,0.484062314,-0.000000000,-0.875033498,0.233106688,0.963863254,0.128952965,0.843412638,-0.266397446,0.466569871,70.0000000,1280,720,minecraft:overworld,flashback_export_aligned
1,20260914-194915-flashback_export,flashback_export,715,31751187534100,93.755735092,-58.380000114,18.832534714,118.6119156,-15.4500055,0.115587294,0.505820990,-0.068614461,0.852101445,0.478874445,-0.000000000,-0.877883375,0.233865887,0.963863254,0.127570912,0.846159518,-0.266397446,0.461569488,70.0000000,1280,720,minecraft:overworld,flashback_export_aligned
1,20260914-194915-flashback_export,flashback_export,716,31751205254500,93.755735092,-58.380000114,18.832534714,118.2727737,-15.4500055,0.115383714,0.508340657,-0.068956248,0.850600660,0.473669708,0.000000007,-0.880702615,0.234616935,0.963863313,0.126184404,0.848876953,-0.266397446,0.456552804,70.0000000,1280,720,minecraft:overworld,flashback_export_aligned
1,20260914-194915-flashback_export,flashback_export,717,31751240933700,93.755735092,-58.380000114,18.832534714,117.6010742,-15.4500055,0.114977531,0.513317823,-0.069631405,0.847606301,0.463312536,-0.000000000,-0.886194944,0.236080065,0.963863254,0.123425275,0.854170799,-0.266397446,0.446569949,70.0000000,1280,720,minecraft:overworld,flashback_export_aligned
1,20260914-194915-flashback_export,flashback_export,718,31751259278000,93.755735092,-58.380000114,18.832534714,117.3527756,-15.4500055,0.114826389,0.515153229,-0.069880374,0.846492112,0.459467858,-0.000000000,-0.888194442,0.236612707,0.963863254,0.122401051,0.856097937,-0.266397446,0.442864180,70.0000000,1280,720,minecraft:overworld,flashback_export_aligned
1,20260914-194915-flashback_export,flashback_export,719,31751279780600,93.755735092,-58.380000114,18.832534714,117.1044769,-15.4500055,0.114674702,0.516986132,-0.070129007,0.845373869,0.455614567,-0.000000000,-0.890177250,0.237140954,0.963863373,0.121374562,0.858009219,-0.266397476,0.439150155,70.0000000,1280,720,minecraft:overworld,flashback_export_aligned
1,20260914-194915-flashback_export,flashback_export,720,31751300782400,93.755735092,-58.380000114,18.832534714,116.8510742,-15.4500055,0.114519335,0.518854380,-0.070382439,0.844228506,0.451672912,-0.000000007,-0.892183602,0.237675428,0.963863254,0.120324500,0.859942973,-0.266397446,0.435350925,70.0000000,1280,720,minecraft:overworld,flashback_export_aligned
1,20260914-194915-flashback_export,flashback_export,721,31751319380500,93.755735092,-58.380000114,18.832534714,116.6215134,-15.4500055,0.114378117,0.520544529,-0.070611700,0.843187451,0.448094755,0.000000007,-0.893985987,0.238155574,0.963863254,0.119371302,0.861680269,-0.266397417,0.431902081,70.0000000,1280,720,minecraft:overworld,flashback_export_aligned
1,20260914-194915-flashback_export,flashback_export,722,31751323118100,93.755735092,-58.380000114,18.832534714,116.3919601,-15.4500055,0.114236429,0.522232652,-0.070840701,0.842142940,0.444509327,-0.000000007,-0.895774245,0.238631994,0.963863313,0.118416145,0.863403916,-0.266397476,0.428446233,70.0000000,1280,720,minecraft:overworld,flashback_export_aligned
1,20260914-194915-flashback_export,flashback_export,723,31751357766800,93.755735092,-58.380000114,18.832534714,115.9510803,-15.4500055,0.113963038,0.525468826,-0.071279682,0.840127528,0.437603503,-0.000000000,-0.899168015,0.239536062,0.963863254,0.116576456,0.866675019,-0.266397446,0.421789914,70.0000000,1280,720,minecraft:overworld,flashback_export_aligned
1,20260914-194915-flashback_export,flashback_export,724,31751376285800,93.755735092,-58.380000114,18.832534714,115.7215195,-15.4117460,0.113539860,0.527174652,-0.071331836,0.839111090,0.433997333,-0.000000000,-0.900914252,0.239421338,0.964040995,0.115336441,0.868518174,-0.265753776,0.418391198,70.0000000,1280,720,minecraft:overworld,flashback_export_aligned
1,20260914-194915-flashback_export,flashback_export,725,31751398320100,93.755735092,-58.380000114,18.832534714,115.4919586,-15.3734856,0.113116905,0.528878450,-0.071382567,0.838091075,0.430384189,-0.000000000,-0.902645767,0.239300370,0.964218140,0.114099130,0.870347440,-0.265109956,0.414984256,70.0000000,1280,720,minecraft:overworld,flashback_export_aligned
1,20260914-194915-flashback_export,flashback_export,726,31751419531300,93.755735092,-58.380000114,18.832534714,115.0510712,-15.3000059,0.112305291,0.532145023,-0.071476035,0.836122215,0.423425704,-0.000000000,-0.905930817,0.239050806,0.964557409,0.111730665,0.873822272,-0.263873130,0.408418387,70.0000000,1280,720,minecraft:overworld,flashback_export_aligned
1,20260914-194915-flashback_export,flashback_export,727,31751423283600,93.755735092,-58.380000114,18.832534714,114.8626556,-15.3000059,0.112187624,0.533519089,-0.071660593,0.835246146,0.420444340,0.000000007,-0.907318413,0.239416957,0.964557409,0.110943981,0.875160635,-0.263873160,0.405542701,70.0000000,1280,720,minecraft:overworld,flashback_export_aligned
1,20260914-194915-flashback_export,flashback_export,728,31751440915700,93.755735092,-58.380000114,18.832534714,114.6742401,-15.3000059,0.112069651,0.534891605,-0.071844950,0.834367871,0.417458594,-0.000000007,-0.908695996,0.239780456,0.964557469,0.110156119,0.876489460,-0.263873160,0.402662784,70.0000000,1280,720,minecraft:overworld,flashback_export_aligned
1,20260914-194915-flashback_export,flashback_export,729,31751477773100,93.755735092,-58.380000114,18.832534714,114.3010712,-15.3000059,0.111835085,0.537605941,-0.072209530,0.832621515,0.411531299,-0.000000007,-0.911395669,0.240492821,0.964557409,0.108592056,0.879093409,-0.263873130,0.396945566,70.0000000,1280,720,minecraft:overworld,flashback_export_aligned
1,20260914-194915-flashback_export,flashback_export,730,31751482606000,93.755735092,-58.380000114,18.832534714,114.1024323,-15.2503462,0.111349307,0.539079785,-0.072169676,0.831736684,0.408369124,-0.000000015,-0.912816942,0.240104660,0.964785814,0.107416175,0.880672753,-0.263037026,0.393988729,70.0000000,1280,720,minecraft:overworld,flashback_export_aligned
1,20260914-194915-flashback_export,flashback_export,731,31751518863700,93.755735092,-58.380000114,18.832534714,113.9038010,-15.2006865,0.110864013,0.540551960,-0.072128326,0.830849111,0.405202150,0.000000015,-0.914227128,0.239711031,0.965013325,0.106244318,0.882241368,-0.262200743,0.391025484,70.0000000,1280,720,minecraft:overworld,flashback_export_aligned
1,20260914-194915-flashback_export,flashback_export,732,31751538999400,93.755735092,-58.380000114,18.832534714,113.7010803,-15.1500063,0.110369191,0.542052865,-0.072084621,0.829940438,0.401964992,-0.000000015,-0.915655017,0.239303753,0.965244889,0.105052352,0.883831382,-0.261347055,0.387994647,70.0000000,1280,720,minecraft:overworld,flashback_export_aligned
1,20260914-194915-flashback_export,flashback_export,733,31751557624500,93.755735092,-58.380000114,18.832534714,113.4031219,-15.1003466,0.109822318,0.544240355,-0.072135508,0.828575850,0.397197753,-0.000000000,-0.917733014,0.239078954,0.965471029,0.103474140,0.886044681,-0.260510355,0.383482963,70.0000000,1280,720,minecraft:overworld,flashback_export_aligned
1,20260914-194915-flashback_export,flashback_export,734,31751579252000,93.755735092,-58.380000114,18.832534714,113.1051712,-15.0506868,0.109275922,0.546424210,-0.072184011,0.827205420,0.392420113,0.000000007,-0.919786096,0.238844037,0.965696514,0.101901084,0.888234138,-0.259673446,0.378958702,70.0000000,1280,720,minecraft:overworld,flashback_export_aligned
1,20260914-194915-flashback_export,flashback_export,735,31751601781000,93.755735092,-58.380000114,18.832534714,112.8010864,-15.0000067,0.108718775,0.548649430,-0.072231106,0.825800657,0.387532920,-0.000000000,-0.921855748,0.238593951,0.965925694,0.100300938,0.890444219,-0.258819133,0.374328077,70.0000000,1280,720,minecraft:overworld,flashback_export_aligned
1,20260914-194915-flashback_export,flashback_export,736,31751622608800,93.755735092,-58.380000114,18.832534714,112.5373001,-15.0000067,0.108552203,0.550548971,-0.072481185,0.824535429,0.383284628,-0.000000000,-0.923630357,0.239053249,0.965925872,0.099201404,0.892158389,-0.258819193,0.370224506,70.0000000,1280,720,minecraft:overworld,flashback_export_aligned
1,20260914-194915-flashback_export,flashback_export,737,31751642594700,93.755735092,-58.380000114,18.832534714,112.2735214,-15.0000067,0.108385086,0.552445471,-0.072730862,0.823266029,0.379028559,0.000000007,-0.925385058,0.239507407,0.965925872,0.098099858,0.893853247,-0.258819193,0.366113454,70.0000000,1280,720,minecraft:overworld,flashback_export_aligned
1,20260914-194915-flashback_export,flashback_export,738,31751665517000,93.755735092,-58.380000114,18.832534714,111.7510834,-15.0000067,0.108052365,0.556193113,-0.073224247,0.820738792,0.370574892,-0.000000000,-0.928802490,0.240391895,0.965925694,0.095911883,0.897154331,-0.258819163,0.357947826,70.0000000,1280,720,minecraft:overworld,flashback_export_aligned
1,20260914-194915-flashback_export,flashback_export,739,31751684541600,93.755735092,-58.380000114,18.832534714,111.3302231,-15.0000067,0.107782707,0.559203684,-0.073620602,0.818690538,0.363742530,-0.000000015,-0.931499541,0.241089955,0.965925813,0.094143540,0.899759471,-0.258819193,0.351348281,70.0000000,1280,720,minecraft:overworld,flashback_export_aligned
1,20260914-194915-flashback_export,flashback_export,740,31751703557500,93.755735092,-58.380000114,18.832534714,110.9093704,-15.0000067,0.107511602,0.562206686,-0.074015945,0.816631317,0.356890678,-0.000000000,-0.934146225,0.241774932,0.965925813,0.092370160,0.902315915,-0.258819193,0.344729900,70.0000000,1280,720,minecraft:overworld,flashback_export_aligned
1,20260914-194915-flashback_export,flashback_export,741,31751724968100,93.755735092,-58.380000114,18.832534714,110.1010895,-15.0000067,0.106986851,0.567952812,-0.074772440,0.812645435,0.343677461,-0.000000000,-0.939087808,0.243053928,0.965925872,0.088950314,0.907089174,-0.258819193,0.331966937,70.0000000,1280,720,minecraft:overworld,flashback_export_aligned
1,20260914-194915-flashback_export,flashback_export,742,31751744910500,93.755735092,-58.380000114,18.832534714,109.7567520,-14.9617472,0.106490910,0.570417225,-0.074903138,0.810970664,0.338027447,-0.000000000,-0.941136301,0.242976993,0.966098428,0.087269932,0.909230292,-0.258174092,0.326567769,70.0000000,1280,720,minecraft:overworld,flashback_export_aligned
1,20260914-194915-flashback_export,flashback_export,743,31751750228700,93.755735092,-58.380000114,18.832534714,109.4124146,-14.9234867,0.105995156,0.572876632,-0.075031526,0.809288383,0.332365304,0.000000007,-0.943150759,0.242888570,0.966270685,0.085593686,0.911338806,-0.257528901,0.321154803,70.0000000,1280,720,minecraft:overworld,flashback_export_aligned
1,20260914-194915-flashback_export,flashback_export,744,31751786646400,93.755735092,-58.380000114,18.832534714,108.7510986,-14.8500071,0.105043560,0.577585876,-0.075271629,0.806036413,0.321457565,0.000000007,-0.946923971,0.242686659,0.966600060,0.082386203,0.915296793,-0.256289512,0.310720891,70.0000000,1280,720,minecraft:overworld,flashback_export_aligned
1,20260914-194915-flashback_export,flashback_export,745,31751806017800,93.755735092,-58.380000114,18.832534714,108.5598068,-14.8500071,0.104917757,0.578930616,-0.075446881,0.805071115,0.318294257,-0.000000007,-0.947991908,0.242960393,0.966600060,0.081575483,0.916329086,-0.256289512,0.307663262,70.0000000,1280,720,minecraft:overworld,flashback_export_aligned
1,20260914-194915-flashback_export,flashback_export,746,31751826821200,93.755735092,-58.380000114,18.832534714,108.3685074,-14.8500071,0.104791664,0.580273747,-0.075621925,0.804103494,0.315127403,-0.000000007,-0.949049413,0.243231416,0.966600060,0.080763847,0.917351186,-0.256289512,0.304602176,70.0000000,1280,720,minecraft:overworld,flashback_export_aligned
1,20260914-194915-flashback_export,flashback_export,747,31751847177700,93.755735092,-58.380000114,18.832534714,108.0011139,-14.8500071,0.104548670,0.582848847,-0.075957507,0.802238941,0.309035391,-0.000000000,-0.951050580,0.243744284,0.966600060,0.079202533,0.919285595,-0.256289512,0.298713654,70.0000000,1280,720,minecraft:overworld,flashback_export_aligned
1,20260914-194915-flashback_export,flashback_export,748,31751864030000,93.755735092,-58.380000114,18.832534714,107.6535034,-14.8500071,0.104317777,0.585279703,-0.076274306,0.800467193,0.303259820,-0.000000000,-0.952907920,0.244220316,0.966600060,0.077722304,0.921080828,-0.256289512,0.293130964,70.0000000,1280,720,minecraft:overworld,flashback_export_aligned
1,20260914-194915-flashback_export,flashback_export,749,31751867680400,93.755735092,-58.380000114,18.832534714,107.3058853,-14.8500071,0.104085915,0.587705255,-0.076590404,0.798688054,0.297472954,-0.000000000,-0.954730272,0.244687364,0.966600120,0.076239191,0.922842383,-0.256289512,0.287537366,70.0000000,1280,720,minecraft:overworld,flashback_export_aligned
1,20260914-194915-flashback_export,flashback_export,750,31751902441100,93.755735092,-58.380000114,18.832534714,106.9511261,-14.8500071,0.103848308,0.590175092,-0.076912269,0.796864808,0.291555822,0.000000007,-0.956553817,0.245154709,0.966600060,0.074722707,0.924605012,-0.256289512,0.281817853,70.0000000,1280,720,minecraft:overworld,flashback_export_aligned
1,20260914-194915-flashback_export,flashback_export,751,31751920198800,93.755735092,-58.380000114,18.832534714,106.6450500,-14.8500071,0.103642493,0.592301428,-0.077189378,0.795285523,0.286441654,0.000000007,-0.958097696,0.245550394,0.966600060,0.073412001,0.926097274,-0.256289512,0.276874512,70.0000000,1280,720,minecraft:overworld,flashback_export_aligned
1,20260914-194915-flashback_export,flashback_export,752,31751938566000,93.755735092,-58.380000114,18.832534714,106.3389664,-14.8500071,0.103435948,0.594423592,-0.077465944,0.793700635,0.281319320,-0.000000000,-0.959614217,0.245939046,0.966600060,0.072099186,0.927563131,-0.256289512,0.271923274,70.0000000,1280,720,minecraft:overworld,flashback_export_aligned
1,20260914-194915-flashback_export,flashback_export,753,31751957779300,93.755735092,-58.380000114,18.832534714,105.7511292,-14.8500071,0.103037201,0.598487258,-0.077995531,0.790640891,0.271459371,-0.000000007,-0.962449849,0.246665806,0.966600060,0.069572181,0.930304110,-0.256289512,0.262392670,70.0000000,1280,720,minecraft:overworld,flashback_export_aligned
1,20260914-194915-flashback_export,flashback_export,754,31751979590000,93.755735092,-58.380000114,18.832534714,105.5250320,-14.8500071,0.102883108,0.600046098,-0.078198679,0.789458513,0.267659336,-0.000000007,-0.963513613,0.246938437,0.966600180,0.068598270,0.931332350,-0.256289512,0.258719534,70.0000000,1280,720,minecraft:overworld,flashback_export_aligned
1,20260914-194915-flashback_export,flashback_export,755,31751998021800,93.755735092,-58.380000114,18.832534714,105.2989349,-14.8500071,0.102728620,0.601602554,-0.078401521,0.788273036,0.263855129,-0.000000015,-0.964562297,0.247207209,0.966600060,0.067623287,0.932345986,-0.256289512,0.255042374,70.0000000,1280,720,minecraft:overworld,flashback_export_aligned
1,20260914-194915-flashback_export,flashback_export,756,31752020341000,93.755735092,-58.380000114,18.832534714,104.8511353,-14.8500071,0.102421463,0.604678392,-0.078802362,0.785916090,0.256308466,-0.000000000,-0.966595113,0.247728184,0.966600060,0.065689176,0.934310853,-0.256289512,0.247747779,70.0000000,1280,720,minecraft:overworld,flashback_export_aligned
1,20260914-194915-flashback_export,flashback_export,757,31752039395000,93.755735092,-58.380000114,18.832534714,104.5496674,-14.8500071,0.102213793,0.606743932,-0.079071544,0.784322560,0.251219034,-0.000000000,-0.967930317,0.248070389,0.966600120,0.064384803,0.935601473,-0.256289542,0.242828339,70.0000000,1280,720,minecraft:overworld,flashback_export_aligned
1,20260914-194915-flashback_export,flashback_export,758,31752058051900,93.755735092,-58.380000114,18.832534714,104.2481995,-14.8500071,0.102005415,0.608805239,-0.079340175,0.782723606,0.246122628,0.000000007,-0.969238698,0.248405725,0.966600060,0.063078664,0.936866224,-0.256289512,0.237902164,70.0000000,1280,720,minecraft:overworld,flashback_export_aligned
1,20260914-194915-flashback_export,flashback_export,759,31752082206300,93.755735092,-58.380000114,18.832534714,103.6511230,-14.8500071,0.101590626,0.612875283,-0.079870589,0.779540837,0.236009151,-0.000000007,-0.971750796,0.249049544,0.966600060,0.060486659,0.939294398,-0.256289482,0.228126436,70.0000000,1280,720,minecraft:overworld,flashback_export_aligned
1,20260914-194915-flashback_export,flashback_export,760,31752100778200,93.755735092,-58.380000114,18.832534714,103.4028244,-14.8500071,0.101417333,0.614562988,-0.080090530,0.778211057,0.231795728,0.000000007,-0.972764432,0.249309331,0.966600060,0.059406824,0.940274179,-0.256289512,0.224053770,70.0000000,1280,720,minecraft:overworld,flashback_export_aligned
1,20260914-194915-flashback_export,flashback_export,761,31752119825800,93.755735092,-58.380000114,18.832534714,103.1545258,-14.8500071,0.101243548,0.616247773,-0.080310091,0.776877522,0.227577955,0.000000007,-0.973759830,0.249564439,0.966600060,0.058325842,0.941236317,-0.256289482,0.219976842,70.0000000,1280,720,minecraft:overworld,flashback_export_aligned
1,20260914-194915-flashback_export,flashback_export,762,31752141049200,93.755735092,-58.380000114,18.832534714,102.9011230,-14.8500071,0.101065710,0.617964208,-0.080533788,0.775512934,0.223269075,-0.000000007,-0.974756837,0.249819964,0.966600060,0.057221539,0.942200065,-0.256289542,0.215811908,70.0000000,1280,720,minecraft:overworld,flashback_export_aligned
1,20260914-194915-flashback_export,flashback_export,763,31752162090600,93.755735092,-58.380000114,18.832534714,102.5534973,-14.8500071,0.100820936,0.620314002,-0.080840006,0.773634732,0.217350930,-0.000000000,-0.976093531,0.250162512,0.966600060,0.055704772,0.943492055,-0.256289512,0.210091442,70.0000000,1280,720,minecraft:overworld,flashback_export_aligned
1,20260914-194915-flashback_export,flashback_export,764,31752166592600,93.755735092,-58.380000114,18.832534714,102.2058792,-14.8500071,0.100575238,0.622657955,-0.081145480,0.771749377,0.211424947,-0.000000000,-0.977394223,0.250495881,0.966600060,0.054185994,0.944749355,-0.256289512,0.204363346,70.0000000,1280,720,minecraft:overworld,flashback_export_aligned
1,20260914-194915-flashback_export,flashback_export,765,31752204169400,93.755735092,-58.380000114,18.832534714,101.8511047,-14.8500071,0.100323528,0.625044286,-0.081456468,0.769817948,0.205368936,-0.000000000,-0.978684604,0.250826597,0.966600060,0.052633911,0.945996583,-0.256289512,0.198509634,70.0000000,1280,720,minecraft:overworld,flashback_export_aligned
1,20260914-194915-flashback_export,flashback_export,766,31752222240000,93.755735092,-58.380000114,18.832534714,101.3537216,-14.8500071,0.099969037,0.628379762,-0.081891149,0.767097771,0.196865499,-0.000000000,-0.980430484,0.251274049,0.966600060,0.050454557,0.947684169,-0.256289512,0.190290183,70.0000000,1280,720,minecraft:overworld,flashback_export_aligned
1,20260914-194915-flashback_export,flashback_export,767,31752226010500,93.755735092,-58.380000114,18.832534714,100.8563461,-14.8500071,0.099612638,0.631703377,-0.082324289,0.764363050,0.188347101,-0.000000015,-0.982102513,0.251702547,0.966600060,0.048271373,0.949300408,-0.256289482,0.182056308,70.0000000,1280,720,minecraft:overworld,flashback_export_aligned
1,20260914-194915-flashback_export,flashback_export,768,31752263372300,93.755735092,-58.380000114,18.832534714,99.9010925,-14.8500071,0.098922931,0.638053179,-0.083151802,0.759070635,0.171947867,-0.000000000,-0.985106111,0.252472371,0.966600060,0.044068441,0.952203631,-0.256289542,0.166204840,70.0000000,1280,720,minecraft:overworld,flashback_export_aligned
1,20260914-194915-flashback_export,flashback_export,769,31752281172500,93.755735092,-58.380000114,18.832534714,99.5602417,-14.8500071,0.098675147,0.640308201,-0.083445683,0.757169306,0.166084364,-0.000000015,-0.986111581,0.252730042,0.966600120,0.042565670,0.953175485,-0.256289512,0.160537168,70.0000000,1280,720,minecraft:overworld,flashback_export_aligned
1,20260914-194915-flashback_export,flashback_export,770,31752298657600,93.755735092,-58.380000114,18.832534714,99.2193832,-14.8500071,0.098426498,0.642557621,-0.083738826,0.755261362,0.160215020,-0.000000015,-0.987082124,0.252978802,0.966600060,0.041061416,0.954113603,-0.256289482,0.154863834,70.0000000,1280,720,minecraft:overworld,flashback_export_aligned
1,20260914-194915-flashback_export,flashback_export,771,31752302741500,93.755735092,-58.380000114,18.832534714,98.8510742,-14.8500071,0.098156847,0.644981802,-0.084054746,0.753192246,0.153866559,-0.000000015,-0.988091648,0.253237545,0.966600060,0.039434396,0.955089509,-0.256289512,0.148727447,70.0000000,1280,720,minecraft:overworld,flashback_export_aligned
1,20260914-194915-flashback_export,flashback_export,772,31752321571300,93.755735092,-58.380000114,18.832534714,98.5872955,-14.8500071,0.097963095,0.646713912,-0.084280476,0.751705527,0.149315894,-0.000000000,-0.988789618,0.253416389,0.966600120,0.038268089,0.955764115,-0.256289512,0.144328773,70.0000000,1280,720,minecraft:overworld,flashback_export_aligned
1,20260914-194915-flashback_export,flashback_export,773,31752355330000,93.755735092,-58.380000114,18.832534714,98.3235168,-14.8500071,0.097768843,0.648442447,-0.084505744,0.750214934,0.144762367,-0.000000015,-0.989466488,0.253589869,0.966600060,0.037101060,0.956418335,-0.256289512,0.139927328,70.0000000,1280,720,minecraft:overworld,flashback_export_aligned
1,20260914-194915-flashback_export,flashback_export,774,31752375141900,93.755735092,-58.380000114,18.832534714,97.8010864,-14.8500071,0.097382553,0.651856065,-0.084950611,0.747250795,0.135734200,-0.000000000,-0.990745366,0.253917634,0.966600120,0.034787230,0.957654536,-0.256289512,0.131200671,70.0000000,1280,720,minecraft:overworld,flashback_export_aligned
1,20260914-194915-flashback_export,flashback_export,775,31752396212100,93.755735092,-58.380000114,18.832534714,97.1889267,-14.8500071,0.096927360,0.655838609,-0.085469618,0.743757904,0.125141382,-0.000000000,-0.992138982,0.254274815,0.966600120,0.032072432,0.959001660,-0.256289542,0.120961666,70.0000000,1280,720,minecraft:overworld,flashback_export_aligned
1,20260914-194915-flashback_export,flashback_export,776,31752416043800,93.755735092,-58.380000114,18.832534714,96.5767746,-14.8500071,0.096469395,0.659802437,-0.085986182,0.740243793,0.114534333,0.000000015,-0.993419230,0.254602939,0.966600060,0.029353958,0.960239112,-0.256289512,0.110708907,70.0000000,1280,720,minecraft:overworld,flashback_export_aligned
1,20260914-194915-flashback_export,flashback_export,777,31752438056500,93.755735092,-58.380000114,18.832534714,95.4010925,-14.8500071,0.095582135,0.667362273,-0.086971395,0.733435571,0.094127223,-0.000000015,-0.995560169,0.255151600,0.966600060,0.024123821,0.962308526,-0.256289512,0.090983413,70.0000000,1280,720,minecraft:overworld,flashback_export_aligned
1,20260914-194915-flashback_export,flashback_export,778,31752456863900,93.755735092,-58.380000114,18.832534714,95.0242615,-14.8500071,0.095295623,0.669770539,-0.087285236,0.731236994,0.087577485,0.000000015,-0.996157646,0.255304784,0.966600060,0.022445215,0.962886095,-0.256289512,0.084652416,70.0000000,1280,720,minecraft:overworld,flashback_export_aligned
1,20260914-194915-flashback_export,flashback_export,779,31752475854400,93.755735092,-58.380000114,18.832534714,94.6474304,-14.8500071,0.095008060,0.672171593,-0.087598152,0.729030430,0.081023812,-0.000000000,-0.996712148,0.255446881,0.966600060,0.020765550,0.963422000,-0.256289512,0.078317642,70.0000000,1280,720,minecraft:overworld,flashback_export_aligned
1,20260914-194915-flashback_export,flashback_export,780,31752497410200,93.755735092,-58.380000114,18.832534714,93.9010925,-14.8500071,0.094435528,0.676905453,-0.088215075,0.724637210,0.068034291,-0.000000000,-0.997683048,0.255695701,0.966600120,0.017436460,0.964360476,-0.256289542,0.065761924,70.0000000,1280,720,minecraft:overworld,flashback_export_aligned
1,20260914-194915-flashback_export,flashback_export,781,31752515788700,93.755735092,-58.380000114,18.832534714,93.5848846,-14.8500071,0.094191730,0.678902507,-0.088475332,0.722766459,0.062526971,-0.000000000,-0.998043239,0.255787998,0.966600060,0.016024992,0.964708626,-0.256289482,0.060438573,70.0000000,1280,720,minecraft:overworld,flashback_export_aligned
1,20260914-194915-flashback_export,flashback_export,782,31752533926200,93.755735092,-58.380000114,18.832534714,93.2686768,-14.8500071,0.093947247,0.680894256,-0.088734902,0.720890462,0.057018250,-0.000000015,-0.998373151,0.255872548,0.966600060,0.014613174,0.965027571,-0.256289512,0.055113852,70.0000000,1280,720,minecraft:overworld,flashback_export_aligned
1,20260914-194915-flashback_export,flashback_export,783,31752555633200,93.755735092,-58.380000114,18.832534714,92.8511047,-14.8500071,0.093623273,0.683516681,-0.089076661,0.718404472,0.049740583,-0.000000015,-0.998762190,0.255972266,0.966600060,0.012747988,0.965403616,-0.256289542,0.048079252,70.0000000,1280,720,minecraft:overworld,flashback_export_aligned
1,20260914-194915-flashback_export,flashback_export,784,31752574040500,93.755735092,-58.380000114,18.832534714,92.5067673,-14.8500071,0.093355171,0.685672402,-0.089357585,0.716347277,0.043737173,0.000000015,-0.999043107,0.256044269,0.966600120,0.011209384,0.965675116,-0.256289482,0.042276382,70.0000000,1280,720,minecraft:overworld,flashback_export_aligned
1,20260914-194915-flashback_export,flashback_export,785,31752594420400,93.755735092,-58.380000114,18.832534714,92.1624222,-14.8500071,0.093086235,0.687821925,-0.089637719,0.714283645,0.037732244,-0.000000015,-0.999287963,0.256107032,0.966600120,0.009670369,0.965911865,-0.256289512,0.036471963,70.0000000,1280,720,minecraft:overworld,flashback_export_aligned
1,20260914-194915-flashback_export,flashback_export,786,31752616785600,93.755735092,-58.380000114,18.832534714,91.5010986,-14.8500071,0.092567384,0.691932619,-0.090173423,0.710302293,0.026196089,-0.000000000,-0.999656796,0.256201535,0.966600060,0.006713777,0.966268301,-0.256289482,0.025321122,70.0000000,1280,720,minecraft:overworld,flashback_export_aligned
1,20260914-194915-flashback_export,flashback_export,787,31752636263600,93.755735092,-58.380000114,18.832534714,91.1534729,-14.8500071,0.092293404,0.694084227,-0.090453833,0.708199978,0.020130483,-0.000000000,-0.999797344,0.256237566,0.966600060,0.005159214,0.966404200,-0.256289512,0.019458143,70.0000000,1280,720,minecraft:overworld,flashback_export_aligned
1,20260914-194915-flashback_export,flashback_export,788,31752655638200,93.755735092,-58.380000114,18.832534714,90.8058548,-14.8500071,0.092018582,0.696229398,-0.090733387,0.706091166,0.014064223,-0.000000000,-0.999901175,0.256264180,0.966600180,0.003604516,0.966504574,-0.256289542,0.013594478,70.0000000,1280,720,minecraft:overworld,flashback_export_aligned
1,20260914-194915-flashback_export,flashback_export,789,31752676871100,93.755735092,-58.380000114,18.832534714,90.4510803,-14.8500071,0.091737241,0.698412061,-0.091017835,0.703932285,0.007872730,-0.000000000,-0.999969006,0.256281585,0.966600060,0.002017707,0.966570139,-0.256289512,0.007609755,70.0000000,1280,720,minecraft:overworld,flashback_export_aligned
1,20260914-194915-flashback_export,flashback_export,790,31752683637600,93.755735092,-58.380000114,18.832534714,90.1119385,-14.8500071,0.091467462,0.700492382,-0.091288947,0.701862216,0.001953602,-0.000000000,-0.999998033,0.256289005,0.966600060,0.000500694,0.966598213,-0.256289512,0.001888364,70.0000000,1280,720,minecraft:overworld,flashback_export_aligned
1,20260914-194915-flashback_export,flashback_export,791,31752705228400,93.755735092,-58.380000114,18.832534714,89.7727966,-14.8500071,0.091196887,0.702566504,-0.091559246,0.699785948,-0.003965527,0.000000015,-0.999992192,0.256287515,0.966600060,-0.001016319,0.966592491,-0.256289512,-0.003833085,70.0000000,1280,720,minecraft:overworld,flashback_export_aligned
1,20260914-194915-flashback_export,flashback_export,792,31752742510100,93.755735092,-58.380000114,18.832534714,89.1011047,-14.8500071,0.090658635,0.706656337,-0.092092238,0.695655763,-0.015688239,-0.000000000,-0.999876857,0.256257951,0.966600060,-0.004020720,0.966481090,-0.256289512,-0.015164254,70.0000000,1280,720,minecraft:overworld,flashback_export_aligned
1,20260914-194915-flashback_export,flashback_export,793,31752764211000,93.755735092,-58.380000114,18.832534714,89.0037231,-14.8500071,0.090580337,0.707247198,-0.092169240,0.695055008,-0.017387539,-0.000000000,-0.999848902,0.256250769,0.966600060,-0.004456237,0.966453969,-0.256289482,-0.016806781,70.0000000,1280,720,minecraft:overworld,flashback_export_aligned
1,20260914-194915-flashback_export,flashback_export,794,31752783743000,93.755735092,-58.380000114,18.832534714,88.9063416,-14.8500071,0.090501979,0.707837641,-0.092246190,0.694453716,-0.019086957,-0.000000000,-0.999817908,0.256242841,0.966600120,-0.004891783,0.966424048,-0.256289512,-0.018449426,70.0000000,1280,720,minecraft:overworld,flashback_export_aligned
1,20260914-194915-flashback_export,flashback_export,795,31752806568300,93.755735092,-58.380000114,18.832534714,88.8011169,-14.8500071,0.090417236,0.708475053,-0.092329256,0.693803430,-0.020923106,-0.000000000,-0.999781072,0.256233394,0.966600060,-0.005362376,0.966388404,-0.256289512,-0.020224301,70.0000000,1280,720,minecraft:overworld,flashback_export_aligned
1,20260914-194915-flashback_export,flashback_export,796,31752826106000,93.755735092,-58.380000114,18.832534714,88.8011169,-14.8500071,0.090417236,0.708475053,-0.092329256,0.693803430,-0.020923106,-0.000000000,-0.999781072,0.256233394,0.966600060,-0.005362376,0.966388404,-0.256289512,-0.020224301,70.0000000,1280,720,minecraft:overworld,flashback_export_aligned
1,20260914-194915-flashback_export,flashback_export,797,31752846744500,93.755735092,-58.380000114,18.832534714,88.8011169,-14.8500071,0.090417236,0.708475053,-0.092329256,0.693803430,-0.020923106,-0.000000000,-0.999781072,0.256233394,0.966600060,-0.005362376,0.966388404,-0.256289512,-0.020224301,70.0000000,1280,720,minecraft:overworld,flashback_export_aligned
1,20260914-194915-flashback_export,flashback_export,798,31752868225700,93.755735092,-58.380000114,18.832534714,88.8011169,-14.8500071,0.090417236,0.708475053,-0.092329256,0.693803430,-0.020923106,-0.000000000,-0.999781072,0.256233394,0.966600060,-0.005362376,0.966388404,-0.256289512,-0.020224301,70.0000000,1280,720,minecraft:overworld,flashback_export_aligned
1,20260914-194915-flashback_export,flashback_export,799,31752886727900,93.755735092,-58.380000114,18.832534714,88.7234116,-14.8500071,0.090354607,0.708945334,-0.092390545,0.693322837,-0.022278965,0.000000015,-0.999751806,0.256225884,0.966600060,-0.005709857,0.966360211,-0.256289512,-0.021534860,70.0000000,1280,720,minecraft:overworld,flashback_export_aligned
1,20260914-194915-flashback_export,flashback_export,800,31752890490600,93.755735092,-58.380000114,18.832534714,88.6457062,-14.8500071,0.090291932,0.709415317,-0.092451796,0.692841887,-0.023634914,0.000000015,-0.999720752,0.256217927,0.966600120,-0.006057383,0.966330111,-0.256289542,-0.022845509,70.0000000,1280,720,minecraft:overworld,flashback_export_aligned
1,20260914-194915-flashback_export,flashback_export,801,31752928330100,93.755735092,-58.380000114,18.832534714,88.5011292,-14.8500071,0.090175226,0.710288823,-0.092565633,0.691946447,-0.026157167,-0.000000000,-0.999657810,0.256201804,0.966600060,-0.006703815,0.966269314,-0.256289482,-0.025283482,70.0000000,1280,720,minecraft:overworld,flashback_export_aligned
1,20260914-194915-flashback_export,flashback_export,802,31752934779000,93.755735092,-58.380000114,18.832534714,88.0037460,-14.8882666,0.090002567,0.713254511,-0.093194306,0.688826799,-0.034834385,-0.000000000,-0.999393046,0.256778955,0.966428757,-0.008950152,0.965842187,-0.256934881,-0.033664942,70.0000000,1280,720,minecraft:overworld,flashback_export_aligned
1,20260914-194915-flashback_export,flashback_export,803,31752955002900,93.755735092,-58.380000114,18.832534714,87.5063705,-14.9265270,0.089826167,0.716206253,-0.093823209,0.685694575,-0.043508355,-0.000000000,-0.999053121,0.257336289,0.966256976,-0.011206911,0.965342045,-0.257580191,-0.042040292,70.0000000,1280,720,minecraft:overworld,flashback_export_aligned
1,20260914-194915-flashback_export,flashback_export,804,31752992441100,93.755735092,-58.380000114,18.832534714,86.5511169,-15.0000067,0.089476772,0.721836567,-0.095031634,0.679643214,-0.060158014,-0.000000000,-0.998188853,0.258350432,0.965925813,-0.015570059,0.964176416,-0.258819163,-0.058108211,70.0000000,1280,720,minecraft:overworld,flashback_export_aligned
1,20260914-194915-flashback_export,flashback_export,805,31753013905900,93.755735092,-58.380000114,18.832534714,86.4380722,-15.0000067,0.089382976,0.722506702,-0.095119856,0.678930819,-0.062127374,-0.000000000,-0.998068213,0.258319169,0.965925813,-0.016079759,0.964059830,-0.258819163,-0.060010396,70.0000000,1280,720,minecraft:overworld,flashback_export_aligned
1,20260914-194915-flashback_export,flashback_export,806,31753034132900,93.755735092,-58.380000114,18.832534714,86.3250275,-15.0000067,0.089289099,0.723176122,-0.095207989,0.678217709,-0.064096473,-0.000000000,-0.997943640,0.258286953,0.965925813,-0.016589386,0.963939548,-0.258819133,-0.061912440,70.0000000,1280,720,minecraft:overworld,flashback_export_aligned
1,20260914-194915-flashback_export,flashback_export,807,31753055977600,93.755735092,-58.380000114,18.832534714,86.1011353,-15.0000067,0.089102909,0.724499881,-0.095382273,0.676803410,-0.067995638,-0.000000000,-0.997685671,0.258220196,0.965925813,-0.017598592,0.963690281,-0.258819193,-0.065678746,70.0000000,1280,720,minecraft:overworld,flashback_export_aligned
1,20260914-194915-flashback_export,flashback_export,808,31753075377800,93.755735092,-58.380000114,18.832534714,85.8412628,-14.9628830,0.088667631,0.726063788,-0.095348872,0.675187409,-0.072519988,-0.000000000,-0.997366965,0.257513434,0.966093302,-0.018724196,0.963549554,-0.258193254,-0.070061117,70.0000000,1280,720,minecraft:overworld,flashback_export_aligned
1,20260914-194915-flashback_export,flashback_export,809,31753095991900,93.755735092,-58.380000114,18.832534714,85.5813980,-14.9257593,0.088232972,0.727623999,-0.095313981,0.673567772,-0.077042840,0.000000015,-0.997027695,0.256801695,0.966260314,-0.019843703,0.963388383,-0.257567227,-0.074443482,70.0000000,1280,720,minecraft:overworld,flashback_export_aligned
1,20260914-194915-flashback_export,flashback_export,810,31753117192200,93.755735092,-58.380000114,18.832534714,85.0511169,-14.8500071,0.087347895,0.730796337,-0.095238194,0.670251250,-0.086267233,-0.000000000,-0.996272027,0.255334079,0.966600060,-0.022109382,0.962996662,-0.256289512,-0.083385885,70.0000000,1280,720,minecraft:overworld,flashback_export_aligned
1,20260914-194915-flashback_export,flashback_export,811,31753136553700,93.755735092,-58.380000114,18.832534714,84.6302567,-14.8117476,0.086774632,0.733284831,-0.095313504,0.667591870,-0.093582533,-0.000000000,-0.995611489,0.254522055,0.966771007,-0.023923811,0.962528288,-0.255643934,-0.090472899,70.0000000,1280,720,minecraft:overworld,flashback_export_aligned
1,20260914-194915-flashback_export,flashback_export,812,31753140191400,93.755735092,-58.380000114,18.832534714,84.2094040,-14.7734871,0.086201988,0.735763669,-0.095385917,0.664923012,-0.100893229,-0.000000000,-0.994897306,0.253697157,0.966941476,-0.025727607,0.962007463,-0.254998356,-0.097557873,70.0000000,1280,720,minecraft:overworld,flashback_export_aligned
1,20260914-194915-flashback_export,flashback_export,813,31753178215200,93.755735092,-58.380000114,18.832534714,83.4011230,-14.7000074,0.085103996,0.740496755,-0.095516749,0.659771562,-0.114917696,-0.000000000,-0.993375123,0.252076924,0.967267811,-0.029161297,0.960859716,-0.253758073,-0.111156166,70.0000000,1280,720,minecraft:overworld,flashback_export_aligned
1,20260914-194915-flashback_export,flashback_export,814,31753198130500,93.755735092,-58.380000114,18.832534714,82.8889999,-14.6268473,0.084257133,0.743498981,-0.095421471,0.656509459,-0.123792082,-0.000000015,-0.992308140,0.250580370,0.967590928,-0.031260327,0.960148335,-0.252522767,-0.119780093,70.0000000,1280,720,minecraft:overworld,flashback_export_aligned
1,20260914-194915-flashback_export,flashback_export,815,31753218114200,93.755735092,-58.380000114,18.832534714,82.3768692,-14.5536861,0.083412811,0.746486604,-0.095320508,0.653233469,-0.132656604,-0.000000000,-0.991162002,0.249066189,0.967912555,-0.033334881,0.959358156,-0.251287043,-0.128399998,70.0000000,1280,720,minecraft:overworld,flashback_export_aligned
1,20260914-194915-flashback_export,flashback_export,816,31753239663000,93.755735092,-58.380000114,18.832534714,81.3011169,-14.4000082,0.081647612,0.752714217,-0.095089972,0.646307051,-0.151241615,-0.000000007,-0.988496840,0.245829314,0.968583167,-0.037612300,0.957441390,-0.248690039,-0.146490112,70.0000000,1280,720,minecraft:overworld,flashback_export_aligned
1,20260914-194915-flashback_export,flashback_export,817,31753259628600,93.755735092,-58.380000114,18.832534714,80.9261856,-14.3531418,0.081072725,0.754863799,-0.095047891,0.643873990,-0.157706931,-0.000000000,-0.987486005,0.244795486,0.968786299,-0.039095189,0.956662893,-0.247897685,-0.152784303,70.0000000,1280,720,minecraft:overworld,flashback_export_aligned
1,20260914-194915-flashback_export,flashback_export,818,31753265316000,93.755735092,-58.380000114,18.832534714,80.5512619,-14.3062744,0.080498978,0.757005334,-0.095003031,0.641433775,-0.164165229,0.000000007,-0.986432850,0.243752629,0.968988657,-0.040566079,0.955842316,-0.247105122,-0.159074277,70.0000000,1280,720,minecraft:overworld,flashback_export_aligned
1,20260914-194915-flashback_export,flashback_export,819,31753301121200,93.755735092,-58.380000114,18.832534714,80.1011353,-14.2500086,0.079811677,0.759565830,-0.094945557,0.638494551,-0.171909705,-0.000000000,-0.985112727,0.242488861,0.969230890,-0.042316157,0.954801619,-0.246153414,-0.166620150,70.0000000,1280,720,minecraft:overworld,flashback_export_aligned
1,20260914-194915-flashback_export,flashback_export,820,31753321962400,93.755735092,-58.380000114,18.832534714,79.7619934,-14.2123251,0.079321101,0.761483371,-0.094930947,0.636269867,-0.177737594,-0.000000000,-0.984077930,0.241606802,0.969392538,-0.043637417,0.953957796,-0.245515913,-0.172297537,70.0000000,1280,720,minecraft:overworld,flashback_export_aligned
1,20260914-194915-flashback_export,flashback_export,821,31753341016900,93.755735092,-58.380000114,18.832534714,79.4228516,-14.1746426,0.078831308,0.763394356,-0.094914243,0.634039462,-0.183559239,-0.000000000,-0.983008683,0.240717500,0.969553888,-0.044949681,0.953079879,-0.244878322,-0.177970588,70.0000000,1280,720,minecraft:overworld,flashback_export_aligned
1,20260914-194915-flashback_export,flashback_export,822,31753364477900,93.755735092,-58.380000114,18.832534714,78.7511597,-14.1000090,0.077863552,0.767159700,-0.094875060,0.629604638,-0.195070505,-0.000000000,-0.980789244,0.238935113,0.969871998,-0.047522135,0.951240003,-0.243615150,-0.189193428,70.0000000,1280,720,minecraft:overworld,flashback_export_aligned
1,20260914-194915-flashback_export,flashback_export,823,31753383468200,93.755735092,-58.380000114,18.832534714,78.4120178,-14.1000090,0.077582426,0.769019663,-0.095105089,0.627331436,-0.200872481,-0.000000000,-0.979617417,0.238649651,0.969871938,-0.048935585,0.950103462,-0.243615150,-0.194820583,70.0000000,1280,720,minecraft:overworld,flashback_export_aligned
1,20260914-194915-flashback_export,flashback_export,824,31753403271400,93.755735092,-58.380000114,18.832534714,78.0728760,-14.1000090,0.077300608,0.770872951,-0.095334284,0.625052691,-0.206667513,-0.000000007,-0.978411317,0.238355815,0.969872057,-0.050347343,0.948933721,-0.243615180,-0.200440973,70.0000000,1280,720,minecraft:overworld,flashback_export_aligned
1,20260914-194915-flashback_export,flashback_export,825,31753424691600,93.755735092,-58.380000114,18.832534714,77.4011841,-14.1000090,0.076740474,0.774523437,-0.095785744,0.620523393,-0.218123063,-0.000000000,-0.975921392,0.237749234,0.969872057,-0.053138103,0.946518779,-0.243615195,-0.211551473,70.0000000,1280,720,minecraft:overworld,flashback_export_aligned
1,20260914-194915-flashback_export,flashback_export,826,31753445162600,93.755735092,-58.380000114,18.832534714,77.3018723,-14.1000090,0.076657429,0.775061011,-0.095852226,0.619851887,-0.219814509,0.000000007,-0.975541770,0.237656772,0.969872057,-0.053550154,0.946150601,-0.243615180,-0.213191956,70.0000000,1280,720,minecraft:overworld,flashback_export_aligned
1,20260914-194915-flashback_export,flashback_export,827,31753464959700,93.755735092,-58.380000114,18.832534714,77.2025528,-14.1000090,0.076574326,0.775597930,-0.095918626,0.619179904,-0.221505195,0.000000007,-0.975159228,0.237563580,0.969871998,-0.053962015,0.945779622,-0.243615165,-0.214831680,70.0000000,1280,720,minecraft:overworld,flashback_export_aligned
1,20260914-194915-flashback_export,flashback_export,828,31753485777800,93.755735092,-58.380000114,18.832534714,77.1011963,-14.1000090,0.076489463,0.776145279,-0.095986322,0.618493736,-0.223229766,-0.000000000,-0.974765897,0.237467751,0.969871998,-0.054382153,0.945398092,-0.243615180,-0.216504276,70.0000000,1280,720,minecraft:overworld,flashback_export_aligned
1,20260914-194915-flashback_export,flashback_export,829,31753504575100,93.755735092,-58.380000114,18.832534714,77.0629349,-14.1000090,0.076457396,0.776351810,-0.096011855,0.618234456,-0.223880857,-0.000000000,-0.974616647,0.237431377,0.969872057,-0.054540768,0.945253372,-0.243615180,-0.217135757,70.0000000,1280,720,minecraft:overworld,flashback_export_aligned
1,20260914-194915-flashback_export,flashback_export,830,31753523819300,93.755735092,-58.380000114,18.832534714,77.0246811,-14.1000090,0.076425351,0.776558101,-0.096037373,0.617975295,-0.224531382,-0.000000000,-0.974466920,0.237394929,0.969872057,-0.054699250,0.945108175,-0.243615180,-0.217766732,70.0000000,1280,720,minecraft:overworld,flashback_export_aligned
1,20260914-194915-flashback_export,flashback_export,831,31753546495100,93.755735092,-58.380000114,18.832534714,76.9512024,-14.1000090,0.076363742,0.776954234,-0.096086361,0.617477179,-0.225780994,-0.000000000,-0.974178016,0.237324536,0.969871998,-0.055003673,0.944827974,-0.243615150,-0.218978673,70.0000000,1280,720,minecraft:overworld,flashback_export_aligned
1,20260914-194915-flashback_export,flashback_export,832,31753566240300,93.755735092,-58.380000114,18.832534714,76.9512024,-14.1000090,0.076363742,0.776954234,-0.096086361,0.617477179,-0.225780994,-0.000000000,-0.974178016,0.237324536,0.969871998,-0.055003673,0.944827974,-0.243615150,-0.218978673,70.0000000,1280,720,minecraft:overworld,flashback_export_aligned
1,20260914-194915-flashback_export,flashback_export,833,31753584664000,93.755735092,-58.380000114,18.832534714,76.9512024,-14.1000090,0.076363742,0.776954234,-0.096086361,0.617477179,-0.225780994,-0.000000000,-0.974178016,0.237324536,0.969871998,-0.055003673,0.944827974,-0.243615150,-0.218978673,70.0000000,1280,720,minecraft:overworld,flashback_export_aligned
1,20260914-194915-flashback_export,flashback_export,834,31753608253100,93.755735092,-58.380000114,18.832534714,76.9512024,-14.1000090,0.076363742,0.776954234,-0.096086361,0.617477179,-0.225780994,-0.000000000,-0.974178016,0.237324536,0.969871998,-0.055003673,0.944827974,-0.243615150,-0.218978673,70.0000000,1280,720,minecraft:overworld,flashback_export_aligned
1,20260914-194915-flashback_export,flashback_export,835,31753631957600,93.755735092,-58.380000114,18.832534714,76.9512024,-14.1000090,0.076363742,0.776954234,-0.096086361,0.617477179,-0.225780994,-0.000000000,-0.974178016,0.237324536,0.969871998,-0.055003673,0.944827974,-0.243615150,-0.218978673,70.0000000,1280,720,minecraft:overworld,flashback_export_aligned
1,20260914-194915-flashback_export,flashback_export,836,31753651816900,93.755735092,-58.380000114,18.832534714,76.9512024,-14.1000090,0.076363742,0.776954234,-0.096086361,0.617477179,-0.225780994,-0.000000000,-0.974178016,0.237324536,0.969871998,-0.055003673,0.944827974,-0.243615150,-0.218978673,70.0000000,1280,720,minecraft:overworld,flashback_export_aligned
1,20260914-194915-flashback_export,flashback_export,837,31753674547600,93.755735092,-58.380000114,18.832534714,76.9512024,-14.1000090,0.076363742,0.776954234,-0.096086361,0.617477179,-0.225780994,-0.000000000,-0.974178016,0.237324536,0.969871998,-0.055003673,0.944827974,-0.243615150,-0.218978673,70.0000000,1280,720,minecraft:overworld,flashback_export_aligned
1,20260914-194915-flashback_export,flashback_export,838,31753693721200,93.755735092,-58.380000114,18.832534714,76.9015427,-14.1000090,0.076322101,0.777221680,-0.096119441,0.617140472,-0.226625115,-0.000000015,-0.973982155,0.237276807,0.969871998,-0.055209324,0.944637954,-0.243615180,-0.219797343,70.0000000,1280,720,minecraft:overworld,flashback_export_aligned
1,20260914-194915-flashback_export,flashback_export,839,31753699421300,93.755735092,-58.380000114,18.832534714,76.8518906,-14.1000090,0.076280437,0.777489066,-0.096152507,0.616803586,-0.227469176,-0.000000007,-0.973785341,0.237228870,0.969872057,-0.055414960,0.944447100,-0.243615180,-0.220616013,70.0000000,1280,720,minecraft:overworld,flashback_export_aligned
1,20260914-194915-flashback_export,flashback_export,840,31753739650900,93.755735092,-58.380000114,18.832534714,76.8012085,-14.1000090,0.076237917,0.777761757,-0.096186228,0.616459727,-0.228330344,-0.000000000,-0.973583817,0.237179771,0.969872057,-0.055624731,0.944251657,-0.243615180,-0.221451253,70.0000000,1280,720,minecraft:overworld,flashback_export_aligned
1,20260914-194915-flashback_export,flashback_export,841,31753763449900,93.755735092,-58.380000114,18.832534714,76.6127930,-14.1000090,0.076079659,0.778774321,-0.096311450,0.615180016,-0.231530815,0.000000007,-0.972827613,0.236995548,0.969871998,-0.056404404,0.943518221,-0.243615165,-0.224555224,70.0000000,1280,720,minecraft:overworld,flashback_export_aligned
1,20260914-194915-flashback_export,flashback_export,842,31753781794700,93.755735092,-58.380000114,18.832534714,76.4243774,-14.1000090,0.075921193,0.779784799,-0.096436419,0.613898695,-0.234728724,-0.000000000,-0.972060859,0.236808762,0.969871998,-0.057183467,0.942774594,-0.243615150,-0.227656811,70.0000000,1280,720,minecraft:overworld,flashback_export_aligned
1,20260914-194915-flashback_export,flashback_export,843,31753802940800,93.755735092,-58.380000114,18.832534714,76.0512085,-14.1000090,0.075606748,0.781779826,-0.096683145,0.611356080,-0.241054684,-0.000000000,-0.970511496,0.236431316,0.969871998,-0.058724575,0.941271961,-0.243615150,-0.233792216,70.0000000,1280,720,minecraft:overworld,flashback_export_aligned
1,20260914-194915-flashback_export,flashback_export,844,31753821985400,93.755735092,-58.380000114,18.832534714,75.6303482,-14.1000090,0.075251147,0.784019887,-0.096960172,0.608480752,-0.248176903,-0.000000007,-0.968714714,0.235993594,0.969871998,-0.060459666,0.939529300,-0.243615150,-0.240699857,70.0000000,1280,720,minecraft:overworld,flashback_export_aligned
1,20260914-194915-flashback_export,flashback_export,845,31753826287900,93.755735092,-58.380000114,18.832534714,75.2094955,-14.1000090,0.074894540,0.786249340,-0.097235888,0.605597198,-0.255285680,-0.000000000,-0.966865659,0.235543132,0.969871938,-0.062191457,0.937735915,-0.243615150,-0.247594416,70.0000000,1280,720,minecraft:overworld,flashback_export_aligned
1,20260914-194915-flashback_export,flashback_export,846,31753864319100,93.755735092,-58.380000114,18.832534714,74.4012146,-14.1000090,0.074206822,0.790501297,-0.097761735,0.600036323,-0.268899471,-0.000000007,-0.963168323,0.234642386,0.969871998,-0.065507993,0.934149921,-0.243615180,-0.260798007,70.0000000,1280,720,minecraft:overworld,flashback_export_aligned
1,20260914-194915-flashback_export,flashback_export,847,31753882291800,93.755735092,-58.380000114,18.832534714,74.1090622,-14.1487017,0.074211448,0.791986883,-0.098287158,0.597987533,-0.273807138,-0.000000000,-0.961784601,0.235097975,0.969664574,-0.066929236,0.932608485,-0.244439319,-0.265501112,70.0000000,1280,720,minecraft:overworld,flashback_export_aligned
1,20260914-194915-flashback_export,flashback_export,848,31753886553200,93.755735092,-58.380000114,18.832534714,73.8169098,-14.1973934,0.074213855,0.793466985,-0.098813206,0.595934927,-0.278707743,0.000000007,-0.960375905,0.235544950,0.969456434,-0.068356767,0.931042671,-0.245263249,-0.270195007,70.0000000,1280,720,minecraft:overworld,flashback_export_aligned
1,20260914-194915-flashback_export,flashback_export,849,31753920691900,93.755735092,-58.380000114,18.832534714,73.5012207,-14.2500086,0.074213959,0.795060158,-0.099382348,0.593712687,-0.283995062,0.000000007,-0.958825767,0.236018240,0.969230890,-0.069906346,0.929323494,-0.246153414,-0.275256783,70.0000000,1280,720,minecraft:overworld,flashback_export_aligned
1,20260914-194915-flashback_export,flashback_export,850,31753939641400,93.755735092,-58.380000114,18.832534714,73.4515610,-14.2500086,0.074170887,0.795317411,-0.099414505,0.593368113,-0.284825981,-0.000000000,-0.958579302,0.235957593,0.969230950,-0.070110902,0.929084659,-0.246153459,-0.276062191,70.0000000,1280,720,minecraft:overworld,flashback_export_aligned
1,20260914-194915-flashback_export,flashback_export,851,31753958851800,93.755735092,-58.380000114,18.832534714,73.4019089,-14.2500086,0.074127801,0.795574427,-0.099446632,0.593023419,-0.285656631,0.000000007,-0.958332062,0.235896736,0.969230831,-0.070315346,0.928845048,-0.246153429,-0.276867211,70.0000000,1280,720,minecraft:overworld,flashback_export_aligned
1,20260914-194915-flashback_export,flashback_export,852,31753982615200,93.755735092,-58.380000114,18.832534714,73.3512268,-14.2500086,0.074083813,0.795836627,-0.099479407,0.592671514,-0.286504149,-0.000000000,-0.958079040,0.235834450,0.969230890,-0.070523977,0.928599775,-0.246153444,-0.277688622,70.0000000,1280,720,minecraft:overworld,flashback_export_aligned
1,20260914-194915-flashback_export,flashback_export,853,31754001395800,93.755735092,-58.380000114,18.832534714,73.3512268,-14.2500086,0.074083813,0.795836627,-0.099479407,0.592671514,-0.286504149,-0.000000000,-0.958079040,0.235834450,0.969230890,-0.070523977,0.928599775,-0.246153444,-0.277688622,70.0000000,1280,720,minecraft:overworld,flashback_export_aligned
1,20260914-194915-flashback_export,flashback_export,854,31754020204900,93.755735092,-58.380000114,18.832534714,73.3512268,-14.2500086,0.074083813,0.795836627,-0.099479407,0.592671514,-0.286504149,-0.000000000,-0.958079040,0.235834450,0.969230890,-0.070523977,0.928599775,-0.246153444,-0.277688622,70.0000000,1280,720,minecraft:overworld,flashback_export_aligned
1,20260914-194915-flashback_export,flashback_export,855,31754041765300,93.755735092,-58.380000114,18.832534714,73.3512268,-14.2500086,0.074083813,0.795836627,-0.099479407,0.592671514,-0.286504149,-0.000000000,-0.958079040,0.235834450,0.969230890,-0.070523977,0.928599775,-0.246153444,-0.277688622,70.0000000,1280,720,minecraft:overworld,flashback_export_aligned
1,20260914-194915-flashback_export,flashback_export,856,31754047104500,93.755735092,-58.380000114,18.832534714,73.3512268,-14.2500086,0.074083813,0.795836627,-0.099479407,0.592671514,-0.286504149,-0.000000000,-0.958079040,0.235834450,0.969230890,-0.070523977,0.928599775,-0.246153444,-0.277688622,70.0000000,1280,720,minecraft:overworld,flashback_export_aligned
1,20260914-194915-flashback_export,flashback_export,857,31754081707300,93.755735092,-58.380000114,18.832534714,73.3512268,-14.2500086,0.074083813,0.795836627,-0.099479407,0.592671514,-0.286504149,-0.000000000,-0.958079040,0.235834450,0.969230890,-0.070523977,0.928599775,-0.246153444,-0.277688622,70.0000000,1280,720,minecraft:overworld,flashback_export_aligned
1,20260914-194915-flashback_export,flashback_export,858,31754103496600,93.755735092,-58.380000114,18.832534714,73.3512268,-14.2500086,0.074083813,0.795836627,-0.099479407,0.592671514,-0.286504149,-0.000000000,-0.958079040,0.235834450,0.969230890,-0.070523977,0.928599775,-0.246153444,-0.277688622,70.0000000,1280,720,minecraft:overworld,flashback_export_aligned
1,20260914-194915-flashback_export,flashback_export,859,31754122914700,93.755735092,-58.380000114,18.832534714,73.1628189,-14.2500086,0.073920161,0.796809971,-0.099601075,0.591362298,-0.289652914,0.000000007,-0.957131803,0.235601276,0.969230890,-0.071299069,0.927681744,-0.246153444,-0.280740589,70.0000000,1280,720,minecraft:overworld,flashback_export_aligned
1,20260914-194915-flashback_export,flashback_export,860,31754142331500,93.755735092,-58.380000114,18.832534714,72.9744110,-14.2500086,0.073756292,0.797781229,-0.099722482,0.590051353,-0.292798847,-0.000000000,-0.956174076,0.235365540,0.969230890,-0.072073452,0.926753461,-0.246153444,-0.283789724,70.0000000,1280,720,minecraft:overworld,flashback_export_aligned
1,20260914-194915-flashback_export,flashback_export,861,31754169182300,93.755735092,-58.380000114,18.832534714,72.6012573,-14.2500086,0.073431171,0.799698412,-0.099962123,0.587450445,-0.299019784,-0.000000007,-0.954246938,0.234891146,0.969230890,-0.073604748,0.924885571,-0.246153414,-0.289819211,70.0000000,1280,720,minecraft:overworld,flashback_export_aligned
1,20260914-194915-flashback_export,flashback_export,862,31754193371200,93.755735092,-58.380000114,18.832534714,72.6012573,-14.2500086,0.073431171,0.799698412,-0.099962123,0.587450445,-0.299019784,-0.000000007,-0.954246938,0.234891146,0.969230890,-0.073604748,0.924885571,-0.246153414,-0.289819211,70.0000000,1280,720,minecraft:overworld,flashback_export_aligned
1,20260914-194915-flashback_export,flashback_export,863,31754216345200,93.755735092,-58.380000114,18.832534714,72.6012573,-14.2500086,0.073431171,0.799698412,-0.099962123,0.587450445,-0.299019784,-0.000000007,-0.954246938,0.234891146,0.969230890,-0.073604748,0.924885571,-0.246153414,-0.289819211,70.0000000,1280,720,minecraft:overworld,flashback_export_aligned
1,20260914-194915-flashback_export,flashback_export,864,31754238428900,93.755735092,-58.380000114,18.832534714,72.6012573,-14.2500086,0.073431171,0.799698412,-0.099962123,0.587450445,-0.299019784,-0.000000007,-0.954246938,0.234891146,0.969230890,-0.073604748,0.924885571,-0.246153414,-0.289819211,70.0000000,1280,720,minecraft:overworld,flashback_export_aligned
1,20260914-194915-flashback_export,flashback_export,865,31754257845200,93.755735092,-58.380000114,18.832534714,72.6012573,-14.2500086,0.073431171,0.799698412,-0.099962123,0.587450445,-0.299019784,-0.000000007,-0.954246938,0.234891146,0.969230890,-0.073604748,0.924885571,-0.246153414,-0.289819211,70.0000000,1280,720,minecraft:overworld,flashback_export_aligned
1,20260914-194915-flashback_export,flashback_export,866,31754281557700,93.755735092,-58.380000114,18.832534714,72.6012573,-14.2500086,0.073431171,0.799698412,-0.099962123,0.587450445,-0.299019784,-0.000000007,-0.954246938,0.234891146,0.969230890,-0.073604748,0.924885571,-0.246153414,-0.289819211,70.0000000,1280,720,minecraft:overworld,flashback_export_aligned
1,20260914-194915-flashback_export,flashback_export,867,31754303618900,93.755735092,-58.380000114,18.832534714,72.6012573,-14.2500086,0.073431171,0.799698412,-0.099962123,0.587450445,-0.299019784,-0.000000007,-0.954246938,0.234891146,0.969230890,-0.073604748,0.924885571,-0.246153414,-0.289819211,70.0000000,1280,720,minecraft:overworld,flashback_export_aligned
1,20260914-194915-flashback_export,flashback_export,868,31754323573600,93.755735092,-58.380000114,18.832534714,72.6012573,-14.2500086,0.073431171,0.799698412,-0.099962123,0.587450445,-0.299019784,-0.000000007,-0.954246938,0.234891146,0.969230890,-0.073604748,0.924885571,-0.246153414,-0.289819211,70.0000000,1280,720,minecraft:overworld,flashback_export_aligned
1,20260914-194915-flashback_export,flashback_export,869,31754344467600,93.755735092,-58.380000114,18.832534714,72.6012573,-14.2500086,0.073431171,0.799698412,-0.099962123,0.587450445,-0.299019784,-0.000000007,-0.954246938,0.234891146,0.969230890,-0.073604748,0.924885571,-0.246153414,-0.289819211,70.0000000,1280,720,minecraft:overworld,flashback_export_aligned
1,20260914-194915-flashback_export,flashback_export,870,31754365695800,93.755735092,-58.380000114,18.832534714,72.6012573,-14.2500086,0.073431171,0.799698412,-0.099962123,0.587450445,-0.299019784,-0.000000007,-0.954246938,0.234891146,0.969230890,-0.073604748,0.924885571,-0.246153414,-0.289819211,70.0000000,1280,720,minecraft:overworld,flashback_export_aligned
1,20260914-194915-flashback_export,flashback_export,871,31754384650400,93.755735092,-58.380000114,18.832534714,72.6012573,-14.2500086,0.073431171,0.799698412,-0.099962123,0.587450445,-0.299019784,-0.000000007,-0.954246938,0.234891146,0.969230890,-0.073604748,0.924885571,-0.246153414,-0.289819211,70.0000000,1280,720,minecraft:overworld,flashback_export_aligned
1,20260914-194915-flashback_export,flashback_export,872,31754388352900,93.755735092,-58.380000114,18.832534714,72.6012573,-14.2500086,0.073431171,0.799698412,-0.099962123,0.587450445,-0.299019784,-0.000000007,-0.954246938,0.234891146,0.969230890,-0.073604748,0.924885571,-0.246153414,-0.289819211,70.0000000,1280,720,minecraft:overworld,flashback_export_aligned
1,20260914-194915-flashback_export,flashback_export,873,31754423166300,93.755735092,-58.380000114,18.832534714,72.6012573,-14.2500086,0.073431171,0.799698412,-0.099962123,0.587450445,-0.299019784,-0.000000007,-0.954246938,0.234891146,0.969230890,-0.073604748,0.924885571,-0.246153414,-0.289819211,70.0000000,1280,720,minecraft:overworld,flashback_export_aligned
1,20260914-194915-flashback_export,flashback_export,874,31754441496400,93.755735092,-58.380000114,18.832534714,72.6012573,-14.2500086,0.073431171,0.799698412,-0.099962123,0.587450445,-0.299019784,-0.000000007,-0.954246938,0.234891146,0.969230890,-0.073604748,0.924885571,-0.246153414,-0.289819211,70.0000000,1280,720,minecraft:overworld,flashback_export_aligned
1,20260914-194915-flashback_export,flashback_export,875,31754463154100,93.755735092,-58.380000114,18.832534714,72.6012573,-14.2500086,0.073431171,0.799698412,-0.099962123,0.587450445,-0.299019784,-0.000000007,-0.954246938,0.234891146,0.969230890,-0.073604748,0.924885571,-0.246153414,-0.289819211,70.0000000,1280,720,minecraft:overworld,flashback_export_aligned
1,20260914-194915-flashback_export,flashback_export,876,31754484592300,93.755735092,-58.380000114,18.832534714,72.6012573,-14.2500086,0.073431171,0.799698412,-0.099962123,0.587450445,-0.299019784,-0.000000007,-0.954246938,0.234891146,0.969230890,-0.073604748,0.924885571,-0.246153414,-0.289819211,70.0000000,1280,720,minecraft:overworld,flashback_export_aligned
1,20260914-194915-flashback_export,flashback_export,877,31754502465600,93.755735092,-58.380000114,18.832534714,72.6012573,-14.2500086,0.073431171,0.799698412,-0.099962123,0.587450445,-0.299019784,-0.000000007,-0.954246938,0.234891146,0.969230890,-0.073604748,0.924885571,-0.246153414,-0.289819211,70.0000000,1280,720,minecraft:overworld,flashback_export_aligned
1,20260914-194915-flashback_export,flashback_export,878,31754520832600,93.755735092,-58.380000114,18.832534714,72.6012573,-14.2500086,0.073431171,0.799698412,-0.099962123,0.587450445,-0.299019784,-0.000000007,-0.954246938,0.234891146,0.969230890,-0.073604748,0.924885571,-0.246153414,-0.289819211,70.0000000,1280,720,minecraft:overworld,flashback_export_aligned
1,20260914-194915-flashback_export,flashback_export,879,31754540275500,93.755735092,-58.380000114,18.832534714,72.6012573,-14.2500086,0.073431171,0.799698412,-0.099962123,0.587450445,-0.299019784,-0.000000007,-0.954246938,0.234891146,0.969230890,-0.073604748,0.924885571,-0.246153414,-0.289819211,70.0000000,1280,720,minecraft:overworld,flashback_export_aligned
1,20260914-194915-flashback_export,flashback_export,880,31754564496200,93.755735092,-58.380000114,18.832534714,72.6012573,-14.2500086,0.073431171,0.799698412,-0.099962123,0.587450445,-0.299019784,-0.000000007,-0.954246938,0.234891146,0.969230890,-0.073604748,0.924885571,-0.246153414,-0.289819211,70.0000000,1280,720,minecraft:overworld,flashback_export_aligned
1,20260914-194915-flashback_export,flashback_export,881,31754589887400,93.755735092,-58.380000114,18.832534714,72.6012573,-14.2500086,0.073431171,0.799698412,-0.099962123,0.587450445,-0.299019784,-0.000000007,-0.954246938,0.234891146,0.969230890,-0.073604748,0.924885571,-0.246153414,-0.289819211,70.0000000,1280,720,minecraft:overworld,flashback_export_aligned
1,20260914-194915-flashback_export,flashback_export,882,31754617615000,93.755735092,-58.380000114,18.832534714,72.6012573,-14.2500086,0.073431171,0.799698412,-0.099962123,0.587450445,-0.299019784,-0.000000007,-0.954246938,0.234891146,0.969230890,-0.073604748,0.924885571,-0.246153414,-0.289819211,70.0000000,1280,720,minecraft:overworld,flashback_export_aligned
1,20260914-194915-flashback_export,flashback_export,883,31754631045700,93.755735092,-58.380000114,18.832534714,72.6012573,-14.2500086,0.073431171,0.799698412,-0.099962123,0.587450445,-0.299019784,-0.000000007,-0.954246938,0.234891146,0.969230890,-0.073604748,0.924885571,-0.246153414,-0.289819211,70.0000000,1280,720,minecraft:overworld,flashback_export_aligned
1,20260914-194915-flashback_export,flashback_export,884,31754666210800,93.755735092,-58.380000114,18.832534714,72.6012573,-14.2500086,0.073431171,0.799698412,-0.099962123,0.587450445,-0.299019784,-0.000000007,-0.954246938,0.234891146,0.969230890,-0.073604748,0.924885571,-0.246153414,-0.289819211,70.0000000,1280,720,minecraft:overworld,flashback_export_aligned
1,20260914-194915-flashback_export,flashback_export,885,31754692398000,93.755735092,-58.380000114,18.832534714,72.6012573,-14.2500086,0.073431171,0.799698412,-0.099962123,0.587450445,-0.299019784,-0.000000007,-0.954246938,0.234891146,0.969230890,-0.073604748,0.924885571,-0.246153414,-0.289819211,70.0000000,1280,720,minecraft:overworld,flashback_export_aligned
1,20260914-194915-flashback_export,flashback_export,886,31754714958300,93.755735092,-58.380000114,18.832534714,72.6012573,-14.2500086,0.073431171,0.799698412,-0.099962123,0.587450445,-0.299019784,-0.000000007,-0.954246938,0.234891146,0.969230890,-0.073604748,0.924885571,-0.246153414,-0.289819211,70.0000000,1280,720,minecraft:overworld,flashback_export_aligned
1,20260914-194915-flashback_export,flashback_export,887,31754733061100,93.755735092,-58.380000114,18.832534714,72.6012573,-14.2500086,0.073431171,0.799698412,-0.099962123,0.587450445,-0.299019784,-0.000000007,-0.954246938,0.234891146,0.969230890,-0.073604748,0.924885571,-0.246153414,-0.289819211,70.0000000,1280,720,minecraft:overworld,flashback_export_aligned
1,20260914-194915-flashback_export,flashback_export,888,31754753002600,93.755735092,-58.380000114,18.832534714,72.6012573,-14.2500086,0.073431171,0.799698412,-0.099962123,0.587450445,-0.299019784,-0.000000007,-0.954246938,0.234891146,0.969230890,-0.073604748,0.924885571,-0.246153414,-0.289819211,70.0000000,1280,720,minecraft:overworld,flashback_export_aligned
1,20260914-194915-flashback_export,flashback_export,889,31754774468000,93.753113714,-58.380000114,18.824168274,72.6012573,-14.2500086,0.073431171,0.799698412,-0.099962123,0.587450445,-0.299019784,-0.000000007,-0.954246938,0.234891146,0.969230890,-0.073604748,0.924885571,-0.246153414,-0.289819211,70.0000000,1280,720,minecraft:overworld,flashback_export_aligned
1,20260914-194915-flashback_export,flashback_export,890,31754797447500,93.750492336,-58.380000114,18.815801835,72.6012573,-14.2500086,0.073431171,0.799698412,-0.099962123,0.587450445,-0.299019784,-0.000000007,-0.954246938,0.234891146,0.969230890,-0.073604748,0.924885571,-0.246153414,-0.289819211,70.0000000,1280,720,minecraft:overworld,flashback_export_aligned
1,20260914-194915-flashback_export,flashback_export,891,31754818937500,93.755735092,-58.380000114,18.832534714,72.6012573,-14.2500086,0.073431171,0.799698412,-0.099962123,0.587450445,-0.299019784,-0.000000007,-0.954246938,0.234891146,0.969230890,-0.073604748,0.924885571,-0.246153414,-0.289819211,70.0000000,1280,720,minecraft:overworld,flashback_export_aligned
1,20260914-194915-flashback_export,flashback_export,892,31754841303100,93.745828681,-58.380000114,18.800917229,72.6012573,-14.2500086,0.073431171,0.799698412,-0.099962123,0.587450445,-0.299019784,-0.000000007,-0.954246938,0.234891146,0.969230890,-0.073604748,0.924885571,-0.246153414,-0.289819211,70.0000000,1280,720,minecraft:overworld,flashback_export_aligned
1,20260914-194915-flashback_export,flashback_export,893,31754862700000,93.735922271,-58.380000114,18.769299745,72.6012573,-14.2500086,0.073431171,0.799698412,-0.099962123,0.587450445,-0.299019784,-0.000000007,-0.954246938,0.234891146,0.969230890,-0.073604748,0.924885571,-0.246153414,-0.289819211,70.0000000,1280,720,minecraft:overworld,flashback_export_aligned
1,20260914-194915-flashback_export,flashback_export,894,31754884449500,93.726434233,-58.380000114,18.739017547,72.6012573,-14.2500086,0.073431171,0.799698412,-0.099962123,0.587450445,-0.299019784,-0.000000007,-0.954246938,0.234891146,0.969230890,-0.073604748,0.924885571,-0.246153414,-0.289819211,70.0000000,1280,720,minecraft:overworld,flashback_export_aligned
1,20260914-194915-flashback_export,flashback_export,895,31754897387800,93.710650850,-58.380000114,18.688643006,72.6012573,-14.2500086,0.073431171,0.799698412,-0.099962123,0.587450445,-0.299019784,-0.000000007,-0.954246938,0.234891146,0.969230890,-0.073604748,0.924885571,-0.246153414,-0.289819211,70.0000000,1280,720,minecraft:overworld,flashback_export_aligned
1,20260914-194915-flashback_export,flashback_export,896,31754929192300,93.694867467,-58.380000114,18.638268465,72.6012573,-14.2500086,0.073431171,0.799698412,-0.099962123,0.587450445,-0.299019784,-0.000000007,-0.954246938,0.234891146,0.969230890,-0.073604748,0.924885571,-0.246153414,-0.289819211,70.0000000,1280,720,minecraft:overworld,flashback_export_aligned
1,20260914-194915-flashback_export,flashback_export,897,31754950054100,93.681135104,-58.380000114,18.594440001,72.6012573,-14.2500086,0.073431171,0.799698412,-0.099962123,0.587450445,-0.299019784,-0.000000007,-0.954246938,0.234891146,0.969230890,-0.073604748,0.924885571,-0.246153414,-0.289819211,70.0000000,1280,720,minecraft:overworld,flashback_export_aligned
1,20260914-194915-flashback_export,flashback_export,898,31754960775800,93.663112888,-58.380000114,18.536919959,72.6012573,-14.2500086,0.073431171,0.799698412,-0.099962123,0.587450445,-0.299019784,-0.000000007,-0.954246938,0.234891146,0.969230890,-0.073604748,0.924885571,-0.246153414,-0.289819211,70.0000000,1280,720,minecraft:overworld,flashback_export_aligned
1,20260914-194915-flashback_export,flashback_export,899,31754979869600,93.645090671,-58.380000114,18.479399917,72.6012573,-14.2500086,0.073431171,0.799698412,-0.099962123,0.587450445,-0.299019784,-0.000000007,-0.954246938,0.234891146,0.969230890,-0.073604748,0.924885571,-0.246153414,-0.289819211,70.0000000,1280,720,minecraft:overworld,flashback_export_aligned
1,20260914-194915-flashback_export,flashback_export,900,31755014051800,93.627100918,-58.380000114,18.421983484,72.6012573,-14.2500086,0.073431171,0.799698412,-0.099962123,0.587450445,-0.299019784,-0.000000007,-0.954246938,0.234891146,0.969230890,-0.073604748,0.924885571,-0.246153414,-0.289819211,70.0000000,1280,720,minecraft:overworld,flashback_export_aligned
1,20260914-194915-flashback_export,flashback_export,901,31755038488400,93.607306252,-58.380000114,18.358806458,72.6012573,-14.2500086,0.073431171,0.799698412,-0.099962123,0.587450445,-0.299019784,-0.000000007,-0.954246938,0.234891146,0.969230890,-0.073604748,0.924885571,-0.246153414,-0.289819211,70.0000000,1280,720,minecraft:overworld,flashback_export_aligned
1,20260914-194915-flashback_export,flashback_export,902,31755063662500,93.587511585,-58.380000114,18.295629431,72.6012573,-14.2500086,0.073431171,0.799698412,-0.099962123,0.587450445,-0.299019784,-0.000000007,-0.954246938,0.234891146,0.969230890,-0.073604748,0.924885571,-0.246153414,-0.289819211,70.0000000,1280,720,minecraft:overworld,flashback_export_aligned
1,20260914-194915-flashback_export,flashback_export,903,31755087233900,93.568297391,-58.380000114,18.234305048,72.6012573,-14.2500086,0.073431171,0.799698412,-0.099962123,0.587450445,-0.299019784,-0.000000007,-0.954246938,0.234891146,0.969230890,-0.073604748,0.924885571,-0.246153414,-0.289819211,70.0000000,1280,720,minecraft:overworld,flashback_export_aligned
1,20260914-194915-flashback_export,flashback_export,904,31755114486800,93.547824969,-58.380000114,18.168964885,72.6012573,-14.2500086,0.073431171,0.799698412,-0.099962123,0.587450445,-0.299019784,-0.000000007,-0.954246938,0.234891146,0.969230890,-0.073604748,0.924885571,-0.246153414,-0.289819211,70.0000000,1280,720,minecraft:overworld,flashback_export_aligned
1,20260914-194915-flashback_export,flashback_export,905,31755119408700,93.527352547,-58.380000114,18.103624721,72.6012573,-14.2500086,0.073431171,0.799698412,-0.099962123,0.587450445,-0.299019784,-0.000000007,-0.954246938,0.234891146,0.969230890,-0.073604748,0.924885571,-0.246153414,-0.289819211,70.0000000,1280,720,minecraft:overworld,flashback_export_aligned
1,20260914-194915-flashback_export,flashback_export,906,31755154018800,93.506889802,-58.380000114,18.038315444,72.6012573,-14.2500086,0.073431171,0.799698412,-0.099962123,0.587450445,-0.299019784,-0.000000007,-0.954246938,0.234891146,0.969230890,-0.073604748,0.924885571,-0.246153414,-0.289819211,70.0000000,1280,720,minecraft:overworld,flashback_export_aligned
1,20260914-194915-flashback_export,flashback_export,907,31755164893400,93.485888985,-58.380000114,17.971288843,72.6012573,-14.2500086,0.073431171,0.799698412,-0.099962123,0.587450445,-0.299019784,-0.000000007,-0.954246938,0.234891146,0.969230890,-0.073604748,0.924885571,-0.246153414,-0.289819211,70.0000000,1280,720,minecraft:overworld,flashback_export_aligned
1,20260914-194915-flashback_export,flashback_export,908,31755180270400,93.464888167,-58.380000114,17.904262242,72.6012573,-14.2500086,0.073431171,0.799698412,-0.099962123,0.587450445,-0.299019784,-0.000000007,-0.954246938,0.234891146,0.969230890,-0.073604748,0.924885571,-0.246153414,-0.289819211,70.0000000,1280,720,minecraft:overworld,flashback_export_aligned
1,20260914-194915-flashback_export,flashback_export,909,31755211305000,93.444060397,-58.380000114,17.837787940,72.6012573,-14.2500086,0.073431171,0.799698412,-0.099962123,0.587450445,-0.299019784,-0.000000007,-0.954246938,0.234891146,0.969230890,-0.073604748,0.924885571,-0.246153414,-0.289819211,70.0000000,1280,720,minecraft:overworld,flashback_export_aligned
1,20260914-194915-flashback_export,flashback_export,910,31755234143500,93.422825315,-58.380000114,17.770013656,72.6012573,-14.2500086,0.073431171,0.799698412,-0.099962123,0.587450445,-0.299019784,-0.000000007,-0.954246938,0.234891146,0.969230890,-0.073604748,0.924885571,-0.246153414,-0.289819211,70.0000000,1280,720,minecraft:overworld,flashback_export_aligned
1,20260914-194915-flashback_export,flashback_export,911,31755251582700,93.401590233,-58.380000114,17.702239373,72.6012573,-14.2500086,0.073431171,0.799698412,-0.099962123,0.587450445,-0.299019784,-0.000000007,-0.954246938,0.234891146,0.969230890,-0.073604748,0.924885571,-0.246153414,-0.289819211,70.0000000,1280,720,minecraft:overworld,flashback_export_aligned
1,20260914-194915-flashback_export,flashback_export,912,31755271548500,93.380454679,-58.380000114,17.634782743,72.6012573,-14.2500086,0.073431171,0.799698412,-0.099962123,0.587450445,-0.299019784,-0.000000007,-0.954246938,0.234891146,0.969230890,-0.073604748,0.924885571,-0.246153414,-0.289819211,70.0000000,1280,720,minecraft:overworld,flashback_export_aligned
1,20260914-194915-flashback_export,flashback_export,913,31755290614200,93.359094288,-58.380000114,17.566608522,72.6012573,-14.2500086,0.073431171,0.799698412,-0.099962123,0.587450445,-0.299019784,-0.000000007,-0.954246938,0.234891146,0.969230890,-0.073604748,0.924885571,-0.246153414,-0.289819211,70.0000000,1280,720,minecraft:overworld,flashback_export_aligned
1,20260914-194915-flashback_export,flashback_export,914,31755297391600,93.337733897,-58.380000114,17.498434301,72.6012573,-14.2500086,0.073431171,0.799698412,-0.099962123,0.587450445,-0.299019784,-0.000000007,-0.954246938,0.234891146,0.969230890,-0.073604748,0.924885571,-0.246153414,-0.289819211,70.0000000,1280,720,minecraft:overworld,flashback_export_aligned
1,20260914-194915-flashback_export,flashback_export,915,31755331720100,93.316425094,-58.380000114,17.430424726,72.6012573,-14.2500086,0.073431171,0.799698412,-0.099962123,0.587450445,-0.299019784,-0.000000007,-0.954246938,0.234891146,0.969230890,-0.073604748,0.924885571,-0.246153414,-0.289819211,70.0000000,1280,720,minecraft:overworld,flashback_export_aligned
1,20260914-194915-flashback_export,flashback_export,916,31755352034500,93.294995367,-58.380000114,17.362029209,72.6012573,-14.2500086,0.073431171,0.799698412,-0.099962123,0.587450445,-0.299019784,-0.000000007,-0.954246938,0.234891146,0.969230890,-0.073604748,0.924885571,-0.246153414,-0.289819211,70.0000000,1280,720,minecraft:overworld,flashback_export_aligned
1,20260914-194915-flashback_export,flashback_export,917,31755357047500,93.273565640,-58.380000114,17.293633692,72.6012573,-14.2500086,0.073431171,0.799698412,-0.099962123,0.587450445,-0.299019784,-0.000000007,-0.954246938,0.234891146,0.969230890,-0.073604748,0.924885571,-0.246153414,-0.289819211,70.0000000,1280,720,minecraft:overworld,flashback_export_aligned
1,20260914-194915-flashback_export,flashback_export,918,31755390694300,93.252164078,-58.380000114,17.225328069,72.6012573,-14.2500086,0.073431171,0.799698412,-0.099962123,0.587450445,-0.299019784,-0.000000007,-0.954246938,0.234891146,0.969230890,-0.073604748,0.924885571,-0.246153414,-0.289819211,70.0000000,1280,720,minecraft:overworld,flashback_export_aligned
1,20260914-194915-flashback_export,flashback_export,919,31755410341500,93.230701463,-58.380000114,17.156827585,72.6012573,-14.2500086,0.073431171,0.799698412,-0.099962123,0.587450445,-0.299019784,-0.000000007,-0.954246938,0.234891146,0.969230890,-0.073604748,0.924885571,-0.246153414,-0.289819211,70.0000000,1280,720,minecraft:overworld,flashback_export_aligned
1,20260914-194915-flashback_export,flashback_export,920,31755430192700,93.209238847,-58.380000114,17.088327101,72.6012573,-14.2500086,0.073431171,0.799698412,-0.099962123,0.587450445,-0.299019784,-0.000000007,-0.954246938,0.234891146,0.969230890,-0.073604748,0.924885571,-0.246153414,-0.289819211,70.0000000,1280,720,minecraft:overworld,flashback_export_aligned
1,20260914-194915-flashback_export,flashback_export,921,31755451046800,93.187776701,-58.380000114,17.019828114,72.6012573,-14.2500086,0.073431171,0.799698412,-0.099962123,0.587450445,-0.299019784,-0.000000007,-0.954246938,0.234891146,0.969230890,-0.073604748,0.924885571,-0.246153414,-0.289819211,70.0000000,1280,720,minecraft:overworld,flashback_export_aligned
1,20260914-194915-flashback_export,flashback_export,922,31755471700100,93.166288295,-58.380000114,16.951245316,72.6012573,-14.2500086,0.073431171,0.799698412,-0.099962123,0.587450445,-0.299019784,-0.000000007,-0.954246938,0.234891146,0.969230890,-0.073604748,0.924885571,-0.246153414,-0.289819211,70.0000000,1280,720,minecraft:overworld,flashback_export_aligned
1,20260914-194915-flashback_export,flashback_export,923,31755490485100,93.144799889,-58.380000114,16.882662518,72.6012573,-14.2500086,0.073431171,0.799698412,-0.099962123,0.587450445,-0.299019784,-0.000000007,-0.954246938,0.234891146,0.969230890,-0.073604748,0.924885571,-0.246153414,-0.289819211,70.0000000,1280,720,minecraft:overworld,flashback_export_aligned
1,20260914-194915-flashback_export,flashback_export,924,31755497144900,93.123320330,-58.380000114,16.814107959,72.6012573,-14.2500086,0.073431171,0.799698412,-0.099962123,0.587450445,-0.299019784,-0.000000007,-0.954246938,0.234891146,0.969230890,-0.073604748,0.924885571,-0.246153414,-0.289819211,70.0000000,1280,720,minecraft:overworld,flashback_export_aligned
1,20260914-194915-flashback_export,flashback_export,925,31755530138800,93.101820628,-58.380000114,16.745489108,72.6012573,-14.2500086,0.073431171,0.799698412,-0.099962123,0.587450445,-0.299019784,-0.000000007,-0.954246938,0.234891146,0.969230890,-0.073604748,0.924885571,-0.246153414,-0.289819211,70.0000000,1280,720,minecraft:overworld,flashback_export_aligned
1,20260914-194915-flashback_export,flashback_export,926,31755548540100,93.080320926,-58.380000114,16.676870256,72.6012573,-14.2500086,0.073431171,0.799698412,-0.099962123,0.587450445,-0.299019784,-0.000000007,-0.954246938,0.234891146,0.969230890,-0.073604748,0.924885571,-0.246153414,-0.289819211,70.0000000,1280,720,minecraft:overworld,flashback_export_aligned
1,20260914-194915-flashback_export,flashback_export,927,31755568950600,93.058826289,-58.380000114,16.608267574,72.6012573,-14.2500086,0.073431171,0.799698412,-0.099962123,0.587450445,-0.299019784,-0.000000007,-0.954246938,0.234891146,0.969230890,-0.073604748,0.924885571,-0.246153414,-0.289819211,70.0000000,1280,720,minecraft:overworld,flashback_export_aligned
1,20260914-194915-flashback_export,flashback_export,928,31755588408800,93.039941792,-58.380000114,16.547995459,72.6012573,-14.2500086,0.073431171,0.799698412,-0.099962123,0.587450445,-0.299019784,-0.000000007,-0.954246938,0.234891146,0.969230890,-0.073604748,0.924885571,-0.246153414,-0.289819211,70.0000000,1280,720,minecraft:overworld,flashback_export_aligned
1,20260914-194915-flashback_export,flashback_export,929,31755610026800,93.021057294,-58.380000114,16.487723344,72.6012573,-14.2500086,0.073431171,0.799698412,-0.099962123,0.587450445,-0.299019784,-0.000000007,-0.954246938,0.234891146,0.969230890,-0.073604748,0.924885571,-0.246153414,-0.289819211,70.0000000,1280,720,minecraft:overworld,flashback_export_aligned
1,20260914-194915-flashback_export,flashback_export,930,31755631730900,92.994311680,-58.380000114,16.402361544,72.6012573,-14.2500086,0.073431171,0.799698412,-0.099962123,0.587450445,-0.299019784,-0.000000007,-0.954246938,0.234891146,0.969230890,-0.073604748,0.924885571,-0.246153414,-0.289819211,70.0000000,1280,720,minecraft:overworld,flashback_export_aligned
1,20260914-194915-flashback_export,flashback_export,931,31755651498800,92.982606303,-58.380000114,16.365002444,72.6012573,-14.2500086,0.073431171,0.799698412,-0.099962123,0.587450445,-0.299019784,-0.000000007,-0.954246938,0.234891146,0.969230890,-0.073604748,0.924885571,-0.246153414,-0.289819211,70.0000000,1280,720,minecraft:overworld,flashback_export_aligned
1,20260914-194915-flashback_export,flashback_export,932,31755656217400,92.970900926,-58.380000114,16.327643345,72.6012573,-14.2500086,0.073431171,0.799698412,-0.099962123,0.587450445,-0.299019784,-0.000000007,-0.954246938,0.234891146,0.969230890,-0.073604748,0.924885571,-0.246153414,-0.289819211,70.0000000,1280,720,minecraft:overworld,flashback_export_aligned
1,20260914-194915-flashback_export,flashback_export,933,31755690149900,92.959086700,-58.380000114,16.289936838,72.6012573,-14.2500086,0.073431171,0.799698412,-0.099962123,0.587450445,-0.299019784,-0.000000007,-0.954246938,0.234891146,0.969230890,-0.073604748,0.924885571,-0.246153414,-0.289819211,70.0000000,1280,720,minecraft:overworld,flashback_export_aligned
1,20260914-194915-flashback_export,flashback_export,934,31755708585900,92.953392734,-58.380000114,16.271763871,72.6012573,-14.2500086,0.073431171,0.799698412,-0.099962123,0.587450445,-0.299019784,-0.000000007,-0.954246938,0.234891146,0.969230890,-0.073604748,0.924885571,-0.246153414,-0.289819211,70.0000000,1280,720,minecraft:overworld,flashback_export_aligned
1,20260914-194915-flashback_export,flashback_export,935,31755714575300,92.947698768,-58.380000114,16.253590904,72.6012573,-14.2500086,0.073431171,0.799698412,-0.099962123,0.587450445,-0.299019784,-0.000000007,-0.954246938,0.234891146,0.969230890,-0.073604748,0.924885571,-0.246153414,-0.289819211,70.0000000,1280,720,minecraft:overworld,flashback_export_aligned
1,20260914-194915-flashback_export,flashback_export,936,31755748481600,92.939853858,-58.380000114,16.228552942,72.6012573,-14.2500086,0.073431171,0.799698412,-0.099962123,0.587450445,-0.299019784,-0.000000007,-0.954246938,0.234891146,0.969230890,-0.073604748,0.924885571,-0.246153414,-0.289819211,70.0000000,1280,720,minecraft:overworld,flashback_export_aligned
1,20260914-194915-flashback_export,flashback_export,937,31755767166300,92.936395039,-58.380000114,16.217513710,72.6012573,-14.2500086,0.073431171,0.799698412,-0.099962123,0.587450445,-0.299019784,-0.000000007,-0.954246938,0.234891146,0.969230890,-0.073604748,0.924885571,-0.246153414,-0.289819211,70.0000000,1280,720,minecraft:overworld,flashback_export_aligned
1,20260914-194915-flashback_export,flashback_export,938,31755786757500,92.932936220,-58.380000114,16.206474478,72.6012573,-14.2500086,0.073431171,0.799698412,-0.099962123,0.587450445,-0.299019784,-0.000000007,-0.954246938,0.234891146,0.969230890,-0.073604748,0.924885571,-0.246153414,-0.289819211,70.0000000,1280,720,minecraft:overworld,flashback_export_aligned
1,20260914-194915-flashback_export,flashback_export,939,31755806790600,92.929352725,-58.380000114,16.195037330,72.6012573,-14.2500086,0.073431171,0.799698412,-0.099962123,0.587450445,-0.299019784,-0.000000007,-0.954246938,0.234891146,0.969230890,-0.073604748,0.924885571,-0.246153414,-0.289819211,70.0000000,1280,720,minecraft:overworld,flashback_export_aligned
1,20260914-194915-flashback_export,flashback_export,940,31755833367900,92.927645254,-58.380000114,16.189587735,72.6012573,-14.2500086,0.073431171,0.799698412,-0.099962123,0.587450445,-0.299019784,-0.000000007,-0.954246938,0.234891146,0.969230890,-0.073604748,0.924885571,-0.246153414,-0.289819211,70.0000000,1280,720,minecraft:overworld,flashback_export_aligned
1,20260914-194915-flashback_export,flashback_export,941,31755835651300,92.925937784,-58.380000114,16.184138140,72.6012573,-14.2500086,0.073431171,0.799698412,-0.099962123,0.587450445,-0.299019784,-0.000000007,-0.954246938,0.234891146,0.969230890,-0.073604748,0.924885571,-0.246153414,-0.289819211,70.0000000,1280,720,minecraft:overworld,flashback_export_aligned
1,20260914-194915-flashback_export,flashback_export,942,31755866123400,92.923619106,-58.380000114,16.176737805,72.6012573,-14.2500086,0.073431171,0.799698412,-0.099962123,0.587450445,-0.299019784,-0.000000007,-0.954246938,0.234891146,0.969230890,-0.073604748,0.924885571,-0.246153414,-0.289819211,70.0000000,1280,720,minecraft:overworld,flashback_export_aligned
1,20260914-194915-flashback_export,flashback_export,943,31755889915700,92.922681193,-58.380000114,16.173744343,72.6012573,-14.2500086,0.073431171,0.799698412,-0.099962123,0.587450445,-0.299019784,-0.000000007,-0.954246938,0.234891146,0.969230890,-0.073604748,0.924885571,-0.246153414,-0.289819211,70.0000000,1280,720,minecraft:overworld,flashback_export_aligned
1,20260914-194915-flashback_export,flashback_export,944,31755909145200,92.921743280,-58.380000114,16.170750882,72.6012573,-14.2500086,0.073431171,0.799698412,-0.099962123,0.587450445,-0.299019784,-0.000000007,-0.954246938,0.234891146,0.969230890,-0.073604748,0.924885571,-0.246153414,-0.289819211,70.0000000,1280,720,minecraft:overworld,flashback_export_aligned
1,20260914-194915-flashback_export,flashback_export,945,31755930655400,92.920488550,-58.380000114,16.166746262,72.6012573,-14.2500086,0.073431171,0.799698412,-0.099962123,0.587450445,-0.299019784,-0.000000007,-0.954246938,0.234891146,0.969230890,-0.073604748,0.924885571,-0.246153414,-0.289819211,70.0000000,1280,720,minecraft:overworld,flashback_export_aligned
1,20260914-194915-flashback_export,flashback_export,946,31755950283300,92.919920549,-58.380000114,16.164933421,72.6012573,-14.2500086,0.073431171,0.799698412,-0.099962123,0.587450445,-0.299019784,-0.000000007,-0.954246938,0.234891146,0.969230890,-0.073604748,0.924885571,-0.246153414,-0.289819211,70.0000000,1280,720,minecraft:overworld,flashback_export_aligned
1,20260914-194915-flashback_export,flashback_export,947,31755967978600,92.919352548,-58.380000114,16.163120579,72.6012573,-14.2500086,0.073431171,0.799698412,-0.099962123,0.587450445,-0.299019784,-0.000000007,-0.954246938,0.234891146,0.969230890,-0.073604748,0.924885571,-0.246153414,-0.289819211,70.0000000,1280,720,minecraft:overworld,flashback_export_aligned
1,20260914-194915-flashback_export,flashback_export,948,31755986850000,92.918779266,-58.380000114,16.161290879,72.6012573,-14.2500086,0.073431171,0.799698412,-0.099962123,0.587450445,-0.299019784,-0.000000007,-0.954246938,0.234891146,0.969230890,-0.073604748,0.924885571,-0.246153414,-0.289819211,70.0000000,1280,720,minecraft:overworld,flashback_export_aligned
1,20260914-194915-flashback_export,flashback_export,949,31756006419200,92.918537521,-58.380000114,16.160519323,72.6012573,-14.2500086,0.073431171,0.799698412,-0.099962123,0.587450445,-0.299019784,-0.000000007,-0.954246938,0.234891146,0.969230890,-0.073604748,0.924885571,-0.246153414,-0.289819211,70.0000000,1280,720,minecraft:overworld,flashback_export_aligned
1,20260914-194915-flashback_export,flashback_export,950,31756027208200,92.918295777,-58.380000114,16.159747767,72.6012573,-14.2500086,0.073431171,0.799698412,-0.099962123,0.587450445,-0.299019784,-0.000000007,-0.954246938,0.234891146,0.969230890,-0.073604748,0.924885571,-0.246153414,-0.289819211,70.0000000,1280,720,minecraft:overworld,flashback_export_aligned
1,20260914-194915-flashback_export,flashback_export,951,31756047139600,92.917845996,-58.380000114,16.158312240,72.6012573,-14.2500086,0.073431171,0.799698412,-0.099962123,0.587450445,-0.299019784,-0.000000007,-0.954246938,0.234891146,0.969230890,-0.073604748,0.924885571,-0.246153414,-0.289819211,70.0000000,1280,720,minecraft:overworld,flashback_export_aligned
1,20260914-194915-flashback_export,flashback_export,952,31756067852600,92.917845996,-58.380000114,16.158312240,72.6012573,-14.2500086,0.073431171,0.799698412,-0.099962123,0.587450445,-0.299019784,-0.000000007,-0.954246938,0.234891146,0.969230890,-0.073604748,0.924885571,-0.246153414,-0.289819211,70.0000000,1280,720,minecraft:overworld,flashback_export_aligned
1,20260914-194915-flashback_export,flashback_export,953,31756087448500,92.917845996,-58.380000114,16.158312240,72.6012573,-14.2500086,0.073431171,0.799698412,-0.099962123,0.587450445,-0.299019784,-0.000000007,-0.954246938,0.234891146,0.969230890,-0.073604748,0.924885571,-0.246153414,-0.289819211,70.0000000,1280,720,minecraft:overworld,flashback_export_aligned
1,20260914-194915-flashback_export,flashback_export,954,31756107013100,92.917845996,-58.380000114,16.158312240,72.6012573,-14.2500086,0.073431171,0.799698412,-0.099962123,0.587450445,-0.299019784,-0.000000007,-0.954246938,0.234891146,0.969230890,-0.073604748,0.924885571,-0.246153414,-0.289819211,70.0000000,1280,720,minecraft:overworld,flashback_export_aligned
1,20260914-194915-flashback_export,flashback_export,955,31756111633400,92.917845996,-58.380000114,16.158312240,72.6012573,-14.2500086,0.073431171,0.799698412,-0.099962123,0.587450445,-0.299019784,-0.000000007,-0.954246938,0.234891146,0.969230890,-0.073604748,0.924885571,-0.246153414,-0.289819211,70.0000000,1280,720,minecraft:overworld,flashback_export_aligned
1,20260914-194915-flashback_export,flashback_export,956,31756143668800,92.917845996,-58.380000114,16.158312240,72.6012573,-14.2500086,0.073431171,0.799698412,-0.099962123,0.587450445,-0.299019784,-0.000000007,-0.954246938,0.234891146,0.969230890,-0.073604748,0.924885571,-0.246153414,-0.289819211,70.0000000,1280,720,minecraft:overworld,flashback_export_aligned
1,20260914-194915-flashback_export,flashback_export,957,31756163583000,92.917845996,-58.380000114,16.158312240,72.6012573,-14.2500086,0.073431171,0.799698412,-0.099962123,0.587450445,-0.299019784,-0.000000007,-0.954246938,0.234891146,0.969230890,-0.073604748,0.924885571,-0.246153414,-0.289819211,70.0000000,1280,720,minecraft:overworld,flashback_export_aligned
1,20260914-194915-flashback_export,flashback_export,958,31756182904900,92.917845996,-58.380000114,16.158312240,72.6012573,-14.2500086,0.073431171,0.799698412,-0.099962123,0.587450445,-0.299019784,-0.000000007,-0.954246938,0.234891146,0.969230890,-0.073604748,0.924885571,-0.246153414,-0.289819211,70.0000000,1280,720,minecraft:overworld,flashback_export_aligned
1,20260914-194915-flashback_export,flashback_export,959,31756200247800,92.917845996,-58.380000114,16.158312240,72.6012573,-14.2500086,0.073431171,0.799698412,-0.099962123,0.587450445,-0.299019784,-0.000000007,-0.954246938,0.234891146,0.969230890,-0.073604748,0.924885571,-0.246153414,-0.289819211,70.0000000,1280,720,minecraft:overworld,flashback_export_aligned
1,20260914-194915-flashback_export,flashback_export,960,31756220409400,92.917845996,-58.380000114,16.158312240,72.6012573,-14.2500086,0.073431171,0.799698412,-0.099962123,0.587450445,-0.299019784,-0.000000007,-0.954246938,0.234891146,0.969230890,-0.073604748,0.924885571,-0.246153414,-0.289819211,70.0000000,1280,720,minecraft:overworld,flashback_export_aligned
1,20260914-194915-flashback_export,flashback_export,961,31756239844100,92.917845996,-58.380000114,16.158312240,72.6012573,-14.2500086,0.073431171,0.799698412,-0.099962123,0.587450445,-0.299019784,-0.000000007,-0.954246938,0.234891146,0.969230890,-0.073604748,0.924885571,-0.246153414,-0.289819211,70.0000000,1280,720,minecraft:overworld,flashback_export_aligned
1,20260914-194915-flashback_export,flashback_export,962,31756246959500,92.917845996,-58.380000114,16.158312240,72.6012573,-14.2500086,0.073431171,0.799698412,-0.099962123,0.587450445,-0.299019784,-0.000000007,-0.954246938,0.234891146,0.969230890,-0.073604748,0.924885571,-0.246153414,-0.289819211,70.0000000,1280,720,minecraft:overworld,flashback_export_aligned
1,20260914-194915-flashback_export,flashback_export,963,31756282649400,92.917845996,-58.380000114,16.158312240,72.6012573,-14.2500086,0.073431171,0.799698412,-0.099962123,0.587450445,-0.299019784,-0.000000007,-0.954246938,0.234891146,0.969230890,-0.073604748,0.924885571,-0.246153414,-0.289819211,70.0000000,1280,720,minecraft:overworld,flashback_export_aligned
1,20260914-194915-flashback_export,flashback_export,964,31756305932200,92.917845996,-58.380000114,16.158312240,72.6012573,-14.2500086,0.073431171,0.799698412,-0.099962123,0.587450445,-0.299019784,-0.000000007,-0.954246938,0.234891146,0.969230890,-0.073604748,0.924885571,-0.246153414,-0.289819211,70.0000000,1280,720,minecraft:overworld,flashback_export_aligned
1,20260914-194915-flashback_export,flashback_export,965,31756327241100,92.917845996,-58.380000114,16.158312240,72.6012573,-14.2500086,0.073431171,0.799698412,-0.099962123,0.587450445,-0.299019784,-0.000000007,-0.954246938,0.234891146,0.969230890,-0.073604748,0.924885571,-0.246153414,-0.289819211,70.0000000,1280,720,minecraft:overworld,flashback_export_aligned
1,20260914-194915-flashback_export,flashback_export,966,31756350063700,92.917845996,-58.380000114,16.158312240,72.6012573,-14.2500086,0.073431171,0.799698412,-0.099962123,0.587450445,-0.299019784,-0.000000007,-0.954246938,0.234891146,0.969230890,-0.073604748,0.924885571,-0.246153414,-0.289819211,70.0000000,1280,720,minecraft:overworld,flashback_export_aligned
1,20260914-194915-flashback_export,flashback_export,967,31756359884800,92.917845996,-58.380000114,16.158312240,72.6012573,-14.2500086,0.073431171,0.799698412,-0.099962123,0.587450445,-0.299019784,-0.000000007,-0.954246938,0.234891146,0.969230890,-0.073604748,0.924885571,-0.246153414,-0.289819211,70.0000000,1280,720,minecraft:overworld,flashback_export_aligned
1,20260914-194915-flashback_export,flashback_export,968,31756380751300,92.917845996,-58.380000114,16.158312240,72.6012573,-14.2500086,0.073431171,0.799698412,-0.099962123,0.587450445,-0.299019784,-0.000000007,-0.954246938,0.234891146,0.969230890,-0.073604748,0.924885571,-0.246153414,-0.289819211,70.0000000,1280,720,minecraft:overworld,flashback_export_aligned
1,20260914-194915-flashback_export,flashback_export,969,31756413895500,92.917845996,-58.380000114,16.158312240,72.6012573,-14.2500086,0.073431171,0.799698412,-0.099962123,0.587450445,-0.299019784,-0.000000007,-0.954246938,0.234891146,0.969230890,-0.073604748,0.924885571,-0.246153414,-0.289819211,70.0000000,1280,720,minecraft:overworld,flashback_export_aligned
1,20260914-194915-flashback_export,flashback_export,970,31756423303200,92.917845996,-58.380000114,16.158312240,72.6012573,-14.2500086,0.073431171,0.799698412,-0.099962123,0.587450445,-0.299019784,-0.000000007,-0.954246938,0.234891146,0.969230890,-0.073604748,0.924885571,-0.246153414,-0.289819211,70.0000000,1280,720,minecraft:overworld,flashback_export_aligned
1,20260914-194915-flashback_export,flashback_export,971,31756441478100,92.917845996,-58.380000114,16.158312240,72.6012573,-14.2500086,0.073431171,0.799698412,-0.099962123,0.587450445,-0.299019784,-0.000000007,-0.954246938,0.234891146,0.969230890,-0.073604748,0.924885571,-0.246153414,-0.289819211,70.0000000,1280,720,minecraft:overworld,flashback_export_aligned
1,20260914-194915-flashback_export,flashback_export,972,31756477096300,92.917845996,-58.380000114,16.158312240,72.6012573,-14.2500086,0.073431171,0.799698412,-0.099962123,0.587450445,-0.299019784,-0.000000007,-0.954246938,0.234891146,0.969230890,-0.073604748,0.924885571,-0.246153414,-0.289819211,70.0000000,1280,720,minecraft:overworld,flashback_export_aligned
1,20260914-194915-flashback_export,flashback_export,973,31756488335500,92.917845996,-58.380000114,16.158312240,72.6012573,-14.2500086,0.073431171,0.799698412,-0.099962123,0.587450445,-0.299019784,-0.000000007,-0.954246938,0.234891146,0.969230890,-0.073604748,0.924885571,-0.246153414,-0.289819211,70.0000000,1280,720,minecraft:overworld,flashback_export_aligned
1,20260914-194915-flashback_export,flashback_export,974,31756505741400,92.917845996,-58.380000114,16.158312240,72.6012573,-14.2500086,0.073431171,0.799698412,-0.099962123,0.587450445,-0.299019784,-0.000000007,-0.954246938,0.234891146,0.969230890,-0.073604748,0.924885571,-0.246153414,-0.289819211,70.0000000,1280,720,minecraft:overworld,flashback_export_aligned
1,20260914-194915-flashback_export,flashback_export,975,31756540741000,92.917845996,-58.380000114,16.158312240,72.6012573,-14.2500086,0.073431171,0.799698412,-0.099962123,0.587450445,-0.299019784,-0.000000007,-0.954246938,0.234891146,0.969230890,-0.073604748,0.924885571,-0.246153414,-0.289819211,70.0000000,1280,720,minecraft:overworld,flashback_export_aligned
1,20260914-194915-flashback_export,flashback_export,976,31756560021600,92.917845996,-58.380000114,16.158312240,72.6012573,-14.2500086,0.073431171,0.799698412,-0.099962123,0.587450445,-0.299019784,-0.000000007,-0.954246938,0.234891146,0.969230890,-0.073604748,0.924885571,-0.246153414,-0.289819211,70.0000000,1280,720,minecraft:overworld,flashback_export_aligned
1,20260914-194915-flashback_export,flashback_export,977,31756579360000,92.917845996,-58.380000114,16.158312240,72.6012573,-14.2500086,0.073431171,0.799698412,-0.099962123,0.587450445,-0.299019784,-0.000000007,-0.954246938,0.234891146,0.969230890,-0.073604748,0.924885571,-0.246153414,-0.289819211,70.0000000,1280,720,minecraft:overworld,flashback_export_aligned
1,20260914-194915-flashback_export,flashback_export,978,31756601365800,92.917845996,-58.380000114,16.158312240,72.6012573,-14.2500086,0.073431171,0.799698412,-0.099962123,0.587450445,-0.299019784,-0.000000007,-0.954246938,0.234891146,0.969230890,-0.073604748,0.924885571,-0.246153414,-0.289819211,70.0000000,1280,720,minecraft:overworld,flashback_export_aligned
1,20260914-194915-flashback_export,flashback_export,979,31756622825500,92.917845996,-58.380000114,16.158312240,72.6012573,-14.2500086,0.073431171,0.799698412,-0.099962123,0.587450445,-0.299019784,-0.000000007,-0.954246938,0.234891146,0.969230890,-0.073604748,0.924885571,-0.246153414,-0.289819211,70.0000000,1280,720,minecraft:overworld,flashback_export_aligned
1,20260914-194915-flashback_export,flashback_export,980,31756644607000,92.917845996,-58.380000114,16.158312240,72.6012573,-14.2500086,0.073431171,0.799698412,-0.099962123,0.587450445,-0.299019784,-0.000000007,-0.954246938,0.234891146,0.969230890,-0.073604748,0.924885571,-0.246153414,-0.289819211,70.0000000,1280,720,minecraft:overworld,flashback_export_aligned
1,20260914-194915-flashback_export,flashback_export,981,31756669947500,92.917845996,-58.380000114,16.158312240,72.6012573,-14.2500086,0.073431171,0.799698412,-0.099962123,0.587450445,-0.299019784,-0.000000007,-0.954246938,0.234891146,0.969230890,-0.073604748,0.924885571,-0.246153414,-0.289819211,70.0000000,1280,720,minecraft:overworld,flashback_export_aligned
1,20260914-194915-flashback_export,flashback_export,982,31756689654600,92.917845996,-58.380000114,16.158312240,72.6012573,-14.2500086,0.073431171,0.799698412,-0.099962123,0.587450445,-0.299019784,-0.000000007,-0.954246938,0.234891146,0.969230890,-0.073604748,0.924885571,-0.246153414,-0.289819211,70.0000000,1280,720,minecraft:overworld,flashback_export_aligned
1,20260914-194915-flashback_export,flashback_export,983,31756695468200,92.917845996,-58.380000114,16.158312240,72.6012573,-14.2500086,0.073431171,0.799698412,-0.099962123,0.587450445,-0.299019784,-0.000000007,-0.954246938,0.234891146,0.969230890,-0.073604748,0.924885571,-0.246153414,-0.289819211,70.0000000,1280,720,minecraft:overworld,flashback_export_aligned
1,20260914-194915-flashback_export,flashback_export,984,31756734069800,92.917845996,-58.380000114,16.158312240,72.6012573,-14.2500086,0.073431171,0.799698412,-0.099962123,0.587450445,-0.299019784,-0.000000007,-0.954246938,0.234891146,0.969230890,-0.073604748,0.924885571,-0.246153414,-0.289819211,70.0000000,1280,720,minecraft:overworld,flashback_export_aligned
1,20260914-194915-flashback_export,flashback_export,985,31756756534100,92.917845996,-58.380000114,16.158312240,72.6012573,-14.2500086,0.073431171,0.799698412,-0.099962123,0.587450445,-0.299019784,-0.000000007,-0.954246938,0.234891146,0.969230890,-0.073604748,0.924885571,-0.246153414,-0.289819211,70.0000000,1280,720,minecraft:overworld,flashback_export_aligned
1,20260914-194915-flashback_export,flashback_export,986,31756775003200,92.917845996,-58.380000114,16.158312240,72.6012573,-14.2500086,0.073431171,0.799698412,-0.099962123,0.587450445,-0.299019784,-0.000000007,-0.954246938,0.234891146,0.969230890,-0.073604748,0.924885571,-0.246153414,-0.289819211,70.0000000,1280,720,minecraft:overworld,flashback_export_aligned
1,20260914-194915-flashback_export,flashback_export,987,31756795519000,92.917845996,-58.380000114,16.158312240,72.6012573,-14.2500086,0.073431171,0.799698412,-0.099962123,0.587450445,-0.299019784,-0.000000007,-0.954246938,0.234891146,0.969230890,-0.073604748,0.924885571,-0.246153414,-0.289819211,70.0000000,1280,720,minecraft:overworld,flashback_export_aligned
1,20260914-194915-flashback_export,flashback_export,988,31756815648100,92.917845996,-58.380000114,16.158312240,72.6012573,-14.2500086,0.073431171,0.799698412,-0.099962123,0.587450445,-0.299019784,-0.000000007,-0.954246938,0.234891146,0.969230890,-0.073604748,0.924885571,-0.246153414,-0.289819211,70.0000000,1280,720,minecraft:overworld,flashback_export_aligned
1,20260914-194915-flashback_export,flashback_export,989,31756820483700,92.917845996,-58.380000114,16.158312240,72.6012573,-14.2500086,0.073431171,0.799698412,-0.099962123,0.587450445,-0.299019784,-0.000000007,-0.954246938,0.234891146,0.969230890,-0.073604748,0.924885571,-0.246153414,-0.289819211,70.0000000,1280,720,minecraft:overworld,flashback_export_aligned
1,20260914-194915-flashback_export,flashback_export,990,31756855443400,92.917845996,-58.380000114,16.158312240,72.6012573,-14.2500086,0.073431171,0.799698412,-0.099962123,0.587450445,-0.299019784,-0.000000007,-0.954246938,0.234891146,0.969230890,-0.073604748,0.924885571,-0.246153414,-0.289819211,70.0000000,1280,720,minecraft:overworld,flashback_export_aligned
1,20260914-194915-flashback_export,flashback_export,991,31756874126800,92.917845996,-58.380000114,16.158312240,72.6012573,-14.2500086,0.073431171,0.799698412,-0.099962123,0.587450445,-0.299019784,-0.000000007,-0.954246938,0.234891146,0.969230890,-0.073604748,0.924885571,-0.246153414,-0.289819211,70.0000000,1280,720,minecraft:overworld,flashback_export_aligned
1,20260914-194915-flashback_export,flashback_export,992,31756893563200,92.917845996,-58.380000114,16.158312240,72.6012573,-14.2500086,0.073431171,0.799698412,-0.099962123,0.587450445,-0.299019784,-0.000000007,-0.954246938,0.234891146,0.969230890,-0.073604748,0.924885571,-0.246153414,-0.289819211,70.0000000,1280,720,minecraft:overworld,flashback_export_aligned
1,20260914-194915-flashback_export,flashback_export,993,31756914436500,92.917845996,-58.380000114,16.158312240,72.6012573,-14.2500086,0.073431171,0.799698412,-0.099962123,0.587450445,-0.299019784,-0.000000007,-0.954246938,0.234891146,0.969230890,-0.073604748,0.924885571,-0.246153414,-0.289819211,70.0000000,1280,720,minecraft:overworld,flashback_export_aligned
1,20260914-194915-flashback_export,flashback_export,994,31756933674100,92.917845996,-58.380000114,16.158312240,72.6012573,-14.2500086,0.073431171,0.799698412,-0.099962123,0.587450445,-0.299019784,-0.000000007,-0.954246938,0.234891146,0.969230890,-0.073604748,0.924885571,-0.246153414,-0.289819211,70.0000000,1280,720,minecraft:overworld,flashback_export_aligned
1,20260914-194915-flashback_export,flashback_export,995,31756938711500,92.917845996,-58.380000114,16.158312240,72.6012573,-14.2500086,0.073431171,0.799698412,-0.099962123,0.587450445,-0.299019784,-0.000000007,-0.954246938,0.234891146,0.969230890,-0.073604748,0.924885571,-0.246153414,-0.289819211,70.0000000,1280,720,minecraft:overworld,flashback_export_aligned
1,20260914-194915-flashback_export,flashback_export,996,31756972763300,92.917845996,-58.380000114,16.158312240,72.6012573,-14.2500086,0.073431171,0.799698412,-0.099962123,0.587450445,-0.299019784,-0.000000007,-0.954246938,0.234891146,0.969230890,-0.073604748,0.924885571,-0.246153414,-0.289819211,70.0000000,1280,720,minecraft:overworld,flashback_export_aligned
1,20260914-194915-flashback_export,flashback_export,997,31756991485700,92.917845996,-58.380000114,16.158312240,72.6012573,-14.2500086,0.073431171,0.799698412,-0.099962123,0.587450445,-0.299019784,-0.000000007,-0.954246938,0.234891146,0.969230890,-0.073604748,0.924885571,-0.246153414,-0.289819211,70.0000000,1280,720,minecraft:overworld,flashback_export_aligned
1,20260914-194915-flashback_export,flashback_export,998,31756997530600,92.917845996,-58.380000114,16.158312240,72.6012573,-14.2500086,0.073431171,0.799698412,-0.099962123,0.587450445,-0.299019784,-0.000000007,-0.954246938,0.234891146,0.969230890,-0.073604748,0.924885571,-0.246153414,-0.289819211,70.0000000,1280,720,minecraft:overworld,flashback_export_aligned
1,20260914-194915-flashback_export,flashback_export,999,31757032164500,92.917845996,-58.380000114,16.158312240,72.6012573,-14.2500086,0.073431171,0.799698412,-0.099962123,0.587450445,-0.299019784,-0.000000007,-0.954246938,0.234891146,0.969230890,-0.073604748,0.924885571,-0.246153414,-0.289819211,70.0000000,1280,720,minecraft:overworld,flashback_export_aligned
1,20260914-194915-flashback_export,flashback_export,1000,31757052059500,92.917845996,-58.380000114,16.158312240,72.6012573,-14.2500086,0.073431171,0.799698412,-0.099962123,0.587450445,-0.299019784,-0.000000007,-0.954246938,0.234891146,0.969230890,-0.073604748,0.924885571,-0.246153414,-0.289819211,70.0000000,1280,720,minecraft:overworld,flashback_export_aligned
1,20260914-194915-flashback_export,flashback_export,1001,31757071251500,92.917845996,-58.380000114,16.158312240,72.6012573,-14.2500086,0.073431171,0.799698412,-0.099962123,0.587450445,-0.299019784,-0.000000007,-0.954246938,0.234891146,0.969230890,-0.073604748,0.924885571,-0.246153414,-0.289819211,70.0000000,1280,720,minecraft:overworld,flashback_export_aligned
1,20260914-194915-flashback_export,flashback_export,1002,31757091335300,92.917845996,-58.380000114,16.158312240,72.6012573,-14.2500086,0.073431171,0.799698412,-0.099962123,0.587450445,-0.299019784,-0.000000007,-0.954246938,0.234891146,0.969230890,-0.073604748,0.924885571,-0.246153414,-0.289819211,70.0000000,1280,720,minecraft:overworld,flashback_export_aligned
1,20260914-194915-flashback_export,flashback_export,1003,31757112206200,92.917845996,-58.380000114,16.158312240,72.6012573,-14.2500086,0.073431171,0.799698412,-0.099962123,0.587450445,-0.299019784,-0.000000007,-0.954246938,0.234891146,0.969230890,-0.073604748,0.924885571,-0.246153414,-0.289819211,70.0000000,1280,720,minecraft:overworld,flashback_export_aligned
1,20260914-194915-flashback_export,flashback_export,1004,31757131996400,92.917845996,-58.380000114,16.158312240,72.6012573,-14.2500086,0.073431171,0.799698412,-0.099962123,0.587450445,-0.299019784,-0.000000007,-0.954246938,0.234891146,0.969230890,-0.073604748,0.924885571,-0.246153414,-0.289819211,70.0000000,1280,720,minecraft:overworld,flashback_export_aligned
1,20260914-194915-flashback_export,flashback_export,1005,31757153164400,92.917845996,-58.380000114,16.158312240,72.6012573,-14.2500086,0.073431171,0.799698412,-0.099962123,0.587450445,-0.299019784,-0.000000007,-0.954246938,0.234891146,0.969230890,-0.073604748,0.924885571,-0.246153414,-0.289819211,70.0000000,1280,720,minecraft:overworld,flashback_export_aligned
1,20260914-194915-flashback_export,flashback_export,1006,31757172685600,92.917845996,-58.380000114,16.158312240,72.6012573,-14.2500086,0.073431171,0.799698412,-0.099962123,0.587450445,-0.299019784,-0.000000007,-0.954246938,0.234891146,0.969230890,-0.073604748,0.924885571,-0.246153414,-0.289819211,70.0000000,1280,720,minecraft:overworld,flashback_export_aligned
1,20260914-194915-flashback_export,flashback_export,1007,31757192701300,92.917845996,-58.380000114,16.158312240,72.6012573,-14.2500086,0.073431171,0.799698412,-0.099962123,0.587450445,-0.299019784,-0.000000007,-0.954246938,0.234891146,0.969230890,-0.073604748,0.924885571,-0.246153414,-0.289819211,70.0000000,1280,720,minecraft:overworld,flashback_export_aligned
1,20260914-194915-flashback_export,flashback_export,1008,31757215337700,92.917845996,-58.380000114,16.158312240,72.6012573,-14.2500086,0.073431171,0.799698412,-0.099962123,0.587450445,-0.299019784,-0.000000007,-0.954246938,0.234891146,0.969230890,-0.073604748,0.924885571,-0.246153414,-0.289819211,70.0000000,1280,720,minecraft:overworld,flashback_export_aligned
1,20260914-194915-flashback_export,flashback_export,1009,31757236998000,92.917845996,-58.380000114,16.158312240,72.6012573,-14.2500086,0.073431171,0.799698412,-0.099962123,0.587450445,-0.299019784,-0.000000007,-0.954246938,0.234891146,0.969230890,-0.073604748,0.924885571,-0.246153414,-0.289819211,70.0000000,1280,720,minecraft:overworld,flashback_export_aligned
1,20260914-194915-flashback_export,flashback_export,1010,31757255311300,92.917845996,-58.380000114,16.158312240,72.6012573,-14.2500086,0.073431171,0.799698412,-0.099962123,0.587450445,-0.299019784,-0.000000007,-0.954246938,0.234891146,0.969230890,-0.073604748,0.924885571,-0.246153414,-0.289819211,70.0000000,1280,720,minecraft:overworld,flashback_export_aligned
1,20260914-194915-flashback_export,flashback_export,1011,31757275193300,92.917845996,-58.380000114,16.158312240,72.6012573,-14.2500086,0.073431171,0.799698412,-0.099962123,0.587450445,-0.299019784,-0.000000007,-0.954246938,0.234891146,0.969230890,-0.073604748,0.924885571,-0.246153414,-0.289819211,70.0000000,1280,720,minecraft:overworld,flashback_export_aligned
1,20260914-194915-flashback_export,flashback_export,1012,31757294988100,92.917845996,-58.380000114,16.158312240,72.6012573,-14.2500086,0.073431171,0.799698412,-0.099962123,0.587450445,-0.299019784,-0.000000007,-0.954246938,0.234891146,0.969230890,-0.073604748,0.924885571,-0.246153414,-0.289819211,70.0000000,1280,720,minecraft:overworld,flashback_export_aligned
1,20260914-194915-flashback_export,flashback_export,1013,31757313254500,92.917845996,-58.380000114,16.158312240,72.6012573,-14.2500086,0.073431171,0.799698412,-0.099962123,0.587450445,-0.299019784,-0.000000007,-0.954246938,0.234891146,0.969230890,-0.073604748,0.924885571,-0.246153414,-0.289819211,70.0000000,1280,720,minecraft:overworld,flashback_export_aligned
1,20260914-194915-flashback_export,flashback_export,1014,31757334823800,92.917845996,-58.380000114,16.158312240,72.6012573,-14.2500086,0.073431171,0.799698412,-0.099962123,0.587450445,-0.299019784,-0.000000007,-0.954246938,0.234891146,0.969230890,-0.073604748,0.924885571,-0.246153414,-0.289819211,70.0000000,1280,720,minecraft:overworld,flashback_export_aligned
1,20260914-194915-flashback_export,flashback_export,1015,31757354702800,92.917845996,-58.380000114,16.158312240,72.6012573,-14.2500086,0.073431171,0.799698412,-0.099962123,0.587450445,-0.299019784,-0.000000007,-0.954246938,0.234891146,0.969230890,-0.073604748,0.924885571,-0.246153414,-0.289819211,70.0000000,1280,720,minecraft:overworld,flashback_export_aligned
1,20260914-194915-flashback_export,flashback_export,1016,31757374132600,92.917845996,-58.380000114,16.158312240,72.6012573,-14.2500086,0.073431171,0.799698412,-0.099962123,0.587450445,-0.299019784,-0.000000007,-0.954246938,0.234891146,0.969230890,-0.073604748,0.924885571,-0.246153414,-0.289819211,70.0000000,1280,720,minecraft:overworld,flashback_export_aligned
1,20260914-194915-flashback_export,flashback_export,1017,31757396359400,92.917845996,-58.380000114,16.158312240,72.6012573,-14.2500086,0.073431171,0.799698412,-0.099962123,0.587450445,-0.299019784,-0.000000007,-0.954246938,0.234891146,0.969230890,-0.073604748,0.924885571,-0.246153414,-0.289819211,70.0000000,1280,720,minecraft:overworld,flashback_export_aligned
1,20260914-194915-flashback_export,flashback_export,1018,31757415465100,92.917845996,-58.380000114,16.158312240,72.6012573,-14.2500086,0.073431171,0.799698412,-0.099962123,0.587450445,-0.299019784,-0.000000007,-0.954246938,0.234891146,0.969230890,-0.073604748,0.924885571,-0.246153414,-0.289819211,70.0000000,1280,720,minecraft:overworld,flashback_export_aligned
1,20260914-194915-flashback_export,flashback_export,1019,31757434299500,92.917845996,-58.380000114,16.158312240,72.6012573,-14.2500086,0.073431171,0.799698412,-0.099962123,0.587450445,-0.299019784,-0.000000007,-0.954246938,0.234891146,0.969230890,-0.073604748,0.924885571,-0.246153414,-0.289819211,70.0000000,1280,720,minecraft:overworld,flashback_export_aligned
