schema_version,session_id,mode,frame_index,wall_time_ns,x,y,z,yaw_deg,pitch_deg,quat_x,quat_y,quat_z,quat_w,right_x,right_y,right_z,up_x,up_y,up_z,back_x,back_y,back_z,fov_deg,width,height,dimension,source
1,20260914-203609-flashback_export,flashback_export,0,34551004965300,-552.401883947,88.619999886,244.492937960,-178.5937500,-9.8437500,-0.085790850,0.012226236,-0.001052860,-0.996237636,0.999698877,-0.000000000,0.024541125,-0.004195597,0.985277712,0.170910403,-0.024179820,-0.170961902,0.984980941,70.0000000,1280,720,minecraft:overworld,flashback_export_aligned
1,20260914-203609-flashback_export,flashback_export,1,34551028756500,-552.401883947,88.619999886,244.492937960,-178.5937500,-9.8437500,-0.085790850,0.012226236,-0.001052860,-0.996237636,0.999698877,-0.000000000,0.024541125,-0.004195597,0.985277712,0.170910403,-0.024179820,-0.170961902,0.984980941,70.0000000,1280,720,minecraft:overworld,flashback_export_aligned
1,20260914-203609-flashback_export,flashback_export,2,34551722588700,-552.401883947,88.619999886,244.492937960,-178.5937500,-9.8437500,-0.085790850,0.012226236,-0.001052860,-0.996237636,0.999698877,-0.000000000,0.024541125,-0.004195597,0.985277712,0.170910403,-0.024179820,-0.170961902,0.984980941,70.0000000,1280,720,minecraft:overworld,flashback_export_aligned
1,20260914-203609-flashback_export,flashback_export,3,34551782950700,-552.401883947,88.619999886,244.492937960,-177.8953857,-9.6000328,-0.083664015,0.018300807,-0.001536767,-0.996324718,0.999325454,-0.000000000,0.036724243,-0.006124477,0.985995948,0.166656822,-0.036209952,-0.166769326,0.985330880,70.0000000,1280,720,minecraft:overworld,flashback_export_aligned
1,20260914-203609-flashback_export,flashback_export,4,34551799627400,-552.401883947,88.619999886,244.492937960,-177.8953857,-9.6478014,-0.084079333,0.018300166,-0.001544396,-0.996289790,0.999325514,-0.000000000,0.036724247,-0.006154664,0.985856652,0.167478263,-0.036204837,-0.167591304,0.985191643,70.0000000,1280,720,minecraft:overworld,flashback_export_aligned
1,20260914-203609-flashback_export,flashback_export,5,34551836977700,-552.401883947,88.619999886,244.492937960,-177.8953857,-9.6955709,-0.084494643,0.018299520,-0.001552024,-0.996254623,0.999325454,-0.000000000,0.036724243,-0.006184846,0.985716462,0.168299571,-0.036199693,-0.168413177,0.985051572,70.0000000,1280,720,minecraft:overworld,flashback_export_aligned
1,20260914-203609-flashback_export,flashback_export,6,34551877770000,-552.401883947,88.619999886,244.492937960,-177.8953857,-9.7500324,-0.084968127,0.018298781,-0.001560721,-0.996214390,0.999325514,-0.000000000,0.036724243,-0.006219253,0.985556006,0.169235840,-0.036193799,-0.169350073,0.984891236,70.0000000,1280,720,minecraft:overworld,flashback_export_aligned
1,20260914-203609-flashback_export,flashback_export,7,34551913867000,-552.401883947,88.619999886,244.492937960,-177.8953857,-9.7500324,-0.084968127,0.018298781,-0.001560721,-0.996214390,0.999325514,-0.000000000,0.036724243,-0.006219253,0.985556006,0.169235840,-0.036193799,-0.169350073,0.984891236,70.0000000,1280,720,minecraft:overworld,flashback_export_aligned
1,20260914-203609-flashback_export,flashback_export,8,34551950808900,-552.401883947,88.619999886,244.492937960,-177.8953857,-9.7500324,-0.084968127,0.018298781,-0.001560721,-0.996214390,0.999325514,-0.000000000,0.036724243,-0.006219253,0.985556006,0.169235840,-0.036193799,-0.169350073,0.984891236,70.0000000,1280,720,minecraft:overworld,flashback_export_aligned
1,20260914-203609-flashback_export,flashback_export,9,34551990092900,-552.401883947,88.619999886,244.492937960,-177.8953857,-9.7500324,-0.084968127,0.018298781,-0.001560721,-0.996214390,0.999325514,-0.000000000,0.036724243,-0.006219253,0.985556006,0.169235840,-0.036193799,-0.169350073,0.984891236,70.0000000,1280,720,minecraft:overworld,flashback_export_aligned
1,20260914-203609-flashback_export,flashback_export,10,34552020709400,-552.401883947,88.619999886,244.492937960,-177.8953857,-9.7500324,-0.084968127,0.018298781,-0.001560721,-0.996214390,0.999325514,-0.000000000,0.036724243,-0.006219253,0.985556006,0.169235840,-0.036193799,-0.169350073,0.984891236,70.0000000,1280,720,minecraft:overworld,flashback_export_aligned
1,20260914-203609-flashback_export,flashback_export,11,34552047201000,-552.401883947,88.619999886,244.492937960,-177.8953857,-9.7500324,-0.084968127,0.018298781,-0.001560721,-0.996214390,0.999325514,-0.000000000,0.036724243,-0.006219253,0.985556006,0.169235840,-0.036193799,-0.169350073,0.984891236,70.0000000,1280,720,minecraft:overworld,flashback_export_aligned
1,20260914-203609-flashback_export,flashback_export,12,34552074666200,-552.401883947,88.619999886,244.492937960,-177.8953857,-9.7500324,-0.084968127,0.018298781,-0.001560721,-0.996214390,0.999325514,-0.000000000,0.036724243,-0.006219253,0.985556006,0.169235840,-0.036193799,-0.169350073,0.984891236,70.0000000,1280,720,minecraft:overworld,flashback_export_aligned
1,20260914-203609-flashback_export,flashback_export,13,34552104369200,-552.401883947,88.619999886,244.492937960,-177.8953857,-9.7500324,-0.084968127,0.018298781,-0.001560721,-0.996214390,0.999325514,-0.000000000,0.036724243,-0.006219253,0.985556006,0.169235840,-0.036193799,-0.169350073,0.984891236,70.0000000,1280,720,minecraft:overworld,flashback_export_aligned
1,20260914-203609-flashback_export,flashback_export,14,34552127571400,-552.401883947,88.619999886,244.492937960,-177.8953857,-9.7500324,-0.084968127,0.018298781,-0.001560721,-0.996214390,0.999325514,-0.000000000,0.036724243,-0.006219253,0.985556006,0.169235840,-0.036193799,-0.169350073,0.984891236,70.0000000,1280,720,minecraft:overworld,flashback_export_aligned
1,20260914-203609-flashback_export,flashback_export,15,34552152607800,-552.401883947,88.619999886,244.492937960,-177.8953857,-9.7500324,-0.084968127,0.018298781,-0.001560721,-0.996214390,0.999325514,-0.000000000,0.036724243,-0.006219253,0.985556006,0.169235840,-0.036193799,-0.169350073,0.984891236,70.0000000,1280,720,minecraft:overworld,flashback_export_aligned
1,20260914-203609-flashback_export,flashback_export,16,34552176098200,-552.401883947,88.619999886,244.492937960,-177.8953857,-9.7500324,-0.084968127,0.018298781,-0.001560721,-0.996214390,0.999325514,-0.000000000,0.036724243,-0.006219253,0.985556006,0.169235840,-0.036193799,-0.169350073,0.984891236,70.0000000,1280,720,minecraft:overworld,flashback_export_aligned
1,20260914-203609-flashback_export,flashback_export,17,34552197936400,-552.401883947,88.619999886,244.492937960,-177.8953857,-9.7500324,-0.084968127,0.018298781,-0.001560721,-0.996214390,0.999325514,-0.000000000,0.036724243,-0.006219253,0.985556006,0.169235840,-0.036193799,-0.169350073,0.984891236,70.0000000,1280,720,minecraft:overworld,flashback_export_aligned
1,20260914-203609-flashback_export,flashback_export,18,34552224299300,-552.401883947,88.619999886,244.492937960,-177.8953857,-9.7500324,-0.084968127,0.018298781,-0.001560721,-0.996214390,0.999325514,-0.000000000,0.036724243,-0.006219253,0.985556006,0.169235840,-0.036193799,-0.169350073,0.984891236,70.0000000,1280,720,minecraft:overworld,flashback_export_aligned
1,20260914-203609-flashback_export,flashback_export,19,34552249313000,-552.401883947,88.619999886,244.492937960,-177.8953857,-9.7500324,-0.084968127,0.018298781,-0.001560721,-0.996214390,0.999325514,-0.000000000,0.036724243,-0.006219253,0.985556006,0.169235840,-0.036193799,-0.169350073,0.984891236,70.0000000,1280,720,minecraft:overworld,flashback_export_aligned
1,20260914-203609-flashback_export,flashback_export,20,34552270613800,-552.401883947,88.619999886,244.492937960,-177.8953857,-9.7500324,-0.084968127,0.018298781,-0.001560721,-0.996214390,0.999325514,-0.000000000,0.036724243,-0.006219253,0.985556006,0.169235840,-0.036193799,-0.169350073,0.984891236,70.0000000,1280,720,minecraft:overworld,flashback_export_aligned
1,20260914-203609-flashback_export,flashback_export,21,34552295068900,-552.401883947,88.619999886,244.492937960,-177.8953857,-9.7500324,-0.084968127,0.018298781,-0.001560721,-0.996214390,0.999325514,-0.000000000,0.036724243,-0.006219253,0.985556006,0.169235840,-0.036193799,-0.169350073,0.984891236,70.0000000,1280,720,minecraft:overworld,flashback_export_aligned
1,20260914-203609-flashback_export,flashback_export,22,34552317977400,-552.401883947,88.619999886,244.492937960,-177.8953857,-9.7500324,-0.084968127,0.018298781,-0.001560721,-0.996214390,0.999325514,-0.000000000,0.036724243,-0.006219253,0.985556006,0.169235840,-0.036193799,-0.169350073,0.984891236,70.0000000,1280,720,minecraft:overworld,flashback_export_aligned
1,20260914-203609-flashback_export,flashback_export,23,34552339048800,-552.401883947,88.619999886,244.492937960,-177.8953857,-9.7500324,-0.084968127,0.018298781,-0.001560721,-0.996214390,0.999325514,-0.000000000,0.036724243,-0.006219253,0.985556006,0.169235840,-0.036193799,-0.169350073,0.984891236,70.0000000,1280,720,minecraft:overworld,flashback_export_aligned
1,20260914-203609-flashback_export,flashback_export,24,34552362394600,-552.401883947,88.619999886,244.492937960,-177.8953857,-9.7500324,-0.084968127,0.018298781,-0.001560721,-0.996214390,0.999325514,-0.000000000,0.036724243,-0.006219253,0.985556006,0.169235840,-0.036193799,-0.169350073,0.984891236,70.0000000,1280,720,minecraft:overworld,flashback_export_aligned
1,20260914-203609-flashback_export,flashback_export,25,34552383551900,-552.401883947,88.619999886,244.492937960,-177.8953857,-9.7500324,-0.084968127,0.018298781,-0.001560721,-0.996214390,0.999325514,-0.000000000,0.036724243,-0.006219253,0.985556006,0.169235840,-0.036193799,-0.169350073,0.984891236,70.0000000,1280,720,minecraft:overworld,flashback_export_aligned
1,20260914-203609-flashback_export,flashback_export,26,34552404446500,-552.401883947,88.619999886,244.492937960,-177.8953857,-9.7500324,-0.084968127,0.018298781,-0.001560721,-0.996214390,0.999325514,-0.000000000,0.036724243,-0.006219253,0.985556006,0.169235840,-0.036193799,-0.169350073,0.984891236,70.0000000,1280,720,minecraft:overworld,flashback_export_aligned
1,20260914-203609-flashback_export,flashback_export,27,34552426993600,-552.401883947,88.619999886,244.492937960,-177.8953857,-9.7500324,-0.084968127,0.018298781,-0.001560721,-0.996214390,0.999325514,-0.000000000,0.036724243,-0.006219253,0.985556006,0.169235840,-0.036193799,-0.169350073,0.984891236,70.0000000,1280,720,minecraft:overworld,flashback_export_aligned
1,20260914-203609-flashback_export,flashback_export,28,34552450233900,-552.401883947,88.619999886,244.492937960,-177.8953857,-9.7500324,-0.084968127,0.018298781,-0.001560721,-0.996214390,0.999325514,-0.000000000,0.036724243,-0.006219253,0.985556006,0.169235840,-0.036193799,-0.169350073,0.984891236,70.0000000,1280,720,minecraft:overworld,flashback_export_aligned
1,20260914-203609-flashback_export,flashback_export,29,34552471984100,-552.401883947,88.619999886,244.492937960,-177.8953857,-9.7500324,-0.084968127,0.018298781,-0.001560721,-0.996214390,0.999325514,-0.000000000,0.036724243,-0.006219253,0.985556006,0.169235840,-0.036193799,-0.169350073,0.984891236,70.0000000,1280,720,minecraft:overworld,flashback_export_aligned
1,20260914-203609-flashback_export,flashback_export,30,34552494531100,-552.401883947,88.619999886,244.492937960,-177.8953857,-9.7500324,-0.084968127,0.018298781,-0.001560721,-0.996214390,0.999325514,-0.000000000,0.036724243,-0.006219253,0.985556006,0.169235840,-0.036193799,-0.169350073,0.984891236,70.0000000,1280,720,minecraft:overworld,flashback_export_aligned
1,20260914-203609-flashback_export,flashback_export,31,34552516415900,-552.401883947,88.619999886,244.492937960,-177.8953857,-9.7500324,-0.084968127,0.018298781,-0.001560721,-0.996214390,0.999325514,-0.000000000,0.036724243,-0.006219253,0.985556006,0.169235840,-0.036193799,-0.169350073,0.984891236,70.0000000,1280,720,minecraft:overworld,flashback_export_aligned
1,20260914-203609-flashback_export,flashback_export,32,34552536171700,-552.401883947,88.619999886,244.492937960,-177.8953857,-9.7500324,-0.084968127,0.018298781,-0.001560721,-0.996214390,0.999325514,-0.000000000,0.036724243,-0.006219253,0.985556006,0.169235840,-0.036193799,-0.169350073,0.984891236,70.0000000,1280,720,minecraft:overworld,flashback_export_aligned
1,20260914-203609-flashback_export,flashback_export,33,34552560889500,-552.401883947,88.619999886,244.492937960,-177.8953857,-9.7500324,-0.084968127,0.018298781,-0.001560721,-0.996214390,0.999325514,-0.000000000,0.036724243,-0.006219253,0.985556006,0.169235840,-0.036193799,-0.169350073,0.984891236,70.0000000,1280,720,minecraft:overworld,flashback_export_aligned
1,20260914-203609-flashback_export,flashback_export,34,34552583133900,-552.401883947,88.619999886,244.492937960,-177.8953857,-9.7500324,-0.084968127,0.018298781,-0.001560721,-0.996214390,0.999325514,-0.000000000,0.036724243,-0.006219253,0.985556006,0.169235840,-0.036193799,-0.169350073,0.984891236,70.0000000,1280,720,minecraft:overworld,flashback_export_aligned
1,20260914-203609-flashback_export,flashback_export,35,34552607578900,-552.401883947,88.619999886,244.492937960,-177.8953857,-9.7500324,-0.084968127,0.018298781,-0.001560721,-0.996214390,0.999325514,-0.000000000,0.036724243,-0.006219253,0.985556006,0.169235840,-0.036193799,-0.169350073,0.984891236,70.0000000,1280,720,minecraft:overworld,flashback_export_aligned
1,20260914-203609-flashback_export,flashback_export,36,34552633115100,-552.401883947,88.619999886,244.492937960,-177.8953857,-9.7500324,-0.084968127,0.018298781,-0.001560721,-0.996214390,0.999325514,-0.000000000,0.036724243,-0.006219253,0.985556006,0.169235840,-0.036193799,-0.169350073,0.984891236,70.0000000,1280,720,minecraft:overworld,flashback_export_aligned
1,20260914-203609-flashback_export,flashback_export,37,34552655719200,-552.401883947,88.619999886,244.492937960,-177.8953857,-9.7500324,-0.084968127,0.018298781,-0.001560721,-0.996214390,0.999325514,-0.000000000,0.036724243,-0.006219253,0.985556006,0.169235840,-0.036193799,-0.169350073,0.984891236,70.0000000,1280,720,minecraft:overworld,flashback_export_aligned
1,20260914-203609-flashback_export,flashback_export,38,34552679695200,-552.401883947,88.619999886,244.492937960,-177.8953857,-9.7500324,-0.084968127,0.018298781,-0.001560721,-0.996214390,0.999325514,-0.000000000,0.036724243,-0.006219253,0.985556006,0.169235840,-0.036193799,-0.169350073,0.984891236,70.0000000,1280,720,minecraft:overworld,flashback_export_aligned
1,20260914-203609-flashback_export,flashback_export,39,34552706458800,-552.401883947,88.619999886,244.492937960,-177.8953857,-9.7500324,-0.084968127,0.018298781,-0.001560721,-0.996214390,0.999325514,-0.000000000,0.036724243,-0.006219253,0.985556006,0.169235840,-0.036193799,-0.169350073,0.984891236,70.0000000,1280,720,minecraft:overworld,flashback_export_aligned
1,20260914-203609-flashback_export,flashback_export,40,34552725821100,-552.401883947,88.619999886,244.492937960,-177.8953857,-9.7500324,-0.084968127,0.018298781,-0.001560721,-0.996214390,0.999325514,-0.000000000,0.036724243,-0.006219253,0.985556006,0.169235840,-0.036193799,-0.169350073,0.984891236,70.0000000,1280,720,minecraft:overworld,flashback_export_aligned
1,20260914-203609-flashback_export,flashback_export,41,34552746264800,-552.401883947,88.619999886,244.492937960,-177.8953857,-9.7500324,-0.084968127,0.018298781,-0.001560721,-0.996214390,0.999325514,-0.000000000,0.036724243,-0.006219253,0.985556006,0.169235840,-0.036193799,-0.169350073,0.984891236,70.0000000,1280,720,minecraft:overworld,flashback_export_aligned
1,20260914-203609-flashback_export,flashback_export,42,34552769520900,-552.401883947,88.619999886,244.492937960,-177.8953857,-9.7500324,-0.084968127,0.018298781,-0.001560721,-0.996214390,0.999325514,-0.000000000,0.036724243,-0.006219253,0.985556006,0.169235840,-0.036193799,-0.169350073,0.984891236,70.0000000,1280,720,minecraft:overworld,flashback_export_aligned
1,20260914-203609-flashback_export,flashback_export,43,34552791707600,-552.401883947,88.619999886,244.492937960,-177.8953857,-9.7500324,-0.084968127,0.018298781,-0.001560721,-0.996214390,0.999325514,-0.000000000,0.036724243,-0.006219253,0.985556006,0.169235840,-0.036193799,-0.169350073,0.984891236,70.0000000,1280,720,minecraft:overworld,flashback_export_aligned
1,20260914-203609-flashback_export,flashback_export,44,34552812807300,-552.401883947,88.619999886,244.492937960,-177.8953857,-9.7500324,-0.084968127,0.018298781,-0.001560721,-0.996214390,0.999325514,-0.000000000,0.036724243,-0.006219253,0.985556006,0.169235840,-0.036193799,-0.169350073,0.984891236,70.0000000,1280,720,minecraft:overworld,flashback_export_aligned
1,20260914-203609-flashback_export,flashback_export,45,34552836540800,-552.401883947,88.619999886,244.492937960,-177.8953857,-9.7500324,-0.084968127,0.018298781,-0.001560721,-0.996214390,0.999325514,-0.000000000,0.036724243,-0.006219253,0.985556006,0.169235840,-0.036193799,-0.169350073,0.984891236,70.0000000,1280,720,minecraft:overworld,flashback_export_aligned
1,20260914-203609-flashback_export,flashback_export,46,34552856497000,-552.401883947,88.619999886,244.492937960,-177.8953857,-9.7500324,-0.084968127,0.018298781,-0.001560721,-0.996214390,0.999325514,-0.000000000,0.036724243,-0.006219253,0.985556006,0.169235840,-0.036193799,-0.169350073,0.984891236,70.0000000,1280,720,minecraft:overworld,flashback_export_aligned
1,20260914-203609-flashback_export,flashback_export,47,34552876451200,-552.401883947,88.619999886,244.492937960,-177.8953857,-9.7500324,-0.084968127,0.018298781,-0.001560721,-0.996214390,0.999325514,-0.000000000,0.036724243,-0.006219253,0.985556006,0.169235840,-0.036193799,-0.169350073,0.984891236,70.0000000,1280,720,minecraft:overworld,flashback_export_aligned
1,20260914-203609-flashback_export,flashback_export,48,34552898429200,-552.401883947,88.619999886,244.492937960,-177.8953857,-9.7500324,-0.084968127,0.018298781,-0.001560721,-0.996214390,0.999325514,-0.000000000,0.036724243,-0.006219253,0.985556006,0.169235840,-0.036193799,-0.169350073,0.984891236,70.0000000,1280,720,minecraft:overworld,flashback_export_aligned
1,20260914-203609-flashback_export,flashback_export,49,34552919044000,-552.401883947,88.619999886,244.492937960,-177.8953857,-9.7500324,-0.084968127,0.018298781,-0.001560721,-0.996214390,0.999325514,-0.000000000,0.036724243,-0.006219253,0.985556006,0.169235840,-0.036193799,-0.169350073,0.984891236,70.0000000,1280,720,minecraft:overworld,flashback_export_aligned
1,20260914-203609-flashback_export,flashback_export,50,34552939365000,-552.401883947,88.619999886,244.492937960,-177.8953857,-9.7500324,-0.084968127,0.018298781,-0.001560721,-0.996214390,0.999325514,-0.000000000,0.036724243,-0.006219253,0.985556006,0.169235840,-0.036193799,-0.169350073,0.984891236,70.0000000,1280,720,minecraft:overworld,flashback_export_aligned
1,20260914-203609-flashback_export,flashback_export,51,34552962410700,-552.401883947,88.619999886,244.492937960,-177.8953857,-9.7500324,-0.084968127,0.018298781,-0.001560721,-0.996214390,0.999325514,-0.000000000,0.036724243,-0.006219253,0.985556006,0.169235840,-0.036193799,-0.169350073,0.984891236,70.0000000,1280,720,minecraft:overworld,flashback_export_aligned
1,20260914-203609-flashback_export,flashback_export,52,34552983009300,-552.401883947,88.619999886,244.492937960,-177.8953857,-9.7500324,-0.084968127,0.018298781,-0.001560721,-0.996214390,0.999325514,-0.000000000,0.036724243,-0.006219253,0.985556006,0.169235840,-0.036193799,-0.169350073,0.984891236,70.0000000,1280,720,minecraft:overworld,flashback_export_aligned
1,20260914-203609-flashback_export,flashback_export,53,34553002644900,-552.401883947,88.619999886,244.492937960,-177.8953857,-9.7500324,-0.084968127,0.018298781,-0.001560721,-0.996214390,0.999325514,-0.000000000,0.036724243,-0.006219253,0.985556006,0.169235840,-0.036193799,-0.169350073,0.984891236,70.0000000,1280,720,minecraft:overworld,flashback_export_aligned
1,20260914-203609-flashback_export,flashback_export,54,34553024332600,-552.401883947,88.619999886,244.492937960,-177.8953857,-9.7500324,-0.084968127,0.018298781,-0.001560721,-0.996214390,0.999325514,-0.000000000,0.036724243,-0.006219253,0.985556006,0.169235840,-0.036193799,-0.169350073,0.984891236,70.0000000,1280,720,minecraft:overworld,flashback_export_aligned
1,20260914-203609-flashback_export,flashback_export,55,34553045858600,-552.401883947,88.619999886,244.492937960,-177.8953857,-9.7500324,-0.084968127,0.018298781,-0.001560721,-0.996214390,0.999325514,-0.000000000,0.036724243,-0.006219253,0.985556006,0.169235840,-0.036193799,-0.169350073,0.984891236,70.0000000,1280,720,minecraft:overworld,flashback_export_aligned
1,20260914-203609-flashback_export,flashback_export,56,34553051771700,-552.401883947,88.619999886,244.492937960,-177.8953857,-9.7500324,-0.084968127,0.018298781,-0.001560721,-0.996214390,0.999325514,-0.000000000,0.036724243,-0.006219253,0.985556006,0.169235840,-0.036193799,-0.169350073,0.984891236,70.0000000,1280,720,minecraft:overworld,flashback_export_aligned
1,20260914-203609-flashback_export,flashback_export,57,34553087420700,-552.401883947,88.619999886,244.492937960,-177.8953857,-9.7500324,-0.084968127,0.018298781,-0.001560721,-0.996214390,0.999325514,-0.000000000,0.036724243,-0.006219253,0.985556006,0.169235840,-0.036193799,-0.169350073,0.984891236,70.0000000,1280,720,minecraft:overworld,flashback_export_aligned
1,20260914-203609-flashback_export,flashback_export,58,34553108366400,-552.401883947,88.619999886,244.492937960,-177.8953857,-9.7500324,-0.084968127,0.018298781,-0.001560721,-0.996214390,0.999325514,-0.000000000,0.036724243,-0.006219253,0.985556006,0.169235840,-0.036193799,-0.169350073,0.984891236,70.0000000,1280,720,minecraft:overworld,flashback_export_aligned
1,20260914-203609-flashback_export,flashback_export,59,34553128425200,-552.401883947,88.619999886,244.492937960,-177.8953857,-9.7500324,-0.084968127,0.018298781,-0.001560721,-0.996214390,0.999325514,-0.000000000,0.036724243,-0.006219253,0.985556006,0.169235840,-0.036193799,-0.169350073,0.984891236,70.0000000,1280,720,minecraft:overworld,flashback_export_aligned
1,20260914-203609-flashback_export,flashback_export,60,34553153342000,-552.401883947,88.619999886,244.492937960,-177.8953857,-9.7500324,-0.084968127,0.018298781,-0.001560721,-0.996214390,0.999325514,-0.000000000,0.036724243,-0.006219253,0.985556006,0.169235840,-0.036193799,-0.169350073,0.984891236,70.0000000,1280,720,minecraft:overworld,flashback_export_aligned
1,20260914-203609-flashback_export,flashback_export,61,34553175783600,-552.401883947,88.619999886,244.492937960,-177.8953857,-9.7500324,-0.084968127,0.018298781,-0.001560721,-0.996214390,0.999325514,-0.000000000,0.036724243,-0.006219253,0.985556006,0.169235840,-0.036193799,-0.169350073,0.984891236,70.0000000,1280,720,minecraft:overworld,flashback_export_aligned
1,20260914-203609-flashback_export,flashback_export,62,34553198016000,-552.401883947,88.619999886,244.492937960,-177.8953857,-9.7500324,-0.084968127,0.018298781,-0.001560721,-0.996214390,0.999325514,-0.000000000,0.036724243,-0.006219253,0.985556006,0.169235840,-0.036193799,-0.169350073,0.984891236,70.0000000,1280,720,minecraft:overworld,flashback_export_aligned
1,20260914-203609-flashback_export,flashback_export,63,34553221889000,-552.401883947,88.619999886,244.492937960,-177.8953857,-9.7500324,-0.084968127,0.018298781,-0.001560721,-0.996214390,0.999325514,-0.000000000,0.036724243,-0.006219253,0.985556006,0.169235840,-0.036193799,-0.169350073,0.984891236,70.0000000,1280,720,minecraft:overworld,flashback_export_aligned
1,20260914-203609-flashback_export,flashback_export,64,34553244590300,-552.401883947,88.619999886,244.492937960,-177.8953857,-9.7500324,-0.084968127,0.018298781,-0.001560721,-0.996214390,0.999325514,-0.000000000,0.036724243,-0.006219253,0.985556006,0.169235840,-0.036193799,-0.169350073,0.984891236,70.0000000,1280,720,minecraft:overworld,flashback_export_aligned
1,20260914-203609-flashback_export,flashback_export,65,34553266577600,-552.401883947,88.619999886,244.492937960,-177.8953857,-9.7500324,-0.084968127,0.018298781,-0.001560721,-0.996214390,0.999325514,-0.000000000,0.036724243,-0.006219253,0.985556006,0.169235840,-0.036193799,-0.169350073,0.984891236,70.0000000,1280,720,minecraft:overworld,flashback_export_aligned
1,20260914-203609-flashback_export,flashback_export,66,34553289398200,-552.401883947,88.619999886,244.492937960,-177.8953857,-9.7500324,-0.084968127,0.018298781,-0.001560721,-0.996214390,0.999325514,-0.000000000,0.036724243,-0.006219253,0.985556006,0.169235840,-0.036193799,-0.169350073,0.984891236,70.0000000,1280,720,minecraft:overworld,flashback_export_aligned
1,20260914-203609-flashback_export,flashback_export,67,34553310228500,-552.401883947,88.619999886,244.492937960,-177.8953857,-9.7500324,-0.084968127,0.018298781,-0.001560721,-0.996214390,0.999325514,-0.000000000,0.036724243,-0.006219253,0.985556006,0.169235840,-0.036193799,-0.169350073,0.984891236,70.0000000,1280,720,minecraft:overworld,flashback_export_aligned
1,20260914-203609-flashback_export,flashback_export,68,34553333439900,-552.401883947,88.619999886,244.492937960,-177.8953857,-9.7500324,-0.084968127,0.018298781,-0.001560721,-0.996214390,0.999325514,-0.000000000,0.036724243,-0.006219253,0.985556006,0.169235840,-0.036193799,-0.169350073,0.984891236,70.0000000,1280,720,minecraft:overworld,flashback_export_aligned
1,20260914-203609-flashback_export,flashback_export,69,34553357317600,-552.401883947,88.619999886,244.492937960,-177.8953857,-9.7500324,-0.084968127,0.018298781,-0.001560721,-0.996214390,0.999325514,-0.000000000,0.036724243,-0.006219253,0.985556006,0.169235840,-0.036193799,-0.169350073,0.984891236,70.0000000,1280,720,minecraft:overworld,flashback_export_aligned
1,20260914-203609-flashback_export,flashback_export,70,34553377527000,-552.401883947,88.619999886,244.492937960,-177.8953857,-9.7500324,-0.084968127,0.018298781,-0.001560721,-0.996214390,0.999325514,-0.000000000,0.036724243,-0.006219253,0.985556006,0.169235840,-0.036193799,-0.169350073,0.984891236,70.0000000,1280,720,minecraft:overworld,flashback_export_aligned
1,20260914-203609-flashback_export,flashback_export,71,34553399395800,-552.401883947,88.619999886,244.492937960,-177.8953857,-9.7500324,-0.084968127,0.018298781,-0.001560721,-0.996214390,0.999325514,-0.000000000,0.036724243,-0.006219253,0.985556006,0.169235840,-0.036193799,-0.169350073,0.984891236,70.0000000,1280,720,minecraft:overworld,flashback_export_aligned
1,20260914-203609-flashback_export,flashback_export,72,34553420867200,-552.401883947,88.619999886,244.492937960,-177.8953857,-9.7500324,-0.084968127,0.018298781,-0.001560721,-0.996214390,0.999325514,-0.000000000,0.036724243,-0.006219253,0.985556006,0.169235840,-0.036193799,-0.169350073,0.984891236,70.0000000,1280,720,minecraft:overworld,flashback_export_aligned
1,20260914-203609-flashback_export,flashback_export,73,34553440838600,-552.401883947,88.619999886,244.492937960,-177.8953857,-9.7500324,-0.084968127,0.018298781,-0.001560721,-0.996214390,0.999325514,-0.000000000,0.036724243,-0.006219253,0.985556006,0.169235840,-0.036193799,-0.169350073,0.984891236,70.0000000,1280,720,minecraft:overworld,flashback_export_aligned
1,20260914-203609-flashback_export,flashback_export,74,34553460668900,-552.401883947,88.619999886,244.492937960,-177.8953857,-9.7500324,-0.084968127,0.018298781,-0.001560721,-0.996214390,0.999325514,-0.000000000,0.036724243,-0.006219253,0.985556006,0.169235840,-0.036193799,-0.169350073,0.984891236,70.0000000,1280,720,minecraft:overworld,flashback_export_aligned
1,20260914-203609-flashback_export,flashback_export,75,34553483290300,-552.401883947,88.619999886,244.492937960,-177.8953857,-9.7500324,-0.084968127,0.018298781,-0.001560721,-0.996214390,0.999325514,-0.000000000,0.036724243,-0.006219253,0.985556006,0.169235840,-0.036193799,-0.169350073,0.984891236,70.0000000,1280,720,minecraft:overworld,flashback_export_aligned
1,20260914-203609-flashback_export,flashback_export,76,34553502502300,-552.401883947,88.619999886,244.492937960,-177.8953857,-9.7500324,-0.084968127,0.018298781,-0.001560721,-0.996214390,0.999325514,-0.000000000,0.036724243,-0.006219253,0.985556006,0.169235840,-0.036193799,-0.169350073,0.984891236,70.0000000,1280,720,minecraft:overworld,flashback_export_aligned
1,20260914-203609-flashback_export,flashback_export,77,34553522096800,-552.401883947,88.619999886,244.492937960,-177.8953857,-9.7500324,-0.084968127,0.018298781,-0.001560721,-0.996214390,0.999325514,-0.000000000,0.036724243,-0.006219253,0.985556006,0.169235840,-0.036193799,-0.169350073,0.984891236,70.0000000,1280,720,minecraft:overworld,flashback_export_aligned
1,20260914-203609-flashback_export,flashback_export,78,34553544916000,-552.401883947,88.619999886,244.492937960,-177.8953857,-9.7500324,-0.084968127,0.018298781,-0.001560721,-0.996214390,0.999325514,-0.000000000,0.036724243,-0.006219253,0.985556006,0.169235840,-0.036193799,-0.169350073,0.984891236,70.0000000,1280,720,minecraft:overworld,flashback_export_aligned
1,20260914-203609-flashback_export,flashback_export,79,34553568180700,-552.401883947,88.619999886,244.492937960,-177.8953857,-9.7500324,-0.084968127,0.018298781,-0.001560721,-0.996214390,0.999325514,-0.000000000,0.036724243,-0.006219253,0.985556006,0.169235840,-0.036193799,-0.169350073,0.984891236,70.0000000,1280,720,minecraft:overworld,flashback_export_aligned
1,20260914-203609-flashback_export,flashback_export,80,34553588341300,-552.401883947,88.619999886,244.492937960,-177.8953857,-9.7500324,-0.084968127,0.018298781,-0.001560721,-0.996214390,0.999325514,-0.000000000,0.036724243,-0.006219253,0.985556006,0.169235840,-0.036193799,-0.169350073,0.984891236,70.0000000,1280,720,minecraft:overworld,flashback_export_aligned
1,20260914-203609-flashback_export,flashback_export,81,34553609586300,-552.401883947,88.619999886,244.492937960,-177.8953857,-9.7500324,-0.084968127,0.018298781,-0.001560721,-0.996214390,0.999325514,-0.000000000,0.036724243,-0.006219253,0.985556006,0.169235840,-0.036193799,-0.169350073,0.984891236,70.0000000,1280,720,minecraft:overworld,flashback_export_aligned
1,20260914-203609-flashback_export,flashback_export,82,34553630181300,-552.401883947,88.619999886,244.492937960,-177.8953857,-9.7500324,-0.084968127,0.018298781,-0.001560721,-0.996214390,0.999325514,-0.000000000,0.036724243,-0.006219253,0.985556006,0.169235840,-0.036193799,-0.169350073,0.984891236,70.0000000,1280,720,minecraft:overworld,flashback_export_aligned
1,20260914-203609-flashback_export,flashback_export,83,34553636041700,-552.401883947,88.619999886,244.492937960,-177.8953857,-9.7500324,-0.084968127,0.018298781,-0.001560721,-0.996214390,0.999325514,-0.000000000,0.036724243,-0.006219253,0.985556006,0.169235840,-0.036193799,-0.169350073,0.984891236,70.0000000,1280,720,minecraft:overworld,flashback_export_aligned
1,20260914-203609-flashback_export,flashback_export,84,34553673175900,-552.401883947,88.619999886,244.492937960,-177.8953857,-9.7500324,-0.084968127,0.018298781,-0.001560721,-0.996214390,0.999325514,-0.000000000,0.036724243,-0.006219253,0.985556006,0.169235840,-0.036193799,-0.169350073,0.984891236,70.0000000,1280,720,minecraft:overworld,flashback_export_aligned
1,20260914-203609-flashback_export,flashback_export,85,34553692452700,-552.401883947,88.619999886,244.492937960,-177.8953857,-9.7500324,-0.084968127,0.018298781,-0.001560721,-0.996214390,0.999325514,-0.000000000,0.036724243,-0.006219253,0.985556006,0.169235840,-0.036193799,-0.169350073,0.984891236,70.0000000,1280,720,minecraft:overworld,flashback_export_aligned
1,20260914-203609-flashback_export,flashback_export,86,34553716905000,-552.401883947,88.619999886,244.492937960,-177.8953857,-9.7500324,-0.084968127,0.018298781,-0.001560721,-0.996214390,0.999325514,-0.000000000,0.036724243,-0.006219253,0.985556006,0.169235840,-0.036193799,-0.169350073,0.984891236,70.0000000,1280,720,minecraft:overworld,flashback_export_aligned
1,20260914-203609-flashback_export,flashback_export,87,34553741157700,-552.401883947,88.619999886,244.492937960,-177.8953857,-9.7500324,-0.084968127,0.018298781,-0.001560721,-0.996214390,0.999325514,-0.000000000,0.036724243,-0.006219253,0.985556006,0.169235840,-0.036193799,-0.169350073,0.984891236,70.0000000,1280,720,minecraft:overworld,flashback_export_aligned
1,20260914-203609-flashback_export,flashback_export,88,34553760880800,-552.401883947,88.619999886,244.492937960,-177.8953857,-9.7500324,-0.084968127,0.018298781,-0.001560721,-0.996214390,0.999325514,-0.000000000,0.036724243,-0.006219253,0.985556006,0.169235840,-0.036193799,-0.169350073,0.984891236,70.0000000,1280,720,minecraft:overworld,flashback_export_aligned
1,20260914-203609-flashback_export,flashback_export,89,34553783075500,-552.401883947,88.619999886,244.492937960,-177.8953857,-9.7500324,-0.084968127,0.018298781,-0.001560721,-0.996214390,0.999325514,-0.000000000,0.036724243,-0.006219253,0.985556006,0.169235840,-0.036193799,-0.169350073,0.984891236,70.0000000,1280,720,minecraft:overworld,flashback_export_aligned
1,20260914-203609-flashback_export,flashback_export,90,34553805023400,-552.401883947,88.619999886,244.492937960,-177.8953857,-9.7500324,-0.084968127,0.018298781,-0.001560721,-0.996214390,0.999325514,-0.000000000,0.036724243,-0.006219253,0.985556006,0.169235840,-0.036193799,-0.169350073,0.984891236,70.0000000,1280,720,minecraft:overworld,flashback_export_aligned
1,20260914-203609-flashback_export,flashback_export,91,34553824070000,-552.401883947,88.619999886,244.492937960,-177.8953857,-9.7500324,-0.084968127,0.018298781,-0.001560721,-0.996214390,0.999325514,-0.000000000,0.036724243,-0.006219253,0.985556006,0.169235840,-0.036193799,-0.169350073,0.984891236,70.0000000,1280,720,minecraft:overworld,flashback_export_aligned
1,20260914-203609-flashback_export,flashback_export,92,34553843903900,-552.401883947,88.619999886,244.492937960,-177.8953857,-9.7500324,-0.084968127,0.018298781,-0.001560721,-0.996214390,0.999325514,-0.000000000,0.036724243,-0.006219253,0.985556006,0.169235840,-0.036193799,-0.169350073,0.984891236,70.0000000,1280,720,minecraft:overworld,flashback_export_aligned
1,20260914-203609-flashback_export,flashback_export,93,34553867296400,-552.401883947,88.619999886,244.492937960,-177.8953857,-9.7500324,-0.084968127,0.018298781,-0.001560721,-0.996214390,0.999325514,-0.000000000,0.036724243,-0.006219253,0.985556006,0.169235840,-0.036193799,-0.169350073,0.984891236,70.0000000,1280,720,minecraft:overworld,flashback_export_aligned
1,20260914-203609-flashback_export,flashback_export,94,34553886663600,-552.401883947,88.619999886,244.492937960,-177.8953857,-9.7500324,-0.084968127,0.018298781,-0.001560721,-0.996214390,0.999325514,-0.000000000,0.036724243,-0.006219253,0.985556006,0.169235840,-0.036193799,-0.169350073,0.984891236,70.0000000,1280,720,minecraft:overworld,flashback_export_aligned
1,20260914-203609-flashback_export,flashback_export,95,34553906046900,-552.401883947,88.619999886,244.492937960,-177.8953857,-9.7500324,-0.084968127,0.018298781,-0.001560721,-0.996214390,0.999325514,-0.000000000,0.036724243,-0.006219253,0.985556006,0.169235840,-0.036193799,-0.169350073,0.984891236,70.0000000,1280,720,minecraft:overworld,flashback_export_aligned
1,20260914-203609-flashback_export,flashback_export,96,34553928543300,-552.401883947,88.619999886,244.492937960,-177.8953857,-9.7500324,-0.084968127,0.018298781,-0.001560721,-0.996214390,0.999325514,-0.000000000,0.036724243,-0.006219253,0.985556006,0.169235840,-0.036193799,-0.169350073,0.984891236,70.0000000,1280,720,minecraft:overworld,flashback_export_aligned
1,20260914-203609-flashback_export,flashback_export,97,34553950193400,-552.401883947,88.619999886,244.492937960,-177.8953857,-9.7500324,-0.084968127,0.018298781,-0.001560721,-0.996214390,0.999325514,-0.000000000,0.036724243,-0.006219253,0.985556006,0.169235840,-0.036193799,-0.169350073,0.984891236,70.0000000,1280,720,minecraft:overworld,flashback_export_aligned
1,20260914-203609-flashback_export,flashback_export,98,34553969505400,-552.401883947,88.619999886,244.492937960,-177.8953857,-9.7500324,-0.084968127,0.018298781,-0.001560721,-0.996214390,0.999325514,-0.000000000,0.036724243,-0.006219253,0.985556006,0.169235840,-0.036193799,-0.169350073,0.984891236,70.0000000,1280,720,minecraft:overworld,flashback_export_aligned
1,20260914-203609-flashback_export,flashback_export,99,34553992244100,-552.401883947,88.619999886,244.492937960,-177.8953857,-9.7500324,-0.084968127,0.018298781,-0.001560721,-0.996214390,0.999325514,-0.000000000,0.036724243,-0.006219253,0.985556006,0.169235840,-0.036193799,-0.169350073,0.984891236,70.0000000,1280,720,minecraft:overworld,flashback_export_aligned
1,20260914-203609-flashback_export,flashback_export,100,34554012007500,-552.401883947,88.561666608,244.492937960,-177.8953857,-9.7500324,-0.084968127,0.018298781,-0.001560721,-0.996214390,0.999325514,-0.000000000,0.036724243,-0.006219253,0.985556006,0.169235840,-0.036193799,-0.169350073,0.984891236,70.0000000,1280,720,minecraft:overworld,flashback_export_aligned
1,20260914-203609-flashback_export,flashback_export,101,34554017912500,-552.401883947,88.503333211,244.492937960,-177.8953857,-9.7500324,-0.084968127,0.018298781,-0.001560721,-0.996214390,0.999325514,-0.000000000,0.036724243,-0.006219253,0.985556006,0.169235840,-0.036193799,-0.169350073,0.984891236,70.0000000,1280,720,minecraft:overworld,flashback_export_aligned
1,20260914-203609-flashback_export,flashback_export,102,34554056662000,-552.401883947,88.444999933,244.492937960,-177.8953857,-9.7500324,-0.084968127,0.018298781,-0.001560721,-0.996214390,0.999325514,-0.000000000,0.036724243,-0.006219253,0.985556006,0.169235840,-0.036193799,-0.169350073,0.984891236,70.0000000,1280,720,minecraft:overworld,flashback_export_aligned
1,20260914-203609-flashback_export,flashback_export,103,34554076300000,-552.401883947,88.415833235,244.492937960,-177.8953857,-9.7500324,-0.084968127,0.018298781,-0.001560721,-0.996214390,0.999325514,-0.000000000,0.036724243,-0.006219253,0.985556006,0.169235840,-0.036193799,-0.169350073,0.984891236,70.0000000,1280,720,minecraft:overworld,flashback_export_aligned
1,20260914-203609-flashback_export,flashback_export,104,34554095754500,-552.401883947,88.386666656,244.492937960,-177.8953857,-9.7500324,-0.084968127,0.018298781,-0.001560721,-0.996214390,0.999325514,-0.000000000,0.036724243,-0.006219253,0.985556006,0.169235840,-0.036193799,-0.169350073,0.984891236,70.0000000,1280,720,minecraft:overworld,flashback_export_aligned
1,20260914-203609-flashback_export,flashback_export,105,34554118549700,-552.401883947,88.357499957,244.492937960,-177.8953857,-9.7500324,-0.084968127,0.018298781,-0.001560721,-0.996214390,0.999325514,-0.000000000,0.036724243,-0.006219253,0.985556006,0.169235840,-0.036193799,-0.169350073,0.984891236,70.0000000,1280,720,minecraft:overworld,flashback_export_aligned
1,20260914-203609-flashback_export,flashback_export,106,34554138428700,-552.401883947,88.342916608,244.492937960,-177.8953857,-9.7500324,-0.084968127,0.018298781,-0.001560721,-0.996214390,0.999325514,-0.000000000,0.036724243,-0.006219253,0.985556006,0.169235840,-0.036193799,-0.169350073,0.984891236,70.0000000,1280,720,minecraft:overworld,flashback_export_aligned
1,20260914-203609-flashback_export,flashback_export,107,34554157956500,-552.401883947,88.328333378,244.492937960,-177.8953857,-9.7500324,-0.084968127,0.018298781,-0.001560721,-0.996214390,0.999325514,-0.000000000,0.036724243,-0.006219253,0.985556006,0.169235840,-0.036193799,-0.169350073,0.984891236,70.0000000,1280,720,minecraft:overworld,flashback_export_aligned
1,20260914-203609-flashback_export,flashback_export,108,34554180559700,-552.401883947,88.313750029,244.492937960,-177.8953857,-9.7500324,-0.084968127,0.018298781,-0.001560721,-0.996214390,0.999325514,-0.000000000,0.036724243,-0.006219253,0.985556006,0.169235840,-0.036193799,-0.169350073,0.984891236,70.0000000,1280,720,minecraft:overworld,flashback_export_aligned
1,20260914-203609-flashback_export,flashback_export,109,34554201220300,-552.401883947,88.306458354,244.492937960,-177.8953857,-9.7500324,-0.084968127,0.018298781,-0.001560721,-0.996214390,0.999325514,-0.000000000,0.036724243,-0.006219253,0.985556006,0.169235840,-0.036193799,-0.169350073,0.984891236,70.0000000,1280,720,minecraft:overworld,flashback_export_aligned
1,20260914-203609-flashback_export,flashback_export,110,34554220855400,-552.401883947,88.299166679,244.492937960,-177.8953857,-9.7500324,-0.084968127,0.018298781,-0.001560721,-0.996214390,0.999325514,-0.000000000,0.036724243,-0.006219253,0.985556006,0.169235840,-0.036193799,-0.169350073,0.984891236,70.0000000,1280,720,minecraft:overworld,flashback_export_aligned
1,20260914-203609-flashback_export,flashback_export,111,34554244971000,-552.401883947,88.291875005,244.492937960,-177.8953857,-9.7500324,-0.084968127,0.018298781,-0.001560721,-0.996214390,0.999325514,-0.000000000,0.036724243,-0.006219253,0.985556006,0.169235840,-0.036193799,-0.169350073,0.984891236,70.0000000,1280,720,minecraft:overworld,flashback_export_aligned
1,20260914-203609-flashback_export,flashback_export,112,34554266038500,-552.401883947,88.288229108,244.492937960,-177.8953857,-9.7500324,-0.084968127,0.018298781,-0.001560721,-0.996214390,0.999325514,-0.000000000,0.036724243,-0.006219253,0.985556006,0.169235840,-0.036193799,-0.169350073,0.984891236,70.0000000,1280,720,minecraft:overworld,flashback_export_aligned
1,20260914-203609-flashback_export,flashback_export,113,34554285899700,-552.401883947,88.284583330,244.492937960,-177.8953857,-9.7500324,-0.084968127,0.018298781,-0.001560721,-0.996214390,0.999325514,-0.000000000,0.036724243,-0.006219253,0.985556006,0.169235840,-0.036193799,-0.169350073,0.984891236,70.0000000,1280,720,minecraft:overworld,flashback_export_aligned
1,20260914-203609-flashback_export,flashback_export,114,34554309005500,-552.401883947,88.280937433,244.492937960,-177.8953857,-9.7500324,-0.084968127,0.018298781,-0.001560721,-0.996214390,0.999325514,-0.000000000,0.036724243,-0.006219253,0.985556006,0.169235840,-0.036193799,-0.169350073,0.984891236,70.0000000,1280,720,minecraft:overworld,flashback_export_aligned
1,20260914-203609-flashback_export,flashback_export,115,34554329185800,-552.401883947,88.279114485,244.492937960,-177.8953857,-9.7500324,-0.084968127,0.018298781,-0.001560721,-0.996214390,0.999325514,-0.000000000,0.036724243,-0.006219253,0.985556006,0.169235840,-0.036193799,-0.169350073,0.984891236,70.0000000,1280,720,minecraft:overworld,flashback_export_aligned
1,20260914-203609-flashback_export,flashback_export,116,34554352225300,-552.401883947,88.277291656,244.492937960,-177.8953857,-9.7500324,-0.084968127,0.018298781,-0.001560721,-0.996214390,0.999325514,-0.000000000,0.036724243,-0.006219253,0.985556006,0.169235840,-0.036193799,-0.169350073,0.984891236,70.0000000,1280,720,minecraft:overworld,flashback_export_aligned
1,20260914-203609-flashback_export,flashback_export,117,34554376806900,-552.401883947,88.275468707,244.492937960,-177.8953857,-9.7500324,-0.084968127,0.018298781,-0.001560721,-0.996214390,0.999325514,-0.000000000,0.036724243,-0.006219253,0.985556006,0.169235840,-0.036193799,-0.169350073,0.984891236,70.0000000,1280,720,minecraft:overworld,flashback_export_aligned
1,20260914-203609-flashback_export,flashback_export,118,34554401127400,-552.401883947,88.274557233,244.492937960,-177.8953857,-9.7500324,-0.084968127,0.018298781,-0.001560721,-0.996214390,0.999325514,-0.000000000,0.036724243,-0.006219253,0.985556006,0.169235840,-0.036193799,-0.169350073,0.984891236,70.0000000,1280,720,minecraft:overworld,flashback_export_aligned
1,20260914-203609-flashback_export,flashback_export,119,34554422872700,-552.401883947,88.273645878,244.492937960,-177.8953857,-9.7500324,-0.084968127,0.018298781,-0.001560721,-0.996214390,0.999325514,-0.000000000,0.036724243,-0.006219253,0.985556006,0.169235840,-0.036193799,-0.169350073,0.984891236,70.0000000,1280,720,minecraft:overworld,flashback_export_aligned
1,20260914-203609-flashback_export,flashback_export,120,34554449885200,-552.401883947,88.272734404,244.492937960,-177.8953857,-9.7500324,-0.084968127,0.018298781,-0.001560721,-0.996214390,0.999325514,-0.000000000,0.036724243,-0.006219253,0.985556006,0.169235840,-0.036193799,-0.169350073,0.984891236,70.0000000,1280,720,minecraft:overworld,flashback_export_aligned
1,20260914-203609-flashback_export,flashback_export,121,34554476118100,-552.403424730,88.272278666,244.492881209,-177.8953857,-9.7500324,-0.084968127,0.018298781,-0.001560721,-0.996214390,0.999325514,-0.000000000,0.036724243,-0.006219253,0.985556006,0.169235840,-0.036193799,-0.169350073,0.984891236,70.0000000,1280,720,minecraft:overworld,flashback_export_aligned
1,20260914-203609-flashback_export,flashback_export,122,34554499050200,-552.404965513,88.271822929,244.492824459,-177.8953857,-9.7500324,-0.084968127,0.018298781,-0.001560721,-0.996214390,0.999325514,-0.000000000,0.036724243,-0.006219253,0.985556006,0.169235840,-0.036193799,-0.169350073,0.984891236,70.0000000,1280,720,minecraft:overworld,flashback_export_aligned
1,20260914-203609-flashback_export,flashback_export,123,34554527740000,-552.401883947,88.271367192,244.492937960,-177.8953857,-9.7500324,-0.084968127,0.018298781,-0.001560721,-0.996214390,0.999325514,-0.000000000,0.036724243,-0.006219253,0.985556006,0.169235840,-0.036193799,-0.169350073,0.984891236,70.0000000,1280,720,minecraft:overworld,flashback_export_aligned
1,20260914-203609-flashback_export,flashback_export,124,34554553260000,-552.412278624,88.271139264,244.492555101,-177.8953857,-9.7500324,-0.084968127,0.018298781,-0.001560721,-0.996214390,0.999325514,-0.000000000,0.036724243,-0.006219253,0.985556006,0.169235840,-0.036193799,-0.169350073,0.984891236,70.0000000,1280,720,minecraft:overworld,flashback_export_aligned
1,20260914-203609-flashback_export,flashback_export,125,34554577988000,-552.422673301,88.270911455,244.492172243,-177.8953857,-9.7500324,-0.084968127,0.018298781,-0.001560721,-0.996214390,0.999325514,-0.000000000,0.036724243,-0.006219253,0.985556006,0.169235840,-0.036193799,-0.169350073,0.984891236,70.0000000,1280,720,minecraft:overworld,flashback_export_aligned
1,20260914-203609-flashback_export,flashback_export,126,34554605561300,-552.431264028,88.270683527,244.491855827,-177.8953857,-9.7500324,-0.084968127,0.018298781,-0.001560721,-0.996214390,0.999325514,-0.000000000,0.036724243,-0.006219253,0.985556006,0.169235840,-0.036193799,-0.169350073,0.984891236,70.0000000,1280,720,minecraft:overworld,flashback_export_aligned
1,20260914-203609-flashback_export,flashback_export,127,34554627708400,-552.446732883,88.270569563,244.491286076,-177.8953857,-9.7500324,-0.084968127,0.018298781,-0.001560721,-0.996214390,0.999325514,-0.000000000,0.036724243,-0.006219253,0.985556006,0.169235840,-0.036193799,-0.169350073,0.984891236,70.0000000,1280,720,minecraft:overworld,flashback_export_aligned
1,20260914-203609-flashback_export,flashback_export,128,34554651089900,-552.462201738,88.270455718,244.490716324,-177.8953857,-9.7500324,-0.084968127,0.018298781,-0.001560721,-0.996214390,0.999325514,-0.000000000,0.036724243,-0.006219253,0.985556006,0.169235840,-0.036193799,-0.169350073,0.984891236,70.0000000,1280,720,minecraft:overworld,flashback_export_aligned
1,20260914-203609-flashback_export,flashback_export,129,34554674997600,-552.476685635,88.270341754,244.490182850,-177.8953857,-9.7500324,-0.084968127,0.018298781,-0.001560721,-0.996214390,0.999325514,-0.000000000,0.036724243,-0.006219253,0.985556006,0.169235840,-0.036193799,-0.169350073,0.984891236,70.0000000,1280,720,minecraft:overworld,flashback_export_aligned
1,20260914-203609-flashback_export,flashback_export,130,34554699304100,-552.494924991,88.270284772,244.489511055,-177.8953857,-9.7500324,-0.084968127,0.018298781,-0.001560721,-0.996214390,0.999325514,-0.000000000,0.036724243,-0.006219253,0.985556006,0.169235840,-0.036193799,-0.169350073,0.984891236,70.0000000,1280,720,minecraft:overworld,flashback_export_aligned
1,20260914-203609-flashback_export,flashback_export,131,34554722988500,-552.513164348,88.270227909,244.488839260,-177.8953857,-9.7500324,-0.084968127,0.018298781,-0.001560721,-0.996214390,0.999325514,-0.000000000,0.036724243,-0.006219253,0.985556006,0.169235840,-0.036193799,-0.169350073,0.984891236,70.0000000,1280,720,minecraft:overworld,flashback_export_aligned
1,20260914-203609-flashback_export,flashback_export,132,34554749793600,-552.530865915,88.270170927,244.488187272,-177.8953857,-9.7500324,-0.084968127,0.018298781,-0.001560721,-0.996214390,0.999325514,-0.000000000,0.036724243,-0.006219253,0.985556006,0.169235840,-0.036193799,-0.169350073,0.984891236,70.0000000,1280,720,minecraft:overworld,flashback_export_aligned
1,20260914-203609-flashback_export,flashback_export,133,34554775004400,-552.550617966,88.270142436,244.487459761,-177.8953857,-9.7500324,-0.084968127,0.018298781,-0.001560721,-0.996214390,0.999325514,-0.000000000,0.036724243,-0.006219253,0.985556006,0.169235840,-0.036193799,-0.169350073,0.984891236,70.0000000,1280,720,minecraft:overworld,flashback_export_aligned
1,20260914-203609-flashback_export,flashback_export,134,34554798222100,-552.570370017,88.270113945,244.486732250,-177.8953857,-9.7500324,-0.084968127,0.018298781,-0.001560721,-0.996214390,0.999325514,-0.000000000,0.036724243,-0.006219253,0.985556006,0.169235840,-0.036193799,-0.169350073,0.984891236,70.0000000,1280,720,minecraft:overworld,flashback_export_aligned
1,20260914-203609-flashback_export,flashback_export,135,34554824800400,-552.589828432,88.270085454,244.486015554,-177.8953857,-9.7500324,-0.084968127,0.018298781,-0.001560721,-0.996214390,0.999325514,-0.000000000,0.036724243,-0.006219253,0.985556006,0.169235840,-0.036193799,-0.169350073,0.984891236,70.0000000,1280,720,minecraft:overworld,flashback_export_aligned
1,20260914-203609-flashback_export,flashback_export,136,34554847493400,-552.610406414,88.270071149,244.485257622,-177.8953857,-9.7500324,-0.084968127,0.018298781,-0.001560721,-0.996214390,0.999325514,-0.000000000,0.036724243,-0.006219253,0.985556006,0.169235840,-0.036193799,-0.169350073,0.984891236,70.0000000,1280,720,minecraft:overworld,flashback_export_aligned
1,20260914-203609-flashback_export,flashback_export,137,34554872861100,-552.630984396,88.270056963,244.484499690,-177.8953857,-9.7500324,-0.084968127,0.018298781,-0.001560721,-0.996214390,0.999325514,-0.000000000,0.036724243,-0.006219253,0.985556006,0.169235840,-0.036193799,-0.169350073,0.984891236,70.0000000,1280,720,minecraft:overworld,flashback_export_aligned
1,20260914-203609-flashback_export,flashback_export,138,34554898718700,-552.651402051,88.270042658,244.483747663,-177.8953857,-9.7500324,-0.084968127,0.018298781,-0.001560721,-0.996214390,0.999325514,-0.000000000,0.036724243,-0.006219253,0.985556006,0.169235840,-0.036193799,-0.169350073,0.984891236,70.0000000,1280,720,minecraft:overworld,flashback_export_aligned
1,20260914-203609-flashback_export,flashback_export,139,34554920848600,-552.672430992,88.270035505,244.482973122,-177.8953857,-9.7500324,-0.084968127,0.018298781,-0.001560721,-0.996214390,0.999325514,-0.000000000,0.036724243,-0.006219253,0.985556006,0.169235840,-0.036193799,-0.169350073,0.984891236,70.0000000,1280,720,minecraft:overworld,flashback_export_aligned
1,20260914-203609-flashback_export,flashback_export,140,34554941024100,-552.693459932,88.270028472,244.482198580,-177.8953857,-9.7500324,-0.084968127,0.018298781,-0.001560721,-0.996214390,0.999325514,-0.000000000,0.036724243,-0.006219253,0.985556006,0.169235840,-0.036193799,-0.169350073,0.984891236,70.0000000,1280,720,minecraft:overworld,flashback_export_aligned
1,20260914-203609-flashback_export,flashback_export,141,34554965132900,-552.714401332,88.270021319,244.481427262,-177.8953857,-9.7500324,-0.084968127,0.018298781,-0.001560721,-0.996214390,0.999325514,-0.000000000,0.036724243,-0.006219253,0.985556006,0.169235840,-0.036193799,-0.169350073,0.984891236,70.0000000,1280,720,minecraft:overworld,flashback_export_aligned
1,20260914-203609-flashback_export,flashback_export,142,34554987082100,-552.735678689,88.270017743,244.480643571,-177.8953857,-9.7500324,-0.084968127,0.018298781,-0.001560721,-0.996214390,0.999325514,-0.000000000,0.036724243,-0.006219253,0.985556006,0.169235840,-0.036193799,-0.169350073,0.984891236,70.0000000,1280,720,minecraft:overworld,flashback_export_aligned
1,20260914-203609-flashback_export,flashback_export,143,34555009483200,-552.756956046,88.270014286,244.479859879,-177.8953857,-9.7500324,-0.084968127,0.018298781,-0.001560721,-0.996214390,0.999325514,-0.000000000,0.036724243,-0.006219253,0.985556006,0.169235840,-0.036193799,-0.169350073,0.984891236,70.0000000,1280,720,minecraft:overworld,flashback_export_aligned
1,20260914-203609-flashback_export,flashback_export,144,34555033936700,-552.778179023,88.270010710,244.479078191,-177.8953857,-9.7500324,-0.084968127,0.018298781,-0.001560721,-0.996214390,0.999325514,-0.000000000,0.036724243,-0.006219253,0.985556006,0.169235840,-0.036193799,-0.169350073,0.984891236,70.0000000,1280,720,minecraft:overworld,flashback_export_aligned
1,20260914-203609-flashback_export,flashback_export,145,34555057124100,-552.799588625,88.270008922,244.478289628,-177.8953857,-9.7500324,-0.084968127,0.018298781,-0.001560721,-0.996214390,0.999325514,-0.000000000,0.036724243,-0.006219253,0.985556006,0.169235840,-0.036193799,-0.169350073,0.984891236,70.0000000,1280,720,minecraft:overworld,flashback_export_aligned
1,20260914-203609-flashback_export,flashback_export,146,34555076908800,-552.820998227,88.270007133,244.477501066,-177.8953857,-9.7500324,-0.084968127,0.018298781,-0.001560721,-0.996214390,0.999325514,-0.000000000,0.036724243,-0.006219253,0.985556006,0.169235840,-0.036193799,-0.169350073,0.984891236,70.0000000,1280,720,minecraft:overworld,flashback_export_aligned
1,20260914-203609-flashback_export,flashback_export,147,34555100626200,-552.842381728,88.270005345,244.476713465,-177.8953857,-9.7500324,-0.084968127,0.018298781,-0.001560721,-0.996214390,0.999325514,-0.000000000,0.036724243,-0.006219253,0.985556006,0.169235840,-0.036193799,-0.169350073,0.984891236,70.0000000,1280,720,minecraft:overworld,flashback_export_aligned
1,20260914-203609-flashback_export,flashback_export,148,34555120971900,-552.863864732,88.270004392,244.475922199,-177.8953857,-9.7500324,-0.084968127,0.018298781,-0.001560721,-0.996214390,0.999325514,-0.000000000,0.036724243,-0.006219253,0.985556006,0.169235840,-0.036193799,-0.169350073,0.984891236,70.0000000,1280,720,minecraft:overworld,flashback_export_aligned
1,20260914-203609-flashback_export,flashback_export,149,34555139832600,-552.885347737,88.270003557,244.475130933,-177.8953857,-9.7500324,-0.084968127,0.018298781,-0.001560721,-0.996214390,0.999325514,-0.000000000,0.036724243,-0.006219253,0.985556006,0.169235840,-0.036193799,-0.169350073,0.984891236,70.0000000,1280,720,minecraft:overworld,flashback_export_aligned
1,20260914-203609-flashback_export,flashback_export,150,34555162042100,-552.906816489,88.270002604,244.474340192,-177.8953857,-9.7500324,-0.084968127,0.018298781,-0.001560721,-0.996214390,0.999325514,-0.000000000,0.036724243,-0.006219253,0.985556006,0.169235840,-0.036193799,-0.169350073,0.984891236,70.0000000,1280,720,minecraft:overworld,flashback_export_aligned
1,20260914-203609-flashback_export,flashback_export,151,34555183792200,-552.928340272,88.270002127,244.473547424,-177.8953857,-9.7500324,-0.084968127,0.018298781,-0.001560721,-0.996214390,0.999325514,-0.000000000,0.036724243,-0.006219253,0.985556006,0.169235840,-0.036193799,-0.169350073,0.984891236,70.0000000,1280,720,minecraft:overworld,flashback_export_aligned
1,20260914-203609-flashback_export,flashback_export,152,34555203613000,-552.949864054,88.270001769,244.472754656,-177.8953857,-9.7500324,-0.084968127,0.018298781,-0.001560721,-0.996214390,0.999325514,-0.000000000,0.036724243,-0.006219253,0.985556006,0.169235840,-0.036193799,-0.169350073,0.984891236,70.0000000,1280,720,minecraft:overworld,flashback_export_aligned
1,20260914-203609-flashback_export,flashback_export,153,34555226696600,-552.971377953,88.270001292,244.471962252,-177.8953857,-9.7500324,-0.084968127,0.018298781,-0.001560721,-0.996214390,0.999325514,-0.000000000,0.036724243,-0.006219253,0.985556006,0.169235840,-0.036193799,-0.169350073,0.984891236,70.0000000,1280,720,minecraft:overworld,flashback_export_aligned
1,20260914-203609-flashback_export,flashback_export,154,34555247773900,-552.992923482,88.270001054,244.471168683,-177.8953857,-9.7500324,-0.084968127,0.018298781,-0.001560721,-0.996214390,0.999325514,-0.000000000,0.036724243,-0.006219253,0.985556006,0.169235840,-0.036193799,-0.169350073,0.984891236,70.0000000,1280,720,minecraft:overworld,flashback_export_aligned
1,20260914-203609-flashback_export,flashback_export,155,34555267724500,-553.014469011,88.270000935,244.470375114,-177.8953857,-9.7500324,-0.084968127,0.018298781,-0.001560721,-0.996214390,0.999325514,-0.000000000,0.036724243,-0.006219253,0.985556006,0.169235840,-0.036193799,-0.169350073,0.984891236,70.0000000,1280,720,minecraft:overworld,flashback_export_aligned
1,20260914-203609-flashback_export,flashback_export,156,34555290028100,-553.036008598,88.270000696,244.469581764,-177.8953857,-9.7500324,-0.084968127,0.018298781,-0.001560721,-0.996214390,0.999325514,-0.000000000,0.036724243,-0.006219253,0.985556006,0.169235840,-0.036193799,-0.169350073,0.984891236,70.0000000,1280,720,minecraft:overworld,flashback_export_aligned
1,20260914-203609-flashback_export,flashback_export,157,34555310866600,-553.057565915,88.270000577,244.468787761,-177.8953857,-9.7500324,-0.084968127,0.018298781,-0.001560721,-0.996214390,0.999325514,-0.000000000,0.036724243,-0.006219253,0.985556006,0.169235840,-0.036193799,-0.169350073,0.984891236,70.0000000,1280,720,minecraft:overworld,flashback_export_aligned
1,20260914-203609-flashback_export,flashback_export,158,34555330659500,-553.079123232,88.270000458,244.467993758,-177.8953857,-9.7500324,-0.084968127,0.018298781,-0.001560721,-0.996214390,0.999325514,-0.000000000,0.036724243,-0.006219253,0.985556006,0.169235840,-0.036193799,-0.169350073,0.984891236,70.0000000,1280,720,minecraft:overworld,flashback_export_aligned
1,20260914-203609-flashback_export,flashback_export,159,34555355051600,-553.100677014,88.270000339,244.467199886,-177.8953857,-9.7500324,-0.084968127,0.018298781,-0.001560721,-0.996214390,0.999325514,-0.000000000,0.036724243,-0.006219253,0.985556006,0.169235840,-0.036193799,-0.169350073,0.984891236,70.0000000,1280,720,minecraft:overworld,flashback_export_aligned
1,20260914-203609-flashback_export,flashback_export,160,34555379095600,-553.122240721,88.270000339,244.466405647,-177.8953857,-9.7500324,-0.084968127,0.018298781,-0.001560721,-0.996214390,0.999325514,-0.000000000,0.036724243,-0.006219253,0.985556006,0.169235840,-0.036193799,-0.169350073,0.984891236,70.0000000,1280,720,minecraft:overworld,flashback_export_aligned
1,20260914-203609-flashback_export,flashback_export,161,34555400611000,-553.143804429,88.270000219,244.465611409,-177.8953857,-9.7500324,-0.084968127,0.018298781,-0.001560721,-0.996214390,0.999325514,-0.000000000,0.036724243,-0.006219253,0.985556006,0.169235840,-0.036193799,-0.169350073,0.984891236,70.0000000,1280,720,minecraft:overworld,flashback_export_aligned
1,20260914-203609-flashback_export,flashback_export,162,34555423908900,-553.165366054,88.270000219,244.464817247,-177.8953857,-9.7500324,-0.084968127,0.018298781,-0.001560721,-0.996214390,0.999325514,-0.000000000,0.036724243,-0.006219253,0.985556006,0.169235840,-0.036193799,-0.169350073,0.984891236,70.0000000,1280,720,minecraft:overworld,flashback_export_aligned
1,20260914-203609-flashback_export,flashback_export,163,34555443514700,-553.186933173,88.270000219,244.464022883,-177.8953857,-9.7500324,-0.084968127,0.018298781,-0.001560721,-0.996214390,0.999325514,-0.000000000,0.036724243,-0.006219253,0.985556006,0.169235840,-0.036193799,-0.169350073,0.984891236,70.0000000,1280,720,minecraft:overworld,flashback_export_aligned
1,20260914-203609-flashback_export,flashback_export,164,34555466277200,-553.208500292,88.270000100,244.463228519,-177.8953857,-9.7500324,-0.084968127,0.018298781,-0.001560721,-0.996214390,0.999325514,-0.000000000,0.036724243,-0.006219253,0.985556006,0.169235840,-0.036193799,-0.169350073,0.984891236,70.0000000,1280,720,minecraft:overworld,flashback_export_aligned
1,20260914-203609-flashback_export,flashback_export,165,34555487823200,-553.230066355,88.270000100,244.462434194,-177.8953857,-9.7500324,-0.084968127,0.018298781,-0.001560721,-0.996214390,0.999325514,-0.000000000,0.036724243,-0.006219253,0.985556006,0.169235840,-0.036193799,-0.169350073,0.984891236,70.0000000,1280,720,minecraft:overworld,flashback_export_aligned
1,20260914-203609-flashback_export,flashback_export,166,34555508322600,-553.251635316,88.270000100,244.461639762,-177.8953857,-9.7500324,-0.084968127,0.018298781,-0.001560721,-0.996214390,0.999325514,-0.000000000,0.036724243,-0.006219253,0.985556006,0.169235840,-0.036193799,-0.169350073,0.984891236,70.0000000,1280,720,minecraft:overworld,flashback_export_aligned
1,20260914-203609-flashback_export,flashback_export,167,34555529134200,-553.273204277,88.269999981,244.460845330,-177.8953857,-9.7500324,-0.084968127,0.018298781,-0.001560721,-0.996214390,0.999325514,-0.000000000,0.036724243,-0.006219253,0.985556006,0.169235840,-0.036193799,-0.169350073,0.984891236,70.0000000,1280,720,minecraft:overworld,flashback_export_aligned
1,20260914-203609-flashback_export,flashback_export,168,34555552386500,-553.294772804,88.269999981,244.460050914,-177.8953857,-9.7500324,-0.084968127,0.018298781,-0.001560721,-0.996214390,0.999325514,-0.000000000,0.036724243,-0.006219253,0.985556006,0.169235840,-0.036193799,-0.169350073,0.984891236,70.0000000,1280,720,minecraft:overworld,flashback_export_aligned
1,20260914-203609-flashback_export,flashback_export,169,34555573703900,-553.316342826,88.269999981,244.459256443,-177.8953857,-9.7500324,-0.084968127,0.018298781,-0.001560721,-0.996214390,0.999325514,-0.000000000,0.036724243,-0.006219253,0.985556006,0.169235840,-0.036193799,-0.169350073,0.984891236,70.0000000,1280,720,minecraft:overworld,flashback_export_aligned
1,20260914-203609-flashback_export,flashback_export,170,34555594449200,-553.337912848,88.269999981,244.458461972,-177.8953857,-9.7500324,-0.084968127,0.018298781,-0.001560721,-0.996214390,0.999325514,-0.000000000,0.036724243,-0.006219253,0.985556006,0.169235840,-0.036193799,-0.169350073,0.984891236,70.0000000,1280,720,minecraft:overworld,flashback_export_aligned
1,20260914-203609-flashback_export,flashback_export,171,34555620512400,-553.359482610,88.269999981,244.457667510,-177.8953857,-9.7500324,-0.084968127,0.018298781,-0.001560721,-0.996214390,0.999325514,-0.000000000,0.036724243,-0.006219253,0.985556006,0.169235840,-0.036193799,-0.169350073,0.984891236,70.0000000,1280,720,minecraft:overworld,flashback_export_aligned
1,20260914-203609-flashback_export,flashback_export,172,34555641909100,-553.381053203,88.269999981,244.456873018,-177.8953857,-9.7500324,-0.084968127,0.018298781,-0.001560721,-0.996214390,0.999325514,-0.000000000,0.036724243,-0.006219253,0.985556006,0.169235840,-0.036193799,-0.169350073,0.984891236,70.0000000,1280,720,minecraft:overworld,flashback_export_aligned
1,20260914-203609-flashback_export,flashback_export,173,34555664405200,-553.402623797,88.269999981,244.456078526,-177.8953857,-9.7500324,-0.084968127,0.018298781,-0.001560721,-0.996214390,0.999325514,-0.000000000,0.036724243,-0.006219253,0.985556006,0.169235840,-0.036193799,-0.169350073,0.984891236,70.0000000,1280,720,minecraft:overworld,flashback_export_aligned
1,20260914-203609-flashback_export,flashback_export,174,34555691056700,-553.424194248,88.269999981,244.455284039,-177.8953857,-9.7500324,-0.084968127,0.018298781,-0.001560721,-0.996214390,0.999325514,-0.000000000,0.036724243,-0.006219253,0.985556006,0.169235840,-0.036193799,-0.169350073,0.984891236,70.0000000,1280,720,minecraft:overworld,flashback_export_aligned
1,20260914-203609-flashback_export,flashback_export,175,34555713786700,-553.445765154,88.269999981,244.454489536,-177.8953857,-9.7500324,-0.084968127,0.018298781,-0.001560721,-0.996214390,0.999325514,-0.000000000,0.036724243,-0.006219253,0.985556006,0.169235840,-0.036193799,-0.169350073,0.984891236,70.0000000,1280,720,minecraft:overworld,flashback_export_aligned
1,20260914-203609-flashback_export,flashback_export,176,34555738178900,-553.467336059,88.269999981,244.453695032,-177.8953857,-9.7500324,-0.084968127,0.018298781,-0.001560721,-0.996214390,0.999325514,-0.000000000,0.036724243,-0.006219253,0.985556006,0.169235840,-0.036193799,-0.169350073,0.984891236,70.0000000,1280,720,minecraft:overworld,flashback_export_aligned
1,20260914-203609-flashback_export,flashback_export,177,34555765083300,-553.488906888,88.269999981,244.452900532,-177.8953857,-9.7500324,-0.084968127,0.018298781,-0.001560721,-0.996214390,0.999325514,-0.000000000,0.036724243,-0.006219253,0.985556006,0.169235840,-0.036193799,-0.169350073,0.984891236,70.0000000,1280,720,minecraft:overworld,flashback_export_aligned
1,20260914-203609-flashback_export,flashback_export,178,34555786073500,-553.510477965,88.269999981,244.452106022,-177.8953857,-9.7500324,-0.084968127,0.018298781,-0.001560721,-0.996214390,0.999325514,-0.000000000,0.036724243,-0.006219253,0.985556006,0.169235840,-0.036193799,-0.169350073,0.984891236,70.0000000,1280,720,minecraft:overworld,flashback_export_aligned
1,20260914-203609-flashback_export,flashback_export,179,34555806646500,-553.532049043,88.269999981,244.451311512,-177.8953857,-9.7500324,-0.084968127,0.018298781,-0.001560721,-0.996214390,0.999325514,-0.000000000,0.036724243,-0.006219253,0.985556006,0.169235840,-0.036193799,-0.169350073,0.984891236,70.0000000,1280,720,minecraft:overworld,flashback_export_aligned
1,20260914-203609-flashback_export,flashback_export,180,34555829898300,-553.553620074,88.269999981,244.450517004,-177.8953857,-9.7500324,-0.084968127,0.018298781,-0.001560721,-0.996214390,0.999325514,-0.000000000,0.036724243,-0.006219253,0.985556006,0.169235840,-0.036193799,-0.169350073,0.984891236,70.0000000,1280,720,minecraft:overworld,flashback_export_aligned
1,20260914-203609-flashback_export,flashback_export,181,34555850905900,-553.575191245,88.269999981,244.449722490,-177.8953857,-9.7500324,-0.084968127,0.018298781,-0.001560721,-0.996214390,0.999325514,-0.000000000,0.036724243,-0.006219253,0.985556006,0.169235840,-0.036193799,-0.169350073,0.984891236,70.0000000,1280,720,minecraft:overworld,flashback_export_aligned
1,20260914-203609-flashback_export,flashback_export,182,34555871068400,-553.596762417,88.269999981,244.448927977,-177.8953857,-9.7500324,-0.084968127,0.018298781,-0.001560721,-0.996214390,0.999325514,-0.000000000,0.036724243,-0.006219253,0.985556006,0.169235840,-0.036193799,-0.169350073,0.984891236,70.0000000,1280,720,minecraft:overworld,flashback_export_aligned
1,20260914-203609-flashback_export,flashback_export,183,34555894642000,-553.618333558,88.269999981,244.448133465,-177.8953857,-9.7500324,-0.084968127,0.018298781,-0.001560721,-0.996214390,0.999325514,-0.000000000,0.036724243,-0.006219253,0.985556006,0.169235840,-0.036193799,-0.169350073,0.984891236,70.0000000,1280,720,minecraft:overworld,flashback_export_aligned
1,20260914-203609-flashback_export,flashback_export,184,34555915672900,-553.639904777,88.269999981,244.447338950,-177.8953857,-9.7500324,-0.084968127,0.018298781,-0.001560721,-0.996214390,0.999325514,-0.000000000,0.036724243,-0.006219253,0.985556006,0.169235840,-0.036193799,-0.169350073,0.984891236,70.0000000,1280,720,minecraft:overworld,flashback_export_aligned
1,20260914-203609-flashback_export,flashback_export,185,34555936057800,-553.661475997,88.269999981,244.446544435,-177.8953857,-9.7500324,-0.084968127,0.018298781,-0.001560721,-0.996214390,0.999325514,-0.000000000,0.036724243,-0.006219253,0.985556006,0.169235840,-0.036193799,-0.169350073,0.984891236,70.0000000,1280,720,minecraft:overworld,flashback_export_aligned
1,20260914-203609-flashback_export,flashback_export,186,34555957924000,-553.683047205,88.269999981,244.445749920,-177.8953857,-9.7500324,-0.084968127,0.018298781,-0.001560721,-0.996214390,0.999325514,-0.000000000,0.036724243,-0.006219253,0.985556006,0.169235840,-0.036193799,-0.169350073,0.984891236,70.0000000,1280,720,minecraft:overworld,flashback_export_aligned
1,20260914-203609-flashback_export,flashback_export,187,34555978167400,-553.704618452,88.269999981,244.444955404,-177.8953857,-9.7500324,-0.084968127,0.018298781,-0.001560721,-0.996214390,0.999325514,-0.000000000,0.036724243,-0.006219253,0.985556006,0.169235840,-0.036193799,-0.169350073,0.984891236,70.0000000,1280,720,minecraft:overworld,flashback_export_aligned
1,20260914-203609-flashback_export,flashback_export,188,34555998271900,-553.726189699,88.269999981,244.444160888,-177.8953857,-9.7500324,-0.084968127,0.018298781,-0.001560721,-0.996214390,0.999325514,-0.000000000,0.036724243,-0.006219253,0.985556006,0.169235840,-0.036193799,-0.169350073,0.984891236,70.0000000,1280,720,minecraft:overworld,flashback_export_aligned
1,20260914-203609-flashback_export,flashback_export,189,34556018082900,-553.747760941,88.269999981,244.443366372,-177.8953857,-9.7500324,-0.084968127,0.018298781,-0.001560721,-0.996214390,0.999325514,-0.000000000,0.036724243,-0.006219253,0.985556006,0.169235840,-0.036193799,-0.169350073,0.984891236,70.0000000,1280,720,minecraft:overworld,flashback_export_aligned
1,20260914-203609-flashback_export,flashback_export,190,34556038044200,-553.769332205,88.269999981,244.442571855,-177.8953857,-9.7500324,-0.084968127,0.018298781,-0.001560721,-0.996214390,0.999325514,-0.000000000,0.036724243,-0.006219253,0.985556006,0.169235840,-0.036193799,-0.169350073,0.984891236,70.0000000,1280,720,minecraft:overworld,flashback_export_aligned
1,20260914-203609-flashback_export,flashback_export,191,34556059036800,-553.790903469,88.269999981,244.441777338,-177.8953857,-9.7500324,-0.084968127,0.018298781,-0.001560721,-0.996214390,0.999325514,-0.000000000,0.036724243,-0.006219253,0.985556006,0.169235840,-0.036193799,-0.169350073,0.984891236,70.0000000,1280,720,minecraft:overworld,flashback_export_aligned
1,20260914-203609-flashback_export,flashback_export,192,34556082868400,-553.812474726,88.269999981,244.440982822,-177.8953857,-9.7500324,-0.084968127,0.018298781,-0.001560721,-0.996214390,0.999325514,-0.000000000,0.036724243,-0.006219253,0.985556006,0.169235840,-0.036193799,-0.169350073,0.984891236,70.0000000,1280,720,minecraft:overworld,flashback_export_aligned
1,20260914-203609-flashback_export,flashback_export,193,34556102080400,-553.834045996,88.269999981,244.440188305,-177.8953857,-9.7500324,-0.084968127,0.018298781,-0.001560721,-0.996214390,0.999325514,-0.000000000,0.036724243,-0.006219253,0.985556006,0.169235840,-0.036193799,-0.169350073,0.984891236,70.0000000,1280,720,minecraft:overworld,flashback_export_aligned
1,20260914-203609-flashback_export,flashback_export,194,34556120956800,-553.855617267,88.269999981,244.439393788,-177.8953857,-9.7500324,-0.084968127,0.018298781,-0.001560721,-0.996214390,0.999325514,-0.000000000,0.036724243,-0.006219253,0.985556006,0.169235840,-0.036193799,-0.169350073,0.984891236,70.0000000,1280,720,minecraft:overworld,flashback_export_aligned
1,20260914-203609-flashback_export,flashback_export,195,34556142991100,-553.877188537,88.269999981,244.438599271,-177.8953857,-9.7500324,-0.084968127,0.018298781,-0.001560721,-0.996214390,0.999325514,-0.000000000,0.036724243,-0.006219253,0.985556006,0.169235840,-0.036193799,-0.169350073,0.984891236,70.0000000,1280,720,minecraft:overworld,flashback_export_aligned
1,20260914-203609-flashback_export,flashback_export,196,34556163375900,-553.898759813,88.269999981,244.437804754,-177.8953857,-9.7500324,-0.084968127,0.018298781,-0.001560721,-0.996214390,0.999325514,-0.000000000,0.036724243,-0.006219253,0.985556006,0.169235840,-0.036193799,-0.169350073,0.984891236,70.0000000,1280,720,minecraft:overworld,flashback_export_aligned
1,20260914-203609-flashback_export,flashback_export,197,34556168990800,-553.920331090,88.269999981,244.437010236,-177.8953857,-9.7500324,-0.084968127,0.018298781,-0.001560721,-0.996214390,0.999325514,-0.000000000,0.036724243,-0.006219253,0.985556006,0.169235840,-0.036193799,-0.169350073,0.984891236,70.0000000,1280,720,minecraft:overworld,flashback_export_aligned
1,20260914-203609-flashback_export,flashback_export,198,34556205630100,-553.941902362,88.269999981,244.436215719,-177.8953857,-9.7500324,-0.084968127,0.018298781,-0.001560721,-0.996214390,0.999325514,-0.000000000,0.036724243,-0.006219253,0.985556006,0.169235840,-0.036193799,-0.169350073,0.984891236,70.0000000,1280,720,minecraft:overworld,flashback_export_aligned
1,20260914-203609-flashback_export,flashback_export,199,34556227165100,-553.963473640,88.269999981,244.435421202,-177.8953857,-9.7500324,-0.084968127,0.018298781,-0.001560721,-0.996214390,0.999325514,-0.000000000,0.036724243,-0.006219253,0.985556006,0.169235840,-0.036193799,-0.169350073,0.984891236,70.0000000,1280,720,minecraft:overworld,flashback_export_aligned
1,20260914-203609-flashback_export,flashback_export,200,34556248910300,-553.985044918,88.269999981,244.434626685,-177.8953857,-9.7500324,-0.084968127,0.018298781,-0.001560721,-0.996214390,0.999325514,-0.000000000,0.036724243,-0.006219253,0.985556006,0.169235840,-0.036193799,-0.169350073,0.984891236,70.0000000,1280,720,minecraft:overworld,flashback_export_aligned
1,20260914-203609-flashback_export,flashback_export,201,34556270414600,-554.006616196,88.269999981,244.433832168,-177.8953857,-9.7500324,-0.084968127,0.018298781,-0.001560721,-0.996214390,0.999325514,-0.000000000,0.036724243,-0.006219253,0.985556006,0.169235840,-0.036193799,-0.169350073,0.984891236,70.0000000,1280,720,minecraft:overworld,flashback_export_aligned
1,20260914-203609-flashback_export,flashback_export,202,34556290678300,-554.028187477,88.269999981,244.433037650,-177.8953857,-9.7500324,-0.084968127,0.018298781,-0.001560721,-0.996214390,0.999325514,-0.000000000,0.036724243,-0.006219253,0.985556006,0.169235840,-0.036193799,-0.169350073,0.984891236,70.0000000,1280,720,minecraft:overworld,flashback_export_aligned
1,20260914-203609-flashback_export,flashback_export,203,34556310417900,-554.049758757,88.269999981,244.432243133,-177.8953857,-9.7500324,-0.084968127,0.018298781,-0.001560721,-0.996214390,0.999325514,-0.000000000,0.036724243,-0.006219253,0.985556006,0.169235840,-0.036193799,-0.169350073,0.984891236,70.0000000,1280,720,minecraft:overworld,flashback_export_aligned
1,20260914-203609-flashback_export,flashback_export,204,34556332856300,-554.071330034,88.269999981,244.431448616,-177.8953857,-9.7500324,-0.084968127,0.018298781,-0.001560721,-0.996214390,0.999325514,-0.000000000,0.036724243,-0.006219253,0.985556006,0.169235840,-0.036193799,-0.169350073,0.984891236,70.0000000,1280,720,minecraft:overworld,flashback_export_aligned
1,20260914-203609-flashback_export,flashback_export,205,34556353538900,-554.092901314,88.269999981,244.430654098,-177.8953857,-9.7500324,-0.084968127,0.018298781,-0.001560721,-0.996214390,0.999325514,-0.000000000,0.036724243,-0.006219253,0.985556006,0.169235840,-0.036193799,-0.169350073,0.984891236,70.0000000,1280,720,minecraft:overworld,flashback_export_aligned
1,20260914-203609-flashback_export,flashback_export,206,34556373931100,-554.114472594,88.269999981,244.429859581,-177.8953857,-9.7500324,-0.084968127,0.018298781,-0.001560721,-0.996214390,0.999325514,-0.000000000,0.036724243,-0.006219253,0.985556006,0.169235840,-0.036193799,-0.169350073,0.984891236,70.0000000,1280,720,minecraft:overworld,flashback_export_aligned
1,20260914-203609-flashback_export,flashback_export,207,34556399930600,-554.136043874,88.269999981,244.429065064,-177.8953857,-9.7500324,-0.084968127,0.018298781,-0.001560721,-0.996214390,0.999325514,-0.000000000,0.036724243,-0.006219253,0.985556006,0.169235840,-0.036193799,-0.169350073,0.984891236,70.0000000,1280,720,minecraft:overworld,flashback_export_aligned
1,20260914-203609-flashback_export,flashback_export,208,34556420658500,-554.157615154,88.269999981,244.428270546,-177.8953857,-9.7500324,-0.084968127,0.018298781,-0.001560721,-0.996214390,0.999325514,-0.000000000,0.036724243,-0.006219253,0.985556006,0.169235840,-0.036193799,-0.169350073,0.984891236,70.0000000,1280,720,minecraft:overworld,flashback_export_aligned
1,20260914-203609-flashback_export,flashback_export,209,34556440644200,-554.179186434,88.269999981,244.427476029,-177.8953857,-9.7500324,-0.084968127,0.018298781,-0.001560721,-0.996214390,0.999325514,-0.000000000,0.036724243,-0.006219253,0.985556006,0.169235840,-0.036193799,-0.169350073,0.984891236,70.0000000,1280,720,minecraft:overworld,flashback_export_aligned
1,20260914-203609-flashback_export,flashback_export,210,34556464171900,-554.200757715,88.269999981,244.426681511,-177.8953857,-9.7500324,-0.084968127,0.018298781,-0.001560721,-0.996214390,0.999325514,-0.000000000,0.036724243,-0.006219253,0.985556006,0.169235840,-0.036193799,-0.169350073,0.984891236,70.0000000,1280,720,minecraft:overworld,flashback_export_aligned
1,20260914-203609-flashback_export,flashback_export,211,34556485074600,-554.222328996,88.269999981,244.425886994,-177.8953857,-9.7500324,-0.084968127,0.018298781,-0.001560721,-0.996214390,0.999325514,-0.000000000,0.036724243,-0.006219253,0.985556006,0.169235840,-0.036193799,-0.169350073,0.984891236,70.0000000,1280,720,minecraft:overworld,flashback_export_aligned
1,20260914-203609-flashback_export,flashback_export,212,34556504033300,-554.243900276,88.269999981,244.425092477,-177.8953857,-9.7500324,-0.084968127,0.018298781,-0.001560721,-0.996214390,0.999325514,-0.000000000,0.036724243,-0.006219253,0.985556006,0.169235840,-0.036193799,-0.169350073,0.984891236,70.0000000,1280,720,minecraft:overworld,flashback_export_aligned
1,20260914-203609-flashback_export,flashback_export,213,34556525929400,-554.265471557,88.269999981,244.424297959,-177.8953857,-9.7500324,-0.084968127,0.018298781,-0.001560721,-0.996214390,0.999325514,-0.000000000,0.036724243,-0.006219253,0.985556006,0.169235840,-0.036193799,-0.169350073,0.984891236,70.0000000,1280,720,minecraft:overworld,flashback_export_aligned
1,20260914-203609-flashback_export,flashback_export,214,34556546486400,-554.287042839,88.269999981,244.423503442,-177.8953857,-9.7500324,-0.084968127,0.018298781,-0.001560721,-0.996214390,0.999325514,-0.000000000,0.036724243,-0.006219253,0.985556006,0.169235840,-0.036193799,-0.169350073,0.984891236,70.0000000,1280,720,minecraft:overworld,flashback_export_aligned
1,20260914-203609-flashback_export,flashback_export,215,34556552662800,-554.308614120,88.269999981,244.422708925,-177.8953857,-9.7500324,-0.084968127,0.018298781,-0.001560721,-0.996214390,0.999325514,-0.000000000,0.036724243,-0.006219253,0.985556006,0.169235840,-0.036193799,-0.169350073,0.984891236,70.0000000,1280,720,minecraft:overworld,flashback_export_aligned
1,20260914-203609-flashback_export,flashback_export,216,34556590567600,-554.330185400,88.269999981,244.421914407,-177.8953857,-9.7500324,-0.084968127,0.018298781,-0.001560721,-0.996214390,0.999325514,-0.000000000,0.036724243,-0.006219253,0.985556006,0.169235840,-0.036193799,-0.169350073,0.984891236,70.0000000,1280,720,minecraft:overworld,flashback_export_aligned
1,20260914-203609-flashback_export,flashback_export,217,34556610778900,-554.351756681,88.269999981,244.421119890,-177.8953857,-9.7500324,-0.084968127,0.018298781,-0.001560721,-0.996214390,0.999325514,-0.000000000,0.036724243,-0.006219253,0.985556006,0.169235840,-0.036193799,-0.169350073,0.984891236,70.0000000,1280,720,minecraft:overworld,flashback_export_aligned
1,20260914-203609-flashback_export,flashback_export,218,34556635672200,-554.373327961,88.269999981,244.420325373,-177.8953857,-9.7500324,-0.084968127,0.018298781,-0.001560721,-0.996214390,0.999325514,-0.000000000,0.036724243,-0.006219253,0.985556006,0.169235840,-0.036193799,-0.169350073,0.984891236,70.0000000,1280,720,minecraft:overworld,flashback_export_aligned
1,20260914-203609-flashback_export,flashback_export,219,34556657528600,-554.394899243,88.269999981,244.419530855,-177.8953857,-9.7500324,-0.084968127,0.018298781,-0.001560721,-0.996214390,0.999325514,-0.000000000,0.036724243,-0.006219253,0.985556006,0.169235840,-0.036193799,-0.169350073,0.984891236,70.0000000,1280,720,minecraft:overworld,flashback_export_aligned
1,20260914-203609-flashback_export,flashback_export,220,34556678528800,-554.416470524,88.269999981,244.418736338,-177.8953857,-9.7500324,-0.084968127,0.018298781,-0.001560721,-0.996214390,0.999325514,-0.000000000,0.036724243,-0.006219253,0.985556006,0.169235840,-0.036193799,-0.169350073,0.984891236,70.0000000,1280,720,minecraft:overworld,flashback_export_aligned
1,20260914-203609-flashback_export,flashback_export,221,34556701676400,-554.438041806,88.269999981,244.417941820,-177.8953857,-9.7500324,-0.084968127,0.018298781,-0.001560721,-0.996214390,0.999325514,-0.000000000,0.036724243,-0.006219253,0.985556006,0.169235840,-0.036193799,-0.169350073,0.984891236,70.0000000,1280,720,minecraft:overworld,flashback_export_aligned
1,20260914-203609-flashback_export,flashback_export,222,34556729179200,-554.459613086,88.269999981,244.417147303,-177.8953857,-9.7500324,-0.084968127,0.018298781,-0.001560721,-0.996214390,0.999325514,-0.000000000,0.036724243,-0.006219253,0.985556006,0.169235840,-0.036193799,-0.169350073,0.984891236,70.0000000,1280,720,minecraft:overworld,flashback_export_aligned
1,20260914-203609-flashback_export,flashback_export,223,34556755283000,-554.481184367,88.269999981,244.416352786,-177.8953857,-9.7500324,-0.084968127,0.018298781,-0.001560721,-0.996214390,0.999325514,-0.000000000,0.036724243,-0.006219253,0.985556006,0.169235840,-0.036193799,-0.169350073,0.984891236,70.0000000,1280,720,minecraft:overworld,flashback_export_aligned
1,20260914-203609-flashback_export,flashback_export,224,34556776412300,-554.502755648,88.269999981,244.415558268,-177.8953857,-9.7500324,-0.084968127,0.018298781,-0.001560721,-0.996214390,0.999325514,-0.000000000,0.036724243,-0.006219253,0.985556006,0.169235840,-0.036193799,-0.169350073,0.984891236,70.0000000,1280,720,minecraft:overworld,flashback_export_aligned
1,20260914-203609-flashback_export,flashback_export,225,34556801449500,-554.524326929,88.269999981,244.414763751,-177.8953857,-9.7500324,-0.084968127,0.018298781,-0.001560721,-0.996214390,0.999325514,-0.000000000,0.036724243,-0.006219253,0.985556006,0.169235840,-0.036193799,-0.169350073,0.984891236,70.0000000,1280,720,minecraft:overworld,flashback_export_aligned
1,20260914-203609-flashback_export,flashback_export,226,34556823512800,-554.545898209,88.269999981,244.413969234,-177.8953857,-9.7500324,-0.084968127,0.018298781,-0.001560721,-0.996214390,0.999325514,-0.000000000,0.036724243,-0.006219253,0.985556006,0.169235840,-0.036193799,-0.169350073,0.984891236,70.0000000,1280,720,minecraft:overworld,flashback_export_aligned
1,20260914-203609-flashback_export,flashback_export,227,34556845580500,-554.567469490,88.269999981,244.413174716,-177.8953857,-9.7500324,-0.084968127,0.018298781,-0.001560721,-0.996214390,0.999325514,-0.000000000,0.036724243,-0.006219253,0.985556006,0.169235840,-0.036193799,-0.169350073,0.984891236,70.0000000,1280,720,minecraft:overworld,flashback_export_aligned
1,20260914-203609-flashback_export,flashback_export,228,34556871541600,-554.589040772,88.269999981,244.412380199,-177.8953857,-9.7500324,-0.084968127,0.018298781,-0.001560721,-0.996214390,0.999325514,-0.000000000,0.036724243,-0.006219253,0.985556006,0.169235840,-0.036193799,-0.169350073,0.984891236,70.0000000,1280,720,minecraft:overworld,flashback_export_aligned
1,20260914-203609-flashback_export,flashback_export,229,34556894510700,-554.610612053,88.269999981,244.411585681,-177.8953857,-9.7500324,-0.084968127,0.018298781,-0.001560721,-0.996214390,0.999325514,-0.000000000,0.036724243,-0.006219253,0.985556006,0.169235840,-0.036193799,-0.169350073,0.984891236,70.0000000,1280,720,minecraft:overworld,flashback_export_aligned
1,20260914-203609-flashback_export,flashback_export,230,34556921038700,-554.632183335,88.269999981,244.410791164,-177.8953857,-9.7500324,-0.084968127,0.018298781,-0.001560721,-0.996214390,0.999325514,-0.000000000,0.036724243,-0.006219253,0.985556006,0.169235840,-0.036193799,-0.169350073,0.984891236,70.0000000,1280,720,minecraft:overworld,flashback_export_aligned
1,20260914-203609-flashback_export,flashback_export,231,34556945402400,-554.653754615,88.269999981,244.409996647,-177.8953857,-9.7500324,-0.084968127,0.018298781,-0.001560721,-0.996214390,0.999325514,-0.000000000,0.036724243,-0.006219253,0.985556006,0.169235840,-0.036193799,-0.169350073,0.984891236,70.0000000,1280,720,minecraft:overworld,flashback_export_aligned
1,20260914-203609-flashback_export,flashback_export,232,34556972793500,-554.675325895,88.269999981,244.409202129,-177.8953857,-9.7500324,-0.084968127,0.018298781,-0.001560721,-0.996214390,0.999325514,-0.000000000,0.036724243,-0.006219253,0.985556006,0.169235840,-0.036193799,-0.169350073,0.984891236,70.0000000,1280,720,minecraft:overworld,flashback_export_aligned
1,20260914-203609-flashback_export,flashback_export,233,34556994268200,-554.696897176,88.269999981,244.408407612,-177.8953857,-9.7500324,-0.084968127,0.018298781,-0.001560721,-0.996214390,0.999325514,-0.000000000,0.036724243,-0.006219253,0.985556006,0.169235840,-0.036193799,-0.169350073,0.984891236,70.0000000,1280,720,minecraft:overworld,flashback_export_aligned
1,20260914-203609-flashback_export,flashback_export,234,34557018680700,-554.718468458,88.269999981,244.407613095,-177.8953857,-9.7500324,-0.084968127,0.018298781,-0.001560721,-0.996214390,0.999325514,-0.000000000,0.036724243,-0.006219253,0.985556006,0.169235840,-0.036193799,-0.169350073,0.984891236,70.0000000,1280,720,minecraft:overworld,flashback_export_aligned
1,20260914-203609-flashback_export,flashback_export,235,34557039325500,-554.740039738,88.269999981,244.406818577,-177.8953857,-9.7500324,-0.084968127,0.018298781,-0.001560721,-0.996214390,0.999325514,-0.000000000,0.036724243,-0.006219253,0.985556006,0.169235840,-0.036193799,-0.169350073,0.984891236,70.0000000,1280,720,minecraft:overworld,flashback_export_aligned
1,20260914-203609-flashback_export,flashback_export,236,34557065690700,-554.761611019,88.269999981,244.406024060,-177.8953857,-9.7500324,-0.084968127,0.018298781,-0.001560721,-0.996214390,0.999325514,-0.000000000,0.036724243,-0.006219253,0.985556006,0.169235840,-0.036193799,-0.169350073,0.984891236,70.0000000,1280,720,minecraft:overworld,flashback_export_aligned
1,20260914-203609-flashback_export,flashback_export,237,34557089423000,-554.783182301,88.269999981,244.405229542,-177.8953857,-9.7500324,-0.084968127,0.018298781,-0.001560721,-0.996214390,0.999325514,-0.000000000,0.036724243,-0.006219253,0.985556006,0.169235840,-0.036193799,-0.169350073,0.984891236,70.0000000,1280,720,minecraft:overworld,flashback_export_aligned
1,20260914-203609-flashback_export,flashback_export,238,34557110462900,-554.804753581,88.269999981,244.404435025,-177.8953857,-9.7500324,-0.084968127,0.018298781,-0.001560721,-0.996214390,0.999325514,-0.000000000,0.036724243,-0.006219253,0.985556006,0.169235840,-0.036193799,-0.169350073,0.984891236,70.0000000,1280,720,minecraft:overworld,flashback_export_aligned
1,20260914-203609-flashback_export,flashback_export,239,34557131406200,-554.826324862,88.269999981,244.403640508,-177.8953857,-9.7500324,-0.084968127,0.018298781,-0.001560721,-0.996214390,0.999325514,-0.000000000,0.036724243,-0.006219253,0.985556006,0.169235840,-0.036193799,-0.169350073,0.984891236,70.0000000,1280,720,minecraft:overworld,flashback_export_aligned
1,20260914-203609-flashback_export,flashback_export,240,34557154782600,-554.847896144,88.269999981,244.402845990,-177.8953857,-9.7500324,-0.084968127,0.018298781,-0.001560721,-0.996214390,0.999325514,-0.000000000,0.036724243,-0.006219253,0.985556006,0.169235840,-0.036193799,-0.169350073,0.984891236,70.0000000,1280,720,minecraft:overworld,flashback_export_aligned
1,20260914-203609-flashback_export,flashback_export,241,34557174238900,-554.869467424,88.269999981,244.402051473,-177.8953857,-9.7500324,-0.084968127,0.018298781,-0.001560721,-0.996214390,0.999325514,-0.000000000,0.036724243,-0.006219253,0.985556006,0.169235840,-0.036193799,-0.169350073,0.984891236,70.0000000,1280,720,minecraft:overworld,flashback_export_aligned
1,20260914-203609-flashback_export,flashback_export,242,34557194281400,-554.891038705,88.269999981,244.401256956,-177.8953857,-9.7500324,-0.084968127,0.018298781,-0.001560721,-0.996214390,0.999325514,-0.000000000,0.036724243,-0.006219253,0.985556006,0.169235840,-0.036193799,-0.169350073,0.984891236,70.0000000,1280,720,minecraft:overworld,flashback_export_aligned
1,20260914-203609-flashback_export,flashback_export,243,34557218313700,-554.912609987,88.269999981,244.400462438,-177.8953857,-9.7500324,-0.084968127,0.018298781,-0.001560721,-0.996214390,0.999325514,-0.000000000,0.036724243,-0.006219253,0.985556006,0.169235840,-0.036193799,-0.169350073,0.984891236,70.0000000,1280,720,minecraft:overworld,flashback_export_aligned
1,20260914-203609-flashback_export,flashback_export,244,34557239404900,-554.934181267,88.269999981,244.399667921,-177.8953857,-9.7500324,-0.084968127,0.018298781,-0.001560721,-0.996214390,0.999325514,-0.000000000,0.036724243,-0.006219253,0.985556006,0.169235840,-0.036193799,-0.169350073,0.984891236,70.0000000,1280,720,minecraft:overworld,flashback_export_aligned
1,20260914-203609-flashback_export,flashback_export,245,34557259421800,-554.955752548,88.269999981,244.398873403,-177.8953857,-9.7500324,-0.084968127,0.018298781,-0.001560721,-0.996214390,0.999325514,-0.000000000,0.036724243,-0.006219253,0.985556006,0.169235840,-0.036193799,-0.169350073,0.984891236,70.0000000,1280,720,minecraft:overworld,flashback_export_aligned
1,20260914-203609-flashback_export,flashback_export,246,34557284414100,-554.977323830,88.269999981,244.398078886,-177.8953857,-9.7500324,-0.084968127,0.018298781,-0.001560721,-0.996214390,0.999325514,-0.000000000,0.036724243,-0.006219253,0.985556006,0.169235840,-0.036193799,-0.169350073,0.984891236,70.0000000,1280,720,minecraft:overworld,flashback_export_aligned
1,20260914-203609-flashback_export,flashback_export,247,34557304799800,-554.998895110,88.269999981,244.397284369,-177.8953857,-9.7500324,-0.084968127,0.018298781,-0.001560721,-0.996214390,0.999325514,-0.000000000,0.036724243,-0.006219253,0.985556006,0.169235840,-0.036193799,-0.169350073,0.984891236,70.0000000,1280,720,minecraft:overworld,flashback_export_aligned
1,20260914-203609-flashback_export,flashback_export,248,34557325567500,-555.020466391,88.269999981,244.396489851,-177.8953857,-9.7500324,-0.084968127,0.018298781,-0.001560721,-0.996214390,0.999325514,-0.000000000,0.036724243,-0.006219253,0.985556006,0.169235840,-0.036193799,-0.169350073,0.984891236,70.0000000,1280,720,minecraft:overworld,flashback_export_aligned
1,20260914-203609-flashback_export,flashback_export,249,34557349612600,-555.042037673,88.269999981,244.395695334,-177.8953857,-9.7500324,-0.084968127,0.018298781,-0.001560721,-0.996214390,0.999325514,-0.000000000,0.036724243,-0.006219253,0.985556006,0.169235840,-0.036193799,-0.169350073,0.984891236,70.0000000,1280,720,minecraft:overworld,flashback_export_aligned
1,20260914-203609-flashback_export,flashback_export,250,34557369856300,-555.063608953,88.269999981,244.394900817,-177.8953857,-9.7500324,-0.084968127,0.018298781,-0.001560721,-0.996214390,0.999325514,-0.000000000,0.036724243,-0.006219253,0.985556006,0.169235840,-0.036193799,-0.169350073,0.984891236,70.0000000,1280,720,minecraft:overworld,flashback_export_aligned
1,20260914-203609-flashback_export,flashback_export,251,34557389575000,-555.085180234,88.269999981,244.394106299,-177.8953857,-9.7500324,-0.084968127,0.018298781,-0.001560721,-0.996214390,0.999325514,-0.000000000,0.036724243,-0.006219253,0.985556006,0.169235840,-0.036193799,-0.169350073,0.984891236,70.0000000,1280,720,minecraft:overworld,flashback_export_aligned
1,20260914-203609-flashback_export,flashback_export,252,34557412923600,-555.106751516,88.269999981,244.393311782,-177.8953857,-9.7500324,-0.084968127,0.018298781,-0.001560721,-0.996214390,0.999325514,-0.000000000,0.036724243,-0.006219253,0.985556006,0.169235840,-0.036193799,-0.169350073,0.984891236,70.0000000,1280,720,minecraft:overworld,flashback_export_aligned
1,20260914-203609-flashback_export,flashback_export,253,34557435704700,-555.128322796,88.269999981,244.392517264,-177.8953857,-9.7500324,-0.084968127,0.018298781,-0.001560721,-0.996214390,0.999325514,-0.000000000,0.036724243,-0.006219253,0.985556006,0.169235840,-0.036193799,-0.169350073,0.984891236,70.0000000,1280,720,minecraft:overworld,flashback_export_aligned
1,20260914-203609-flashback_export,flashback_export,254,34557455368300,-555.149894077,88.269999981,244.391722747,-177.8953857,-9.7500324,-0.084968127,0.018298781,-0.001560721,-0.996214390,0.999325514,-0.000000000,0.036724243,-0.006219253,0.985556006,0.169235840,-0.036193799,-0.169350073,0.984891236,70.0000000,1280,720,minecraft:overworld,flashback_export_aligned
1,20260914-203609-flashback_export,flashback_export,255,34557476822600,-555.171465359,88.269999981,244.390928230,-177.8953857,-9.7500324,-0.084968127,0.018298781,-0.001560721,-0.996214390,0.999325514,-0.000000000,0.036724243,-0.006219253,0.985556006,0.169235840,-0.036193799,-0.169350073,0.984891236,70.0000000,1280,720,minecraft:overworld,flashback_export_aligned
1,20260914-203609-flashback_export,flashback_export,256,34557498097000,-555.193036639,88.269999981,244.390133712,-177.8953857,-9.7500324,-0.084968127,0.018298781,-0.001560721,-0.996214390,0.999325514,-0.000000000,0.036724243,-0.006219253,0.985556006,0.169235840,-0.036193799,-0.169350073,0.984891236,70.0000000,1280,720,minecraft:overworld,flashback_export_aligned
1,20260914-203609-flashback_export,flashback_export,257,34557518838300,-555.214607920,88.269999981,244.389339195,-177.8953857,-9.7500324,-0.084968127,0.018298781,-0.001560721,-0.996214390,0.999325514,-0.000000000,0.036724243,-0.006219253,0.985556006,0.169235840,-0.036193799,-0.169350073,0.984891236,70.0000000,1280,720,minecraft:overworld,flashback_export_aligned
1,20260914-203609-flashback_export,flashback_export,258,34557542752400,-555.236179202,88.269999981,244.388544677,-177.8953857,-9.7500324,-0.084968127,0.018298781,-0.001560721,-0.996214390,0.999325514,-0.000000000,0.036724243,-0.006219253,0.985556006,0.169235840,-0.036193799,-0.169350073,0.984891236,70.0000000,1280,720,minecraft:overworld,flashback_export_aligned
1,20260914-203609-flashback_export,flashback_export,259,34557563388400,-555.257750482,88.269999981,244.387750160,-177.8953857,-9.7500324,-0.084968127,0.018298781,-0.001560721,-0.996214390,0.999325514,-0.000000000,0.036724243,-0.006219253,0.985556006,0.169235840,-0.036193799,-0.169350073,0.984891236,70.0000000,1280,720,minecraft:overworld,flashback_export_aligned
1,20260914-203609-flashback_export,flashback_export,260,34557584181900,-555.279321763,88.269999981,244.386955643,-177.8953857,-9.7500324,-0.084968127,0.018298781,-0.001560721,-0.996214390,0.999325514,-0.000000000,0.036724243,-0.006219253,0.985556006,0.169235840,-0.036193799,-0.169350073,0.984891236,70.0000000,1280,720,minecraft:overworld,flashback_export_aligned
1,20260914-203609-flashback_export,flashback_export,261,34557606204700,-555.300893045,88.269999981,244.386161125,-177.8953857,-9.7500324,-0.084968127,0.018298781,-0.001560721,-0.996214390,0.999325514,-0.000000000,0.036724243,-0.006219253,0.985556006,0.169235840,-0.036193799,-0.169350073,0.984891236,70.0000000,1280,720,minecraft:overworld,flashback_export_aligned
1,20260914-203609-flashback_export,flashback_export,262,34557626247700,-555.322464325,88.269999981,244.385366608,-177.8953857,-9.7500324,-0.084968127,0.018298781,-0.001560721,-0.996214390,0.999325514,-0.000000000,0.036724243,-0.006219253,0.985556006,0.169235840,-0.036193799,-0.169350073,0.984891236,70.0000000,1280,720,minecraft:overworld,flashback_export_aligned
1,20260914-203609-flashback_export,flashback_export,263,34557646589500,-555.344035606,88.269999981,244.384572091,-177.8953857,-9.7500324,-0.084968127,0.018298781,-0.001560721,-0.996214390,0.999325514,-0.000000000,0.036724243,-0.006219253,0.985556006,0.169235840,-0.036193799,-0.169350073,0.984891236,70.0000000,1280,720,minecraft:overworld,flashback_export_aligned
1,20260914-203609-flashback_export,flashback_export,264,34557669805400,-555.365606888,88.269999981,244.383777573,-177.8953857,-9.7500324,-0.084968127,0.018298781,-0.001560721,-0.996214390,0.999325514,-0.000000000,0.036724243,-0.006219253,0.985556006,0.169235840,-0.036193799,-0.169350073,0.984891236,70.0000000,1280,720,minecraft:overworld,flashback_export_aligned
1,20260914-203609-flashback_export,flashback_export,265,34557690969400,-555.387178168,88.269999981,244.382983056,-177.8953857,-9.7500324,-0.084968127,0.018298781,-0.001560721,-0.996214390,0.999325514,-0.000000000,0.036724243,-0.006219253,0.985556006,0.169235840,-0.036193799,-0.169350073,0.984891236,70.0000000,1280,720,minecraft:overworld,flashback_export_aligned
1,20260914-203609-flashback_export,flashback_export,266,34557713083700,-555.408749449,88.269999981,244.382188539,-177.8953857,-9.7500324,-0.084968127,0.018298781,-0.001560721,-0.996214390,0.999325514,-0.000000000,0.036724243,-0.006219253,0.985556006,0.169235840,-0.036193799,-0.169350073,0.984891236,70.0000000,1280,720,minecraft:overworld,flashback_export_aligned
1,20260914-203609-flashback_export,flashback_export,267,34557735312500,-555.430320731,88.269999981,244.381394021,-177.8953857,-9.7500324,-0.084968127,0.018298781,-0.001560721,-0.996214390,0.999325514,-0.000000000,0.036724243,-0.006219253,0.985556006,0.169235840,-0.036193799,-0.169350073,0.984891236,70.0000000,1280,720,minecraft:overworld,flashback_export_aligned
1,20260914-203609-flashback_export,flashback_export,268,34557755891000,-555.451892013,88.269999981,244.380599504,-177.8953857,-9.7500324,-0.084968127,0.018298781,-0.001560721,-0.996214390,0.999325514,-0.000000000,0.036724243,-0.006219253,0.985556006,0.169235840,-0.036193799,-0.169350073,0.984891236,70.0000000,1280,720,minecraft:overworld,flashback_export_aligned
1,20260914-203609-flashback_export,flashback_export,269,34557776117600,-555.473463295,88.269999981,244.379804986,-177.8953857,-9.7500324,-0.084968127,0.018298781,-0.001560721,-0.996214390,0.999325514,-0.000000000,0.036724243,-0.006219253,0.985556006,0.169235840,-0.036193799,-0.169350073,0.984891236,70.0000000,1280,720,minecraft:overworld,flashback_export_aligned
1,20260914-203609-flashback_export,flashback_export,270,34557798799200,-555.495034574,88.269999981,244.379010469,-177.8953857,-9.7500324,-0.084968127,0.018298781,-0.001560721,-0.996214390,0.999325514,-0.000000000,0.036724243,-0.006219253,0.985556006,0.169235840,-0.036193799,-0.169350073,0.984891236,70.0000000,1280,720,minecraft:overworld,flashback_export_aligned
1,20260914-203609-flashback_export,flashback_export,271,34557819429800,-555.516605855,88.269999981,244.378215952,-177.8953857,-9.7500324,-0.084968127,0.018298781,-0.001560721,-0.996214390,0.999325514,-0.000000000,0.036724243,-0.006219253,0.985556006,0.169235840,-0.036193799,-0.169350073,0.984891236,70.0000000,1280,720,minecraft:overworld,flashback_export_aligned
1,20260914-203609-flashback_export,flashback_export,272,34557839397100,-555.538177136,88.269999981,244.377421434,-177.8953857,-9.7500324,-0.084968127,0.018298781,-0.001560721,-0.996214390,0.999325514,-0.000000000,0.036724243,-0.006219253,0.985556006,0.169235840,-0.036193799,-0.169350073,0.984891236,70.0000000,1280,720,minecraft:overworld,flashback_export_aligned
1,20260914-203609-flashback_export,flashback_export,273,34557860396500,-555.559748417,88.269999981,244.376626917,-177.8953857,-9.7500324,-0.084968127,0.018298781,-0.001560721,-0.996214390,0.999325514,-0.000000000,0.036724243,-0.006219253,0.985556006,0.169235840,-0.036193799,-0.169350073,0.984891236,70.0000000,1280,720,minecraft:overworld,flashback_export_aligned
1,20260914-203609-flashback_export,flashback_export,274,34557881486000,-555.581319698,88.269999981,244.375832399,-177.8953857,-9.7500324,-0.084968127,0.018298781,-0.001560721,-0.996214390,0.999325514,-0.000000000,0.036724243,-0.006219253,0.985556006,0.169235840,-0.036193799,-0.169350073,0.984891236,70.0000000,1280,720,minecraft:overworld,flashback_export_aligned
1,20260914-203609-flashback_export,flashback_export,275,34557902929600,-555.602890979,88.269999981,244.375037882,-177.8953857,-9.7500324,-0.084968127,0.018298781,-0.001560721,-0.996214390,0.999325514,-0.000000000,0.036724243,-0.006219253,0.985556006,0.169235840,-0.036193799,-0.169350073,0.984891236,70.0000000,1280,720,minecraft:overworld,flashback_export_aligned
1,20260914-203609-flashback_export,flashback_export,276,34557925901900,-555.624462260,88.269999981,244.374243365,-177.8953857,-9.7500324,-0.084968127,0.018298781,-0.001560721,-0.996214390,0.999325514,-0.000000000,0.036724243,-0.006219253,0.985556006,0.169235840,-0.036193799,-0.169350073,0.984891236,70.0000000,1280,720,minecraft:overworld,flashback_export_aligned
1,20260914-203609-flashback_export,flashback_export,277,34557948386800,-555.646033540,88.269999981,244.373448847,-177.8953857,-9.7500324,-0.084968127,0.018298781,-0.001560721,-0.996214390,0.999325514,-0.000000000,0.036724243,-0.006219253,0.985556006,0.169235840,-0.036193799,-0.169350073,0.984891236,70.0000000,1280,720,minecraft:overworld,flashback_export_aligned
1,20260914-203609-flashback_export,flashback_export,278,34557968590800,-555.667604821,88.269999981,244.372654330,-177.8953857,-9.7500324,-0.084968127,0.018298781,-0.001560721,-0.996214390,0.999325514,-0.000000000,0.036724243,-0.006219253,0.985556006,0.169235840,-0.036193799,-0.169350073,0.984891236,70.0000000,1280,720,minecraft:overworld,flashback_export_aligned
1,20260914-203609-flashback_export,flashback_export,279,34557991302500,-555.689176103,88.269999981,244.371859813,-177.8953857,-9.7500324,-0.084968127,0.018298781,-0.001560721,-0.996214390,0.999325514,-0.000000000,0.036724243,-0.006219253,0.985556006,0.169235840,-0.036193799,-0.169350073,0.984891236,70.0000000,1280,720,minecraft:overworld,flashback_export_aligned
1,20260914-203609-flashback_export,flashback_export,280,34558011810900,-555.710747385,88.269999981,244.371065295,-177.8953857,-9.7500324,-0.084968127,0.018298781,-0.001560721,-0.996214390,0.999325514,-0.000000000,0.036724243,-0.006219253,0.985556006,0.169235840,-0.036193799,-0.169350073,0.984891236,70.0000000,1280,720,minecraft:overworld,flashback_export_aligned
1,20260914-203609-flashback_export,flashback_export,281,34558030430800,-555.732318667,88.269999981,244.370270778,-177.8953857,-9.7500324,-0.084968127,0.018298781,-0.001560721,-0.996214390,0.999325514,-0.000000000,0.036724243,-0.006219253,0.985556006,0.169235840,-0.036193799,-0.169350073,0.984891236,70.0000000,1280,720,minecraft:overworld,flashback_export_aligned
1,20260914-203609-flashback_export,flashback_export,282,34558052997800,-555.753889946,88.269999981,244.369476260,-177.8953857,-9.7500324,-0.084968127,0.018298781,-0.001560721,-0.996214390,0.999325514,-0.000000000,0.036724243,-0.006219253,0.985556006,0.169235840,-0.036193799,-0.169350073,0.984891236,70.0000000,1280,720,minecraft:overworld,flashback_export_aligned
1,20260914-203609-flashback_export,flashback_export,283,34558075708100,-555.775461226,88.269999981,244.368681743,-177.8953857,-9.7500324,-0.084968127,0.018298781,-0.001560721,-0.996214390,0.999325514,-0.000000000,0.036724243,-0.006219253,0.985556006,0.169235840,-0.036193799,-0.169350073,0.984891236,70.0000000,1280,720,minecraft:overworld,flashback_export_aligned
1,20260914-203609-flashback_export,flashback_export,284,34558096576200,-555.797032507,88.269999981,244.367887226,-177.8953857,-9.7500324,-0.084968127,0.018298781,-0.001560721,-0.996214390,0.999325514,-0.000000000,0.036724243,-0.006219253,0.985556006,0.169235840,-0.036193799,-0.169350073,0.984891236,70.0000000,1280,720,minecraft:overworld,flashback_export_aligned
1,20260914-203609-flashback_export,flashback_export,285,34558120251800,-555.818603789,88.269999981,244.367092708,-177.8953857,-9.7500324,-0.084968127,0.018298781,-0.001560721,-0.996214390,0.999325514,-0.000000000,0.036724243,-0.006219253,0.985556006,0.169235840,-0.036193799,-0.169350073,0.984891236,70.0000000,1280,720,minecraft:overworld,flashback_export_aligned
1,20260914-203609-flashback_export,flashback_export,286,34558140474200,-555.840175069,88.269999981,244.366298191,-177.8953857,-9.7500324,-0.084968127,0.018298781,-0.001560721,-0.996214390,0.999325514,-0.000000000,0.036724243,-0.006219253,0.985556006,0.169235840,-0.036193799,-0.169350073,0.984891236,70.0000000,1280,720,minecraft:overworld,flashback_export_aligned
1,20260914-203609-flashback_export,flashback_export,287,34558160015900,-555.861746350,88.269999981,244.365503674,-177.8953857,-9.7500324,-0.084968127,0.018298781,-0.001560721,-0.996214390,0.999325514,-0.000000000,0.036724243,-0.006219253,0.985556006,0.169235840,-0.036193799,-0.169350073,0.984891236,70.0000000,1280,720,minecraft:overworld,flashback_export_aligned
1,20260914-203609-flashback_export,flashback_export,288,34558188686200,-555.883317632,88.269999981,244.364709156,-177.8953857,-9.7500324,-0.084968127,0.018298781,-0.001560721,-0.996214390,0.999325514,-0.000000000,0.036724243,-0.006219253,0.985556006,0.169235840,-0.036193799,-0.169350073,0.984891236,70.0000000,1280,720,minecraft:overworld,flashback_export_aligned
1,20260914-203609-flashback_export,flashback_export,289,34558212228200,-555.904888913,88.269999981,244.363914639,-177.8953857,-9.7500324,-0.084968127,0.018298781,-0.001560721,-0.996214390,0.999325514,-0.000000000,0.036724243,-0.006219253,0.985556006,0.169235840,-0.036193799,-0.169350073,0.984891236,70.0000000,1280,720,minecraft:overworld,flashback_export_aligned
1,20260914-203609-flashback_export,flashback_export,290,34558237733700,-555.926460194,88.269999981,244.363120121,-177.8953857,-9.7500324,-0.084968127,0.018298781,-0.001560721,-0.996214390,0.999325514,-0.000000000,0.036724243,-0.006219253,0.985556006,0.169235840,-0.036193799,-0.169350073,0.984891236,70.0000000,1280,720,minecraft:overworld,flashback_export_aligned
1,20260914-203609-flashback_export,flashback_export,291,34558259808100,-555.948031475,88.269999981,244.362325604,-177.8953857,-9.7500324,-0.084968127,0.018298781,-0.001560721,-0.996214390,0.999325514,-0.000000000,0.036724243,-0.006219253,0.985556006,0.169235840,-0.036193799,-0.169350073,0.984891236,70.0000000,1280,720,minecraft:overworld,flashback_export_aligned
1,20260914-203609-flashback_export,flashback_export,292,34558283493400,-555.969602757,88.269999981,244.361531087,-177.8953857,-9.7500324,-0.084968127,0.018298781,-0.001560721,-0.996214390,0.999325514,-0.000000000,0.036724243,-0.006219253,0.985556006,0.169235840,-0.036193799,-0.169350073,0.984891236,70.0000000,1280,720,minecraft:overworld,flashback_export_aligned
1,20260914-203609-flashback_export,flashback_export,293,34558308651300,-555.991174040,88.269999981,244.360736569,-177.8953857,-9.7500324,-0.084968127,0.018298781,-0.001560721,-0.996214390,0.999325514,-0.000000000,0.036724243,-0.006219253,0.985556006,0.169235840,-0.036193799,-0.169350073,0.984891236,70.0000000,1280,720,minecraft:overworld,flashback_export_aligned
1,20260914-203609-flashback_export,flashback_export,294,34558335262700,-556.012745318,88.269999981,244.359942052,-177.8953857,-9.7500324,-0.084968127,0.018298781,-0.001560721,-0.996214390,0.999325514,-0.000000000,0.036724243,-0.006219253,0.985556006,0.169235840,-0.036193799,-0.169350073,0.984891236,70.0000000,1280,720,minecraft:overworld,flashback_export_aligned
1,20260914-203609-flashback_export,flashback_export,295,34558357517600,-556.034316598,88.269999981,244.359147535,-177.8953857,-9.7500324,-0.084968127,0.018298781,-0.001560721,-0.996214390,0.999325514,-0.000000000,0.036724243,-0.006219253,0.985556006,0.169235840,-0.036193799,-0.169350073,0.984891236,70.0000000,1280,720,minecraft:overworld,flashback_export_aligned
1,20260914-203609-flashback_export,flashback_export,296,34558377567900,-556.055887879,88.269999981,244.358353017,-177.8953857,-9.7500324,-0.084968127,0.018298781,-0.001560721,-0.996214390,0.999325514,-0.000000000,0.036724243,-0.006219253,0.985556006,0.169235840,-0.036193799,-0.169350073,0.984891236,70.0000000,1280,720,minecraft:overworld,flashback_export_aligned
1,20260914-203609-flashback_export,flashback_export,297,34558402484600,-556.077459161,88.269999981,244.357558500,-177.8953857,-9.7500324,-0.084968127,0.018298781,-0.001560721,-0.996214390,0.999325514,-0.000000000,0.036724243,-0.006219253,0.985556006,0.169235840,-0.036193799,-0.169350073,0.984891236,70.0000000,1280,720,minecraft:overworld,flashback_export_aligned
1,20260914-203609-flashback_export,flashback_export,298,34558424065700,-556.099030441,88.269999981,244.356763982,-177.8953857,-9.7500324,-0.084968127,0.018298781,-0.001560721,-0.996214390,0.999325514,-0.000000000,0.036724243,-0.006219253,0.985556006,0.169235840,-0.036193799,-0.169350073,0.984891236,70.0000000,1280,720,minecraft:overworld,flashback_export_aligned
1,20260914-203609-flashback_export,flashback_export,299,34558447892100,-556.120601722,88.269999981,244.355969465,-177.8953857,-9.7500324,-0.084968127,0.018298781,-0.001560721,-0.996214390,0.999325514,-0.000000000,0.036724243,-0.006219253,0.985556006,0.169235840,-0.036193799,-0.169350073,0.984891236,70.0000000,1280,720,minecraft:overworld,flashback_export_aligned
1,20260914-203609-flashback_export,flashback_export,300,34558473233100,-556.142173004,88.269999981,244.355174948,-177.8953857,-9.7500324,-0.084968127,0.018298781,-0.001560721,-0.996214390,0.999325514,-0.000000000,0.036724243,-0.006219253,0.985556006,0.169235840,-0.036193799,-0.169350073,0.984891236,70.0000000,1280,720,minecraft:overworld,flashback_export_aligned
1,20260914-203609-flashback_export,flashback_export,301,34558494067100,-556.163744284,88.269999981,244.354380430,-177.8953857,-9.7500324,-0.084968127,0.018298781,-0.001560721,-0.996214390,0.999325514,-0.000000000,0.036724243,-0.006219253,0.985556006,0.169235840,-0.036193799,-0.169350073,0.984891236,70.0000000,1280,720,minecraft:overworld,flashback_export_aligned
1,20260914-203609-flashback_export,flashback_export,302,34558514817300,-556.185315565,88.269999981,244.353585913,-177.8953857,-9.7500324,-0.084968127,0.018298781,-0.001560721,-0.996214390,0.999325514,-0.000000000,0.036724243,-0.006219253,0.985556006,0.169235840,-0.036193799,-0.169350073,0.984891236,70.0000000,1280,720,minecraft:overworld,flashback_export_aligned
1,20260914-203609-flashback_export,flashback_export,303,34558538032100,-556.206886847,88.269999981,244.352791396,-177.8953857,-9.7500324,-0.084968127,0.018298781,-0.001560721,-0.996214390,0.999325514,-0.000000000,0.036724243,-0.006219253,0.985556006,0.169235840,-0.036193799,-0.169350073,0.984891236,70.0000000,1280,720,minecraft:overworld,flashback_export_aligned
1,20260914-203609-flashback_export,flashback_export,304,34558562834600,-556.228458127,88.269999981,244.351996878,-177.8953857,-9.7500324,-0.084968127,0.018298781,-0.001560721,-0.996214390,0.999325514,-0.000000000,0.036724243,-0.006219253,0.985556006,0.169235840,-0.036193799,-0.169350073,0.984891236,70.0000000,1280,720,minecraft:overworld,flashback_export_aligned
1,20260914-203609-flashback_export,flashback_export,305,34558585984400,-556.250029408,88.269999981,244.351202361,-177.8953857,-9.7500324,-0.084968127,0.018298781,-0.001560721,-0.996214390,0.999325514,-0.000000000,0.036724243,-0.006219253,0.985556006,0.169235840,-0.036193799,-0.169350073,0.984891236,70.0000000,1280,720,minecraft:overworld,flashback_export_aligned
1,20260914-203609-flashback_export,flashback_export,306,34558610365900,-556.271600690,88.269999981,244.350407843,-177.8953857,-9.7500324,-0.084968127,0.018298781,-0.001560721,-0.996214390,0.999325514,-0.000000000,0.036724243,-0.006219253,0.985556006,0.169235840,-0.036193799,-0.169350073,0.984891236,70.0000000,1280,720,minecraft:overworld,flashback_export_aligned
1,20260914-203609-flashback_export,flashback_export,307,34558634753600,-556.293171970,88.269999981,244.349613326,-177.8953857,-9.7500324,-0.084968127,0.018298781,-0.001560721,-0.996214390,0.999325514,-0.000000000,0.036724243,-0.006219253,0.985556006,0.169235840,-0.036193799,-0.169350073,0.984891236,70.0000000,1280,720,minecraft:overworld,flashback_export_aligned
1,20260914-203609-flashback_export,flashback_export,308,34558657954300,-556.314743251,88.269999981,244.348818809,-177.8953857,-9.7500324,-0.084968127,0.018298781,-0.001560721,-0.996214390,0.999325514,-0.000000000,0.036724243,-0.006219253,0.985556006,0.169235840,-0.036193799,-0.169350073,0.984891236,70.0000000,1280,720,minecraft:overworld,flashback_export_aligned
1,20260914-203609-flashback_export,flashback_export,309,34558685007700,-556.336314533,88.269999981,244.348024291,-177.8953857,-9.7500324,-0.084968127,0.018298781,-0.001560721,-0.996214390,0.999325514,-0.000000000,0.036724243,-0.006219253,0.985556006,0.169235840,-0.036193799,-0.169350073,0.984891236,70.0000000,1280,720,minecraft:overworld,flashback_export_aligned
1,20260914-203609-flashback_export,flashback_export,310,34558708318700,-556.357885813,88.269999981,244.347229774,-177.8953857,-9.7500324,-0.084968127,0.018298781,-0.001560721,-0.996214390,0.999325514,-0.000000000,0.036724243,-0.006219253,0.985556006,0.169235840,-0.036193799,-0.169350073,0.984891236,70.0000000,1280,720,minecraft:overworld,flashback_export_aligned
1,20260914-203609-flashback_export,flashback_export,311,34558729630900,-556.379457094,88.269999981,244.346435257,-177.8953857,-9.7500324,-0.084968127,0.018298781,-0.001560721,-0.996214390,0.999325514,-0.000000000,0.036724243,-0.006219253,0.985556006,0.169235840,-0.036193799,-0.169350073,0.984891236,70.0000000,1280,720,minecraft:overworld,flashback_export_aligned
1,20260914-203609-flashback_export,flashback_export,312,34558753923700,-556.401028376,88.269999981,244.345640739,-177.8953857,-9.7500324,-0.084968127,0.018298781,-0.001560721,-0.996214390,0.999325514,-0.000000000,0.036724243,-0.006219253,0.985556006,0.169235840,-0.036193799,-0.169350073,0.984891236,70.0000000,1280,720,minecraft:overworld,flashback_export_aligned
1,20260914-203609-flashback_export,flashback_export,313,34558774507400,-556.422599658,88.269999981,244.344846222,-177.8953857,-9.7500324,-0.084968127,0.018298781,-0.001560721,-0.996214390,0.999325514,-0.000000000,0.036724243,-0.006219253,0.985556006,0.169235840,-0.036193799,-0.169350073,0.984891236,70.0000000,1280,720,minecraft:overworld,flashback_export_aligned
1,20260914-203609-flashback_export,flashback_export,314,34558795398200,-556.444170939,88.269999981,244.344051704,-177.8953857,-9.7500324,-0.084968127,0.018298781,-0.001560721,-0.996214390,0.999325514,-0.000000000,0.036724243,-0.006219253,0.985556006,0.169235840,-0.036193799,-0.169350073,0.984891236,70.0000000,1280,720,minecraft:overworld,flashback_export_aligned
1,20260914-203609-flashback_export,flashback_export,315,34558818220100,-556.465742219,88.269999981,244.343257187,-177.8953857,-9.7500324,-0.084968127,0.018298781,-0.001560721,-0.996214390,0.999325514,-0.000000000,0.036724243,-0.006219253,0.985556006,0.169235840,-0.036193799,-0.169350073,0.984891236,70.0000000,1280,720,minecraft:overworld,flashback_export_aligned
1,20260914-203609-flashback_export,flashback_export,316,34558838853600,-556.487313501,88.269999981,244.342462670,-177.8953857,-9.7500324,-0.084968127,0.018298781,-0.001560721,-0.996214390,0.999325514,-0.000000000,0.036724243,-0.006219253,0.985556006,0.169235840,-0.036193799,-0.169350073,0.984891236,70.0000000,1280,720,minecraft:overworld,flashback_export_aligned
1,20260914-203609-flashback_export,flashback_export,317,34558858663800,-556.508884782,88.269999981,244.341668152,-177.8953857,-9.7500324,-0.084968127,0.018298781,-0.001560721,-0.996214390,0.999325514,-0.000000000,0.036724243,-0.006219253,0.985556006,0.169235840,-0.036193799,-0.169350073,0.984891236,70.0000000,1280,720,minecraft:overworld,flashback_export_aligned
1,20260914-203609-flashback_export,flashback_export,318,34558882217200,-556.530456062,88.269999981,244.340873635,-177.8953857,-9.7500324,-0.084968127,0.018298781,-0.001560721,-0.996214390,0.999325514,-0.000000000,0.036724243,-0.006219253,0.985556006,0.169235840,-0.036193799,-0.169350073,0.984891236,70.0000000,1280,720,minecraft:overworld,flashback_export_aligned
1,20260914-203609-flashback_export,flashback_export,319,34558903317800,-556.552027344,88.269999981,244.340079118,-177.8953857,-9.7500324,-0.084968127,0.018298781,-0.001560721,-0.996214390,0.999325514,-0.000000000,0.036724243,-0.006219253,0.985556006,0.169235840,-0.036193799,-0.169350073,0.984891236,70.0000000,1280,720,minecraft:overworld,flashback_export_aligned
1,20260914-203609-flashback_export,flashback_export,320,34558924229700,-556.573598626,88.269999981,244.339284600,-177.8953857,-9.7500324,-0.084968127,0.018298781,-0.001560721,-0.996214390,0.999325514,-0.000000000,0.036724243,-0.006219253,0.985556006,0.169235840,-0.036193799,-0.169350073,0.984891236,70.0000000,1280,720,minecraft:overworld,flashback_export_aligned
1,20260914-203609-flashback_export,flashback_export,321,34558948754900,-556.595169905,88.269999981,244.338490083,-177.8953857,-9.7500324,-0.084968127,0.018298781,-0.001560721,-0.996214390,0.999325514,-0.000000000,0.036724243,-0.006219253,0.985556006,0.169235840,-0.036193799,-0.169350073,0.984891236,70.0000000,1280,720,minecraft:overworld,flashback_export_aligned
1,20260914-203609-flashback_export,flashback_export,322,34558971652200,-556.616741186,88.269999981,244.337695565,-177.8953857,-9.7500324,-0.084968127,0.018298781,-0.001560721,-0.996214390,0.999325514,-0.000000000,0.036724243,-0.006219253,0.985556006,0.169235840,-0.036193799,-0.169350073,0.984891236,70.0000000,1280,720,minecraft:overworld,flashback_export_aligned
1,20260914-203609-flashback_export,flashback_export,323,34558991579400,-556.638312467,88.269999981,244.336901048,-177.8953857,-9.7500324,-0.084968127,0.018298781,-0.001560721,-0.996214390,0.999325514,-0.000000000,0.036724243,-0.006219253,0.985556006,0.169235840,-0.036193799,-0.169350073,0.984891236,70.0000000,1280,720,minecraft:overworld,flashback_export_aligned
1,20260914-203609-flashback_export,flashback_export,324,34559014759900,-556.659883748,88.269999981,244.336106531,-177.8953857,-9.7500324,-0.084968127,0.018298781,-0.001560721,-0.996214390,0.999325514,-0.000000000,0.036724243,-0.006219253,0.985556006,0.169235840,-0.036193799,-0.169350073,0.984891236,70.0000000,1280,720,minecraft:overworld,flashback_export_aligned
1,20260914-203609-flashback_export,flashback_export,325,34559037634700,-556.681455028,88.269999981,244.335312013,-177.8953857,-9.7500324,-0.084968127,0.018298781,-0.001560721,-0.996214390,0.999325514,-0.000000000,0.036724243,-0.006219253,0.985556006,0.169235840,-0.036193799,-0.169350073,0.984891236,70.0000000,1280,720,minecraft:overworld,flashback_export_aligned
1,20260914-203609-flashback_export,flashback_export,326,34559058550300,-556.703026309,88.269999981,244.334517496,-177.8953857,-9.7500324,-0.084968127,0.018298781,-0.001560721,-0.996214390,0.999325514,-0.000000000,0.036724243,-0.006219253,0.985556006,0.169235840,-0.036193799,-0.169350073,0.984891236,70.0000000,1280,720,minecraft:overworld,flashback_export_aligned
1,20260914-203609-flashback_export,flashback_export,327,34559085047400,-556.724597591,88.269999981,244.333722979,-177.8953857,-9.7500324,-0.084968127,0.018298781,-0.001560721,-0.996214390,0.999325514,-0.000000000,0.036724243,-0.006219253,0.985556006,0.169235840,-0.036193799,-0.169350073,0.984891236,70.0000000,1280,720,minecraft:overworld,flashback_export_aligned
1,20260914-203609-flashback_export,flashback_export,328,34559104935800,-556.746168873,88.269999981,244.332928461,-177.8953857,-9.7500324,-0.084968127,0.018298781,-0.001560721,-0.996214390,0.999325514,-0.000000000,0.036724243,-0.006219253,0.985556006,0.169235840,-0.036193799,-0.169350073,0.984891236,70.0000000,1280,720,minecraft:overworld,flashback_export_aligned
1,20260914-203609-flashback_export,flashback_export,329,34559123807500,-556.767740154,88.269999981,244.332133944,-177.8953857,-9.7500324,-0.084968127,0.018298781,-0.001560721,-0.996214390,0.999325514,-0.000000000,0.036724243,-0.006219253,0.985556006,0.169235840,-0.036193799,-0.169350073,0.984891236,70.0000000,1280,720,minecraft:overworld,flashback_export_aligned
1,20260914-203609-flashback_export,flashback_export,330,34559145071200,-556.789311434,88.269999981,244.331339426,-177.8953857,-9.7500324,-0.084968127,0.018298781,-0.001560721,-0.996214390,0.999325514,-0.000000000,0.036724243,-0.006219253,0.985556006,0.169235840,-0.036193799,-0.169350073,0.984891236,70.0000000,1280,720,minecraft:overworld,flashback_export_aligned
1,20260914-203609-flashback_export,flashback_export,331,34559166279000,-556.810882714,88.269999981,244.330544909,-177.8953857,-9.7500324,-0.084968127,0.018298781,-0.001560721,-0.996214390,0.999325514,-0.000000000,0.036724243,-0.006219253,0.985556006,0.169235840,-0.036193799,-0.169350073,0.984891236,70.0000000,1280,720,minecraft:overworld,flashback_export_aligned
1,20260914-203609-flashback_export,flashback_export,332,34559186083700,-556.832453995,88.269999981,244.329750392,-177.8953857,-9.7500324,-0.084968127,0.018298781,-0.001560721,-0.996214390,0.999325514,-0.000000000,0.036724243,-0.006219253,0.985556006,0.169235840,-0.036193799,-0.169350073,0.984891236,70.0000000,1280,720,minecraft:overworld,flashback_export_aligned
1,20260914-203609-flashback_export,flashback_export,333,34559207606800,-556.854025277,88.269999981,244.328955874,-177.8953857,-9.7500324,-0.084968127,0.018298781,-0.001560721,-0.996214390,0.999325514,-0.000000000,0.036724243,-0.006219253,0.985556006,0.169235840,-0.036193799,-0.169350073,0.984891236,70.0000000,1280,720,minecraft:overworld,flashback_export_aligned
1,20260914-203609-flashback_export,flashback_export,334,34559228190500,-556.875596557,88.269999981,244.328161357,-177.8953857,-9.7500324,-0.084968127,0.018298781,-0.001560721,-0.996214390,0.999325514,-0.000000000,0.036724243,-0.006219253,0.985556006,0.169235840,-0.036193799,-0.169350073,0.984891236,70.0000000,1280,720,minecraft:overworld,flashback_export_aligned
1,20260914-203609-flashback_export,flashback_export,335,34559250115000,-556.897167838,88.269999981,244.327366840,-177.8953857,-9.7500324,-0.084968127,0.018298781,-0.001560721,-0.996214390,0.999325514,-0.000000000,0.036724243,-0.006219253,0.985556006,0.169235840,-0.036193799,-0.169350073,0.984891236,70.0000000,1280,720,minecraft:overworld,flashback_export_aligned
1,20260914-203609-flashback_export,flashback_export,336,34559273362400,-556.918739120,88.269999981,244.326572322,-177.8953857,-9.7500324,-0.084968127,0.018298781,-0.001560721,-0.996214390,0.999325514,-0.000000000,0.036724243,-0.006219253,0.985556006,0.169235840,-0.036193799,-0.169350073,0.984891236,70.0000000,1280,720,minecraft:overworld,flashback_export_aligned
1,20260914-203609-flashback_export,flashback_export,337,34559297544500,-556.940310401,88.269999981,244.325777805,-177.8953857,-9.7500324,-0.084968127,0.018298781,-0.001560721,-0.996214390,0.999325514,-0.000000000,0.036724243,-0.006219253,0.985556006,0.169235840,-0.036193799,-0.169350073,0.984891236,70.0000000,1280,720,minecraft:overworld,flashback_export_aligned
1,20260914-203609-flashback_export,flashback_export,338,34559319195400,-556.961881681,88.269999981,244.324983287,-177.8953857,-9.7500324,-0.084968127,0.018298781,-0.001560721,-0.996214390,0.999325514,-0.000000000,0.036724243,-0.006219253,0.985556006,0.169235840,-0.036193799,-0.169350073,0.984891236,70.0000000,1280,720,minecraft:overworld,flashback_export_aligned
1,20260914-203609-flashback_export,flashback_export,339,34559342086300,-556.983452963,88.269999981,244.324188770,-177.8953857,-9.7500324,-0.084968127,0.018298781,-0.001560721,-0.996214390,0.999325514,-0.000000000,0.036724243,-0.006219253,0.985556006,0.169235840,-0.036193799,-0.169350073,0.984891236,70.0000000,1280,720,minecraft:overworld,flashback_export_aligned
1,20260914-203609-flashback_export,flashback_export,340,34559364029900,-557.005024244,88.269999981,244.323394253,-177.8953857,-9.7500324,-0.084968127,0.018298781,-0.001560721,-0.996214390,0.999325514,-0.000000000,0.036724243,-0.006219253,0.985556006,0.169235840,-0.036193799,-0.169350073,0.984891236,70.0000000,1280,720,minecraft:overworld,flashback_export_aligned
1,20260914-203609-flashback_export,flashback_export,341,34559385551400,-557.026595524,88.269999981,244.322599735,-177.8953857,-9.7500324,-0.084968127,0.018298781,-0.001560721,-0.996214390,0.999325514,-0.000000000,0.036724243,-0.006219253,0.985556006,0.169235840,-0.036193799,-0.169350073,0.984891236,70.0000000,1280,720,minecraft:overworld,flashback_export_aligned
1,20260914-203609-flashback_export,flashback_export,342,34559409014300,-557.048166806,88.269999981,244.321805218,-177.8953857,-9.7500324,-0.084968127,0.018298781,-0.001560721,-0.996214390,0.999325514,-0.000000000,0.036724243,-0.006219253,0.985556006,0.169235840,-0.036193799,-0.169350073,0.984891236,70.0000000,1280,720,minecraft:overworld,flashback_export_aligned
1,20260914-203609-flashback_export,flashback_export,343,34559433369100,-557.069738087,88.269999981,244.321010701,-177.8953857,-9.7500324,-0.084968127,0.018298781,-0.001560721,-0.996214390,0.999325514,-0.000000000,0.036724243,-0.006219253,0.985556006,0.169235840,-0.036193799,-0.169350073,0.984891236,70.0000000,1280,720,minecraft:overworld,flashback_export_aligned
1,20260914-203609-flashback_export,flashback_export,344,34559459297000,-557.091309368,88.269999981,244.320216183,-177.8953857,-9.7500324,-0.084968127,0.018298781,-0.001560721,-0.996214390,0.999325514,-0.000000000,0.036724243,-0.006219253,0.985556006,0.169235840,-0.036193799,-0.169350073,0.984891236,70.0000000,1280,720,minecraft:overworld,flashback_export_aligned
1,20260914-203609-flashback_export,flashback_export,345,34559484927400,-557.112880649,88.269999981,244.319421666,-177.8953857,-9.7500324,-0.084968127,0.018298781,-0.001560721,-0.996214390,0.999325514,-0.000000000,0.036724243,-0.006219253,0.985556006,0.169235840,-0.036193799,-0.169350073,0.984891236,70.0000000,1280,720,minecraft:overworld,flashback_export_aligned
1,20260914-203609-flashback_export,flashback_export,346,34559506721700,-557.134451930,88.269999981,244.318627148,-177.8953857,-9.7500324,-0.084968127,0.018298781,-0.001560721,-0.996214390,0.999325514,-0.000000000,0.036724243,-0.006219253,0.985556006,0.169235840,-0.036193799,-0.169350073,0.984891236,70.0000000,1280,720,minecraft:overworld,flashback_export_aligned
1,20260914-203609-flashback_export,flashback_export,347,34559528286400,-557.156023210,88.269999981,244.317832631,-177.8953857,-9.7500324,-0.084968127,0.018298781,-0.001560721,-0.996214390,0.999325514,-0.000000000,0.036724243,-0.006219253,0.985556006,0.169235840,-0.036193799,-0.169350073,0.984891236,70.0000000,1280,720,minecraft:overworld,flashback_export_aligned
1,20260914-203609-flashback_export,flashback_export,348,34559555564700,-557.177594492,88.269999981,244.317038114,-177.8953857,-9.7500324,-0.084968127,0.018298781,-0.001560721,-0.996214390,0.999325514,-0.000000000,0.036724243,-0.006219253,0.985556006,0.169235840,-0.036193799,-0.169350073,0.984891236,70.0000000,1280,720,minecraft:overworld,flashback_export_aligned
1,20260914-203609-flashback_export,flashback_export,349,34559579585800,-557.199165773,88.269999981,244.316243596,-177.8953857,-9.7500324,-0.084968127,0.018298781,-0.001560721,-0.996214390,0.999325514,-0.000000000,0.036724243,-0.006219253,0.985556006,0.169235840,-0.036193799,-0.169350073,0.984891236,70.0000000,1280,720,minecraft:overworld,flashback_export_aligned
1,20260914-203609-flashback_export,flashback_export,350,34559601940800,-557.220737055,88.269999981,244.315449079,-177.8953857,-9.7500324,-0.084968127,0.018298781,-0.001560721,-0.996214390,0.999325514,-0.000000000,0.036724243,-0.006219253,0.985556006,0.169235840,-0.036193799,-0.169350073,0.984891236,70.0000000,1280,720,minecraft:overworld,flashback_export_aligned
1,20260914-203609-flashback_export,flashback_export,351,34559627001700,-557.242308335,88.269999981,244.314654562,-177.8953857,-9.7500324,-0.084968127,0.018298781,-0.001560721,-0.996214390,0.999325514,-0.000000000,0.036724243,-0.006219253,0.985556006,0.169235840,-0.036193799,-0.169350073,0.984891236,70.0000000,1280,720,minecraft:overworld,flashback_export_aligned
1,20260914-203609-flashback_export,flashback_export,352,34559649360700,-557.263879616,88.269999981,244.313860044,-177.8953857,-9.7500324,-0.084968127,0.018298781,-0.001560721,-0.996214390,0.999325514,-0.000000000,0.036724243,-0.006219253,0.985556006,0.169235840,-0.036193799,-0.169350073,0.984891236,70.0000000,1280,720,minecraft:overworld,flashback_export_aligned
1,20260914-203609-flashback_export,flashback_export,353,34559670853600,-557.285450897,88.269999981,244.313065527,-177.8953857,-9.7500324,-0.084968127,0.018298781,-0.001560721,-0.996214390,0.999325514,-0.000000000,0.036724243,-0.006219253,0.985556006,0.169235840,-0.036193799,-0.169350073,0.984891236,70.0000000,1280,720,minecraft:overworld,flashback_export_aligned
1,20260914-203609-flashback_export,flashback_export,354,34559694113000,-557.307022178,88.269999981,244.312271009,-177.8953857,-9.7500324,-0.084968127,0.018298781,-0.001560721,-0.996214390,0.999325514,-0.000000000,0.036724243,-0.006219253,0.985556006,0.169235840,-0.036193799,-0.169350073,0.984891236,70.0000000,1280,720,minecraft:overworld,flashback_export_aligned
1,20260914-203609-flashback_export,flashback_export,355,34559720122000,-557.328593461,88.269999981,244.311476492,-177.8953857,-9.7500324,-0.084968127,0.018298781,-0.001560721,-0.996214390,0.999325514,-0.000000000,0.036724243,-0.006219253,0.985556006,0.169235840,-0.036193799,-0.169350073,0.984891236,70.0000000,1280,720,minecraft:overworld,flashback_export_aligned
1,20260914-203609-flashback_export,flashback_export,356,34559740811700,-557.350164743,88.269999981,244.310681975,-177.8953857,-9.7500324,-0.084968127,0.018298781,-0.001560721,-0.996214390,0.999325514,-0.000000000,0.036724243,-0.006219253,0.985556006,0.169235840,-0.036193799,-0.169350073,0.984891236,70.0000000,1280,720,minecraft:overworld,flashback_export_aligned
1,20260914-203609-flashback_export,flashback_export,357,34559763190000,-557.371736021,88.269999981,244.309887457,-177.8953857,-9.7500324,-0.084968127,0.018298781,-0.001560721,-0.996214390,0.999325514,-0.000000000,0.036724243,-0.006219253,0.985556006,0.169235840,-0.036193799,-0.169350073,0.984891236,70.0000000,1280,720,minecraft:overworld,flashback_export_aligned
1,20260914-203609-flashback_export,flashback_export,358,34559785553200,-557.393307302,88.269999981,244.309092940,-177.8953857,-9.7500324,-0.084968127,0.018298781,-0.001560721,-0.996214390,0.999325514,-0.000000000,0.036724243,-0.006219253,0.985556006,0.169235840,-0.036193799,-0.169350073,0.984891236,70.0000000,1280,720,minecraft:overworld,flashback_export_aligned
1,20260914-203609-flashback_export,flashback_export,359,34559805106300,-557.414878583,88.269999981,244.308298423,-177.8953857,-9.7500324,-0.084968127,0.018298781,-0.001560721,-0.996214390,0.999325514,-0.000000000,0.036724243,-0.006219253,0.985556006,0.169235840,-0.036193799,-0.169350073,0.984891236,70.0000000,1280,720,minecraft:overworld,flashback_export_aligned
1,20260914-203609-flashback_export,flashback_export,360,34559831030100,-557.436449864,88.269999981,244.307503905,-177.8953857,-9.7500324,-0.084968127,0.018298781,-0.001560721,-0.996214390,0.999325514,-0.000000000,0.036724243,-0.006219253,0.985556006,0.169235840,-0.036193799,-0.169350073,0.984891236,70.0000000,1280,720,minecraft:overworld,flashback_export_aligned
1,20260914-203609-flashback_export,flashback_export,361,34559852809600,-557.458021145,88.269999981,244.306709388,-177.8953857,-9.7500324,-0.084968127,0.018298781,-0.001560721,-0.996214390,0.999325514,-0.000000000,0.036724243,-0.006219253,0.985556006,0.169235840,-0.036193799,-0.169350073,0.984891236,70.0000000,1280,720,minecraft:overworld,flashback_export_aligned
1,20260914-203609-flashback_export,flashback_export,362,34559872364200,-557.479592427,88.269999981,244.305914870,-177.8953857,-9.7500324,-0.084968127,0.018298781,-0.001560721,-0.996214390,0.999325514,-0.000000000,0.036724243,-0.006219253,0.985556006,0.169235840,-0.036193799,-0.169350073,0.984891236,70.0000000,1280,720,minecraft:overworld,flashback_export_aligned
1,20260914-203609-flashback_export,flashback_export,363,34559894935700,-557.501163707,88.269999981,244.305120353,-177.8953857,-9.7500324,-0.084968127,0.018298781,-0.001560721,-0.996214390,0.999325514,-0.000000000,0.036724243,-0.006219253,0.985556006,0.169235840,-0.036193799,-0.169350073,0.984891236,70.0000000,1280,720,minecraft:overworld,flashback_export_aligned
1,20260914-203609-flashback_export,flashback_export,364,34559916113100,-557.522734990,88.269999981,244.304325836,-177.8953857,-9.7500324,-0.084968127,0.018298781,-0.001560721,-0.996214390,0.999325514,-0.000000000,0.036724243,-0.006219253,0.985556006,0.169235840,-0.036193799,-0.169350073,0.984891236,70.0000000,1280,720,minecraft:overworld,flashback_export_aligned
1,20260914-203609-flashback_export,flashback_export,365,34559936799200,-557.544306272,88.269999981,244.303531318,-177.8953857,-9.7500324,-0.084968127,0.018298781,-0.001560721,-0.996214390,0.999325514,-0.000000000,0.036724243,-0.006219253,0.985556006,0.169235840,-0.036193799,-0.169350073,0.984891236,70.0000000,1280,720,minecraft:overworld,flashback_export_aligned
1,20260914-203609-flashback_export,flashback_export,366,34559958128000,-557.565877550,88.269999981,244.302736801,-177.8953857,-9.7500324,-0.084968127,0.018298781,-0.001560721,-0.996214390,0.999325514,-0.000000000,0.036724243,-0.006219253,0.985556006,0.169235840,-0.036193799,-0.169350073,0.984891236,70.0000000,1280,720,minecraft:overworld,flashback_export_aligned
1,20260914-203609-flashback_export,flashback_export,367,34559977617300,-557.587448831,88.269999981,244.301942284,-177.8953857,-9.7500324,-0.084968127,0.018298781,-0.001560721,-0.996214390,0.999325514,-0.000000000,0.036724243,-0.006219253,0.985556006,0.169235840,-0.036193799,-0.169350073,0.984891236,70.0000000,1280,720,minecraft:overworld,flashback_export_aligned
1,20260914-203609-flashback_export,flashback_export,368,34559998546700,-557.609020111,88.269999981,244.301147766,-177.8953857,-9.7500324,-0.084968127,0.018298781,-0.001560721,-0.996214390,0.999325514,-0.000000000,0.036724243,-0.006219253,0.985556006,0.169235840,-0.036193799,-0.169350073,0.984891236,70.0000000,1280,720,minecraft:overworld,flashback_export_aligned
1,20260914-203609-flashback_export,flashback_export,369,34560021136700,-557.630591393,88.269999981,244.300353249,-177.8953857,-9.7500324,-0.084968127,0.018298781,-0.001560721,-0.996214390,0.999325514,-0.000000000,0.036724243,-0.006219253,0.985556006,0.169235840,-0.036193799,-0.169350073,0.984891236,70.0000000,1280,720,minecraft:overworld,flashback_export_aligned
1,20260914-203609-flashback_export,flashback_export,370,34560040181500,-557.652162674,88.269999981,244.299558731,-177.8953857,-9.7500324,-0.084968127,0.018298781,-0.001560721,-0.996214390,0.999325514,-0.000000000,0.036724243,-0.006219253,0.985556006,0.169235840,-0.036193799,-0.169350073,0.984891236,70.0000000,1280,720,minecraft:overworld,flashback_export_aligned
1,20260914-203609-flashback_export,flashback_export,371,34560058997500,-557.673733954,88.269999981,244.298764214,-177.8953857,-9.7500324,-0.084968127,0.018298781,-0.001560721,-0.996214390,0.999325514,-0.000000000,0.036724243,-0.006219253,0.985556006,0.169235840,-0.036193799,-0.169350073,0.984891236,70.0000000,1280,720,minecraft:overworld,flashback_export_aligned
1,20260914-203609-flashback_export,flashback_export,372,34560084171800,-557.695305236,88.269999981,244.297969697,-177.8953857,-9.7500324,-0.084968127,0.018298781,-0.001560721,-0.996214390,0.999325514,-0.000000000,0.036724243,-0.006219253,0.985556006,0.169235840,-0.036193799,-0.169350073,0.984891236,70.0000000,1280,720,minecraft:overworld,flashback_export_aligned
1,20260914-203609-flashback_export,flashback_export,373,34560103781600,-557.716876517,88.269999981,244.297175179,-177.8953857,-9.7500324,-0.084968127,0.018298781,-0.001560721,-0.996214390,0.999325514,-0.000000000,0.036724243,-0.006219253,0.985556006,0.169235840,-0.036193799,-0.169350073,0.984891236,70.0000000,1280,720,minecraft:overworld,flashback_export_aligned
1,20260914-203609-flashback_export,flashback_export,374,34560122568300,-557.738447797,88.269999981,244.296380662,-177.8953857,-9.7500324,-0.084968127,0.018298781,-0.001560721,-0.996214390,0.999325514,-0.000000000,0.036724243,-0.006219253,0.985556006,0.169235840,-0.036193799,-0.169350073,0.984891236,70.0000000,1280,720,minecraft:overworld,flashback_export_aligned
1,20260914-203609-flashback_export,flashback_export,375,34560143347400,-557.760019079,88.269999981,244.295586144,-177.8953857,-9.7500324,-0.084968127,0.018298781,-0.001560721,-0.996214390,0.999325514,-0.000000000,0.036724243,-0.006219253,0.985556006,0.169235840,-0.036193799,-0.169350073,0.984891236,70.0000000,1280,720,minecraft:overworld,flashback_export_aligned
1,20260914-203609-flashback_export,flashback_export,376,34560163374100,-557.781590362,88.269999981,244.294791627,-177.8953857,-9.7500324,-0.084968127,0.018298781,-0.001560721,-0.996214390,0.999325514,-0.000000000,0.036724243,-0.006219253,0.985556006,0.169235840,-0.036193799,-0.169350073,0.984891236,70.0000000,1280,720,minecraft:overworld,flashback_export_aligned
1,20260914-203609-flashback_export,flashback_export,377,34560184968400,-557.803161644,88.269999981,244.293997110,-177.8953857,-9.7500324,-0.084968127,0.018298781,-0.001560721,-0.996214390,0.999325514,-0.000000000,0.036724243,-0.006219253,0.985556006,0.169235840,-0.036193799,-0.169350073,0.984891236,70.0000000,1280,720,minecraft:overworld,flashback_export_aligned
1,20260914-203609-flashback_export,flashback_export,378,34560205993700,-557.824732922,88.269999981,244.293202592,-177.8953857,-9.7500324,-0.084968127,0.018298781,-0.001560721,-0.996214390,0.999325514,-0.000000000,0.036724243,-0.006219253,0.985556006,0.169235840,-0.036193799,-0.169350073,0.984891236,70.0000000,1280,720,minecraft:overworld,flashback_export_aligned
1,20260914-203609-flashback_export,flashback_export,379,34560225942800,-557.846304203,88.269999981,244.292408075,-177.8953857,-9.7500324,-0.084968127,0.018298781,-0.001560721,-0.996214390,0.999325514,-0.000000000,0.036724243,-0.006219253,0.985556006,0.169235840,-0.036193799,-0.169350073,0.984891236,70.0000000,1280,720,minecraft:overworld,flashback_export_aligned
1,20260914-203609-flashback_export,flashback_export,380,34560245314100,-557.867875483,88.269999981,244.291613558,-177.8953857,-9.7500324,-0.084968127,0.018298781,-0.001560721,-0.996214390,0.999325514,-0.000000000,0.036724243,-0.006219253,0.985556006,0.169235840,-0.036193799,-0.169350073,0.984891236,70.0000000,1280,720,minecraft:overworld,flashback_export_aligned
1,20260914-203609-flashback_export,flashback_export,381,34560268584100,-557.889446765,88.269999981,244.290819040,-177.8953857,-9.7500324,-0.084968127,0.018298781,-0.001560721,-0.996214390,0.999325514,-0.000000000,0.036724243,-0.006219253,0.985556006,0.169235840,-0.036193799,-0.169350073,0.984891236,70.0000000,1280,720,minecraft:overworld,flashback_export_aligned
1,20260914-203609-flashback_export,flashback_export,382,34560288790400,-557.911018046,88.269999981,244.290024523,-177.8953857,-9.7500324,-0.084968127,0.018298781,-0.001560721,-0.996214390,0.999325514,-0.000000000,0.036724243,-0.006219253,0.985556006,0.169235840,-0.036193799,-0.169350073,0.984891236,70.0000000,1280,720,minecraft:overworld,flashback_export_aligned
1,20260914-203609-flashback_export,flashback_export,383,34560309024300,-557.932589328,88.269999981,244.289230005,-177.8953857,-9.7500324,-0.084968127,0.018298781,-0.001560721,-0.996214390,0.999325514,-0.000000000,0.036724243,-0.006219253,0.985556006,0.169235840,-0.036193799,-0.169350073,0.984891236,70.0000000,1280,720,minecraft:overworld,flashback_export_aligned
1,20260914-203609-flashback_export,flashback_export,384,34560329712900,-557.954160608,88.269999981,244.288435488,-177.8953857,-9.7500324,-0.084968127,0.018298781,-0.001560721,-0.996214390,0.999325514,-0.000000000,0.036724243,-0.006219253,0.985556006,0.169235840,-0.036193799,-0.169350073,0.984891236,70.0000000,1280,720,minecraft:overworld,flashback_export_aligned
1,20260914-203609-flashback_export,flashback_export,385,34560350262500,-557.975731891,88.269999981,244.287640971,-177.8953857,-9.7500324,-0.084968127,0.018298781,-0.001560721,-0.996214390,0.999325514,-0.000000000,0.036724243,-0.006219253,0.985556006,0.169235840,-0.036193799,-0.169350073,0.984891236,70.0000000,1280,720,minecraft:overworld,flashback_export_aligned
1,20260914-203609-flashback_export,flashback_export,386,34560371145500,-557.997303173,88.269999981,244.286846453,-177.8953857,-9.7500324,-0.084968127,0.018298781,-0.001560721,-0.996214390,0.999325514,-0.000000000,0.036724243,-0.006219253,0.985556006,0.169235840,-0.036193799,-0.169350073,0.984891236,70.0000000,1280,720,minecraft:overworld,flashback_export_aligned
1,20260914-203609-flashback_export,flashback_export,387,34560399810800,-558.018874451,88.269999981,244.286051936,-177.8953857,-9.7500324,-0.084968127,0.018298781,-0.001560721,-0.996214390,0.999325514,-0.000000000,0.036724243,-0.006219253,0.985556006,0.169235840,-0.036193799,-0.169350073,0.984891236,70.0000000,1280,720,minecraft:overworld,flashback_export_aligned
1,20260914-203609-flashback_export,flashback_export,388,34560420779000,-558.040445733,88.269999981,244.285257419,-177.8953857,-9.7500324,-0.084968127,0.018298781,-0.001560721,-0.996214390,0.999325514,-0.000000000,0.036724243,-0.006219253,0.985556006,0.169235840,-0.036193799,-0.169350073,0.984891236,70.0000000,1280,720,minecraft:overworld,flashback_export_aligned
1,20260914-203609-flashback_export,flashback_export,389,34560439788700,-558.062017014,88.269999981,244.284462901,-177.8953857,-9.7500324,-0.084968127,0.018298781,-0.001560721,-0.996214390,0.999325514,-0.000000000,0.036724243,-0.006219253,0.985556006,0.169235840,-0.036193799,-0.169350073,0.984891236,70.0000000,1280,720,minecraft:overworld,flashback_export_aligned
1,20260914-203609-flashback_export,flashback_export,390,34560462943800,-558.083588294,88.269999981,244.283668384,-177.8953857,-9.7500324,-0.084968127,0.018298781,-0.001560721,-0.996214390,0.999325514,-0.000000000,0.036724243,-0.006219253,0.985556006,0.169235840,-0.036193799,-0.169350073,0.984891236,70.0000000,1280,720,minecraft:overworld,flashback_export_aligned
1,20260914-203609-flashback_export,flashback_export,391,34560483477200,-558.105159575,88.269999981,244.282873866,-177.8953857,-9.7500324,-0.084968127,0.018298781,-0.001560721,-0.996214390,0.999325514,-0.000000000,0.036724243,-0.006219253,0.985556006,0.169235840,-0.036193799,-0.169350073,0.984891236,70.0000000,1280,720,minecraft:overworld,flashback_export_aligned
1,20260914-203609-flashback_export,flashback_export,392,34560504525000,-558.126730857,88.269999981,244.282079349,-177.8953857,-9.7500324,-0.084968127,0.018298781,-0.001560721,-0.996214390,0.999325514,-0.000000000,0.036724243,-0.006219253,0.985556006,0.169235840,-0.036193799,-0.169350073,0.984891236,70.0000000,1280,720,minecraft:overworld,flashback_export_aligned
1,20260914-203609-flashback_export,flashback_export,393,34560526445100,-558.148302137,88.269999981,244.281284832,-177.8953857,-9.7500324,-0.084968127,0.018298781,-0.001560721,-0.996214390,0.999325514,-0.000000000,0.036724243,-0.006219253,0.985556006,0.169235840,-0.036193799,-0.169350073,0.984891236,70.0000000,1280,720,minecraft:overworld,flashback_export_aligned
1,20260914-203609-flashback_export,flashback_export,394,34560547660200,-558.169873419,88.269999981,244.280490314,-177.8953857,-9.7500324,-0.084968127,0.018298781,-0.001560721,-0.996214390,0.999325514,-0.000000000,0.036724243,-0.006219253,0.985556006,0.169235840,-0.036193799,-0.169350073,0.984891236,70.0000000,1280,720,minecraft:overworld,flashback_export_aligned
1,20260914-203609-flashback_export,flashback_export,395,34560568661400,-558.191444701,88.269999981,244.279695797,-177.8953857,-9.7500324,-0.084968127,0.018298781,-0.001560721,-0.996214390,0.999325514,-0.000000000,0.036724243,-0.006219253,0.985556006,0.169235840,-0.036193799,-0.169350073,0.984891236,70.0000000,1280,720,minecraft:overworld,flashback_export_aligned
1,20260914-203609-flashback_export,flashback_export,396,34560590903200,-558.213015980,88.269999981,244.278901280,-177.8953857,-9.7500324,-0.084968127,0.018298781,-0.001560721,-0.996214390,0.999325514,-0.000000000,0.036724243,-0.006219253,0.985556006,0.169235840,-0.036193799,-0.169350073,0.984891236,70.0000000,1280,720,minecraft:overworld,flashback_export_aligned
1,20260914-203609-flashback_export,flashback_export,397,34560612512400,-558.234587261,88.269999981,244.278106762,-177.8953857,-9.7500324,-0.084968127,0.018298781,-0.001560721,-0.996214390,0.999325514,-0.000000000,0.036724243,-0.006219253,0.985556006,0.169235840,-0.036193799,-0.169350073,0.984891236,70.0000000,1280,720,minecraft:overworld,flashback_export_aligned
1,20260914-203609-flashback_export,flashback_export,398,34560634522500,-558.256158542,88.269999981,244.277312245,-177.8953857,-9.7500324,-0.084968127,0.018298781,-0.001560721,-0.996214390,0.999325514,-0.000000000,0.036724243,-0.006219253,0.985556006,0.169235840,-0.036193799,-0.169350073,0.984891236,70.0000000,1280,720,minecraft:overworld,flashback_export_aligned
1,20260914-203609-flashback_export,flashback_export,399,34560656730800,-558.277729823,88.269999981,244.276517727,-177.8953857,-9.7500324,-0.084968127,0.018298781,-0.001560721,-0.996214390,0.999325514,-0.000000000,0.036724243,-0.006219253,0.985556006,0.169235840,-0.036193799,-0.169350073,0.984891236,70.0000000,1280,720,minecraft:overworld,flashback_export_aligned
1,20260914-203609-flashback_export,flashback_export,400,34560676799200,-558.299301104,88.269999981,244.275723210,-177.8953857,-9.7500324,-0.084968127,0.018298781,-0.001560721,-0.996214390,0.999325514,-0.000000000,0.036724243,-0.006219253,0.985556006,0.169235840,-0.036193799,-0.169350073,0.984891236,70.0000000,1280,720,minecraft:overworld,flashback_export_aligned
1,20260914-203609-flashback_export,flashback_export,401,34560703369300,-558.320872384,88.269999981,244.274928693,-177.8953857,-9.7500324,-0.084968127,0.018298781,-0.001560721,-0.996214390,0.999325514,-0.000000000,0.036724243,-0.006219253,0.985556006,0.169235840,-0.036193799,-0.169350073,0.984891236,70.0000000,1280,720,minecraft:overworld,flashback_export_aligned
1,20260914-203609-flashback_export,flashback_export,402,34560736116400,-558.342443666,88.269999981,244.274134175,-177.8953857,-9.7500324,-0.084968127,0.018298781,-0.001560721,-0.996214390,0.999325514,-0.000000000,0.036724243,-0.006219253,0.985556006,0.169235840,-0.036193799,-0.169350073,0.984891236,70.0000000,1280,720,minecraft:overworld,flashback_export_aligned
1,20260914-203609-flashback_export,flashback_export,403,34560760135200,-558.364014947,88.269999981,244.273339658,-177.8953857,-9.7500324,-0.084968127,0.018298781,-0.001560721,-0.996214390,0.999325514,-0.000000000,0.036724243,-0.006219253,0.985556006,0.169235840,-0.036193799,-0.169350073,0.984891236,70.0000000,1280,720,minecraft:overworld,flashback_export_aligned
1,20260914-203609-flashback_export,flashback_export,404,34560784206200,-558.385586227,88.269999981,244.272545141,-177.8953857,-9.7500324,-0.084968127,0.018298781,-0.001560721,-0.996214390,0.999325514,-0.000000000,0.036724243,-0.006219253,0.985556006,0.169235840,-0.036193799,-0.169350073,0.984891236,70.0000000,1280,720,minecraft:overworld,flashback_export_aligned
1,20260914-203609-flashback_export,flashback_export,405,34560808016200,-558.407157509,88.269999981,244.271750623,-177.8953857,-9.7500324,-0.084968127,0.018298781,-0.001560721,-0.996214390,0.999325514,-0.000000000,0.036724243,-0.006219253,0.985556006,0.169235840,-0.036193799,-0.169350073,0.984891236,70.0000000,1280,720,minecraft:overworld,flashback_export_aligned
1,20260914-203609-flashback_export,flashback_export,406,34560828701100,-558.428728790,88.269999981,244.270956106,-177.8953857,-9.7500324,-0.084968127,0.018298781,-0.001560721,-0.996214390,0.999325514,-0.000000000,0.036724243,-0.006219253,0.985556006,0.169235840,-0.036193799,-0.169350073,0.984891236,70.0000000,1280,720,minecraft:overworld,flashback_export_aligned
1,20260914-203609-flashback_export,flashback_export,407,34560853139100,-558.450300071,88.269999981,244.270161588,-177.8953857,-9.7500324,-0.084968127,0.018298781,-0.001560721,-0.996214390,0.999325514,-0.000000000,0.036724243,-0.006219253,0.985556006,0.169235840,-0.036193799,-0.169350073,0.984891236,70.0000000,1280,720,minecraft:overworld,flashback_export_aligned
1,20260914-203609-flashback_export,flashback_export,408,34560875134900,-558.471871352,88.269999981,244.269367071,-177.8953857,-9.7500324,-0.084968127,0.018298781,-0.001560721,-0.996214390,0.999325514,-0.000000000,0.036724243,-0.006219253,0.985556006,0.169235840,-0.036193799,-0.169350073,0.984891236,70.0000000,1280,720,minecraft:overworld,flashback_export_aligned
1,20260914-203609-flashback_export,flashback_export,409,34560896912100,-558.493442634,88.269999981,244.268572554,-177.8953857,-9.7500324,-0.084968127,0.018298781,-0.001560721,-0.996214390,0.999325514,-0.000000000,0.036724243,-0.006219253,0.985556006,0.169235840,-0.036193799,-0.169350073,0.984891236,70.0000000,1280,720,minecraft:overworld,flashback_export_aligned
1,20260914-203609-flashback_export,flashback_export,410,34560919081700,-558.515013916,88.269999981,244.267778036,-177.8953857,-9.7500324,-0.084968127,0.018298781,-0.001560721,-0.996214390,0.999325514,-0.000000000,0.036724243,-0.006219253,0.985556006,0.169235840,-0.036193799,-0.169350073,0.984891236,70.0000000,1280,720,minecraft:overworld,flashback_export_aligned
1,20260914-203609-flashback_export,flashback_export,411,34560941691000,-558.536585195,88.269999981,244.266983519,-177.8953857,-9.7500324,-0.084968127,0.018298781,-0.001560721,-0.996214390,0.999325514,-0.000000000,0.036724243,-0.006219253,0.985556006,0.169235840,-0.036193799,-0.169350073,0.984891236,70.0000000,1280,720,minecraft:overworld,flashback_export_aligned
1,20260914-203609-flashback_export,flashback_export,412,34560961531300,-558.558156478,88.269999981,244.266189002,-177.8953857,-9.7500324,-0.084968127,0.018298781,-0.001560721,-0.996214390,0.999325514,-0.000000000,0.036724243,-0.006219253,0.985556006,0.169235840,-0.036193799,-0.169350073,0.984891236,70.0000000,1280,720,minecraft:overworld,flashback_export_aligned
1,20260914-203609-flashback_export,flashback_export,413,34560983511600,-558.579727761,88.269999981,244.265394484,-177.8953857,-9.7500324,-0.084968127,0.018298781,-0.001560721,-0.996214390,0.999325514,-0.000000000,0.036724243,-0.006219253,0.985556006,0.169235840,-0.036193799,-0.169350073,0.984891236,70.0000000,1280,720,minecraft:overworld,flashback_export_aligned
1,20260914-203609-flashback_export,flashback_export,414,34561006997200,-558.601299038,88.269999981,244.264599967,-177.8953857,-9.7500324,-0.084968127,0.018298781,-0.001560721,-0.996214390,0.999325514,-0.000000000,0.036724243,-0.006219253,0.985556006,0.169235840,-0.036193799,-0.169350073,0.984891236,70.0000000,1280,720,minecraft:overworld,flashback_export_aligned
1,20260914-203609-flashback_export,flashback_export,415,34561028251100,-558.622870320,88.269999981,244.263805449,-177.8953857,-9.7500324,-0.084968127,0.018298781,-0.001560721,-0.996214390,0.999325514,-0.000000000,0.036724243,-0.006219253,0.985556006,0.169235840,-0.036193799,-0.169350073,0.984891236,70.0000000,1280,720,minecraft:overworld,flashback_export_aligned
1,20260914-203609-flashback_export,flashback_export,416,34561051910300,-558.644441602,88.269999981,244.263010932,-177.8953857,-9.7500324,-0.084968127,0.018298781,-0.001560721,-0.996214390,0.999325514,-0.000000000,0.036724243,-0.006219253,0.985556006,0.169235840,-0.036193799,-0.169350073,0.984891236,70.0000000,1280,720,minecraft:overworld,flashback_export_aligned
1,20260914-203609-flashback_export,flashback_export,417,34561075397300,-558.666012881,88.269999981,244.262216415,-177.8953857,-9.7500324,-0.084968127,0.018298781,-0.001560721,-0.996214390,0.999325514,-0.000000000,0.036724243,-0.006219253,0.985556006,0.169235840,-0.036193799,-0.169350073,0.984891236,70.0000000,1280,720,minecraft:overworld,flashback_export_aligned
1,20260914-203609-flashback_export,flashback_export,418,34561098748200,-558.687584162,88.269999981,244.261421897,-177.8953857,-9.7500324,-0.084968127,0.018298781,-0.001560721,-0.996214390,0.999325514,-0.000000000,0.036724243,-0.006219253,0.985556006,0.169235840,-0.036193799,-0.169350073,0.984891236,70.0000000,1280,720,minecraft:overworld,flashback_export_aligned
1,20260914-203609-flashback_export,flashback_export,419,34561123072700,-558.709155442,88.269999981,244.260627380,-177.8953857,-9.7500324,-0.084968127,0.018298781,-0.001560721,-0.996214390,0.999325514,-0.000000000,0.036724243,-0.006219253,0.985556006,0.169235840,-0.036193799,-0.169350073,0.984891236,70.0000000,1280,720,minecraft:overworld,flashback_export_aligned
1,20260914-203609-flashback_export,flashback_export,420,34561146029600,-558.730726724,88.269999981,244.259832863,-177.8953857,-9.7500324,-0.084968127,0.018298781,-0.001560721,-0.996214390,0.999325514,-0.000000000,0.036724243,-0.006219253,0.985556006,0.169235840,-0.036193799,-0.169350073,0.984891236,70.0000000,1280,720,minecraft:overworld,flashback_export_aligned
1,20260914-203609-flashback_export,flashback_export,421,34561167805500,-558.752298005,88.269999981,244.259038345,-177.8953857,-9.7500324,-0.084968127,0.018298781,-0.001560721,-0.996214390,0.999325514,-0.000000000,0.036724243,-0.006219253,0.985556006,0.169235840,-0.036193799,-0.169350073,0.984891236,70.0000000,1280,720,minecraft:overworld,flashback_export_aligned
1,20260914-203609-flashback_export,flashback_export,422,34561188656300,-558.773869285,88.269999981,244.258243828,-177.8953857,-9.7500324,-0.084968127,0.018298781,-0.001560721,-0.996214390,0.999325514,-0.000000000,0.036724243,-0.006219253,0.985556006,0.169235840,-0.036193799,-0.169350073,0.984891236,70.0000000,1280,720,minecraft:overworld,flashback_export_aligned
1,20260914-203609-flashback_export,flashback_export,423,34561211677100,-558.795440567,88.269999981,244.257449310,-177.8953857,-9.7500324,-0.084968127,0.018298781,-0.001560721,-0.996214390,0.999325514,-0.000000000,0.036724243,-0.006219253,0.985556006,0.169235840,-0.036193799,-0.169350073,0.984891236,70.0000000,1280,720,minecraft:overworld,flashback_export_aligned
1,20260914-203609-flashback_export,flashback_export,424,34561236074800,-558.817011849,88.269999981,244.256654793,-177.8953857,-9.7500324,-0.084968127,0.018298781,-0.001560721,-0.996214390,0.999325514,-0.000000000,0.036724243,-0.006219253,0.985556006,0.169235840,-0.036193799,-0.169350073,0.984891236,70.0000000,1280,720,minecraft:overworld,flashback_export_aligned
1,20260914-203609-flashback_export,flashback_export,425,34561257401500,-558.838583131,88.269999981,244.255860276,-177.8953857,-9.7500324,-0.084968127,0.018298781,-0.001560721,-0.996214390,0.999325514,-0.000000000,0.036724243,-0.006219253,0.985556006,0.169235840,-0.036193799,-0.169350073,0.984891236,70.0000000,1280,720,minecraft:overworld,flashback_export_aligned
1,20260914-203609-flashback_export,flashback_export,426,34561281162200,-558.860154410,88.269999981,244.255065758,-177.8953857,-9.7500324,-0.084968127,0.018298781,-0.001560721,-0.996214390,0.999325514,-0.000000000,0.036724243,-0.006219253,0.985556006,0.169235840,-0.036193799,-0.169350073,0.984891236,70.0000000,1280,720,minecraft:overworld,flashback_export_aligned
1,20260914-203609-flashback_export,flashback_export,427,34561301438200,-558.881725693,88.269999981,244.254271241,-177.8953857,-9.7500324,-0.084968127,0.018298781,-0.001560721,-0.996214390,0.999325514,-0.000000000,0.036724243,-0.006219253,0.985556006,0.169235840,-0.036193799,-0.169350073,0.984891236,70.0000000,1280,720,minecraft:overworld,flashback_export_aligned
1,20260914-203609-flashback_export,flashback_export,428,34561321535900,-558.903296976,88.269999981,244.253476723,-177.8953857,-9.7500324,-0.084968127,0.018298781,-0.001560721,-0.996214390,0.999325514,-0.000000000,0.036724243,-0.006219253,0.985556006,0.169235840,-0.036193799,-0.169350073,0.984891236,70.0000000,1280,720,minecraft:overworld,flashback_export_aligned
1,20260914-203609-flashback_export,flashback_export,429,34561342867800,-558.924868253,88.269999981,244.252682206,-177.8953857,-9.7500324,-0.084968127,0.018298781,-0.001560721,-0.996214390,0.999325514,-0.000000000,0.036724243,-0.006219253,0.985556006,0.169235840,-0.036193799,-0.169350073,0.984891236,70.0000000,1280,720,minecraft:overworld,flashback_export_aligned
1,20260914-203609-flashback_export,flashback_export,430,34561363892400,-558.946439534,88.269999981,244.251887689,-177.8953857,-9.7500324,-0.084968127,0.018298781,-0.001560721,-0.996214390,0.999325514,-0.000000000,0.036724243,-0.006219253,0.985556006,0.169235840,-0.036193799,-0.169350073,0.984891236,70.0000000,1280,720,minecraft:overworld,flashback_export_aligned
1,20260914-203609-flashback_export,flashback_export,431,34561384856600,-558.968010814,88.269999981,244.251093171,-177.8953857,-9.7500324,-0.084968127,0.018298781,-0.001560721,-0.996214390,0.999325514,-0.000000000,0.036724243,-0.006219253,0.985556006,0.169235840,-0.036193799,-0.169350073,0.984891236,70.0000000,1280,720,minecraft:overworld,flashback_export_aligned
1,20260914-203609-flashback_export,flashback_export,432,34561408256200,-558.989582096,88.269999981,244.250298654,-177.8953857,-9.7500324,-0.084968127,0.018298781,-0.001560721,-0.996214390,0.999325514,-0.000000000,0.036724243,-0.006219253,0.985556006,0.169235840,-0.036193799,-0.169350073,0.984891236,70.0000000,1280,720,minecraft:overworld,flashback_export_aligned
1,20260914-203609-flashback_export,flashback_export,433,34561430253700,-559.011153377,88.269999981,244.249504137,-177.8953857,-9.7500324,-0.084968127,0.018298781,-0.001560721,-0.996214390,0.999325514,-0.000000000,0.036724243,-0.006219253,0.985556006,0.169235840,-0.036193799,-0.169350073,0.984891236,70.0000000,1280,720,minecraft:overworld,flashback_export_aligned
1,20260914-203609-flashback_export,flashback_export,434,34561451794400,-559.032724657,88.269999981,244.248709619,-177.8953857,-9.7500324,-0.084968127,0.018298781,-0.001560721,-0.996214390,0.999325514,-0.000000000,0.036724243,-0.006219253,0.985556006,0.169235840,-0.036193799,-0.169350073,0.984891236,70.0000000,1280,720,minecraft:overworld,flashback_export_aligned
1,20260914-203609-flashback_export,flashback_export,435,34561475839200,-559.054295939,88.269999981,244.247915102,-177.8953857,-9.7500324,-0.084968127,0.018298781,-0.001560721,-0.996214390,0.999325514,-0.000000000,0.036724243,-0.006219253,0.985556006,0.169235840,-0.036193799,-0.169350073,0.984891236,70.0000000,1280,720,minecraft:overworld,flashback_export_aligned
1,20260914-203609-flashback_export,flashback_export,436,34561499584500,-559.075867220,88.269999981,244.247120585,-177.8953857,-9.7500324,-0.084968127,0.018298781,-0.001560721,-0.996214390,0.999325514,-0.000000000,0.036724243,-0.006219253,0.985556006,0.169235840,-0.036193799,-0.169350073,0.984891236,70.0000000,1280,720,minecraft:overworld,flashback_export_aligned
1,20260914-203609-flashback_export,flashback_export,437,34561523286500,-559.097438500,88.269999981,244.246326067,-177.8953857,-9.7500324,-0.084968127,0.018298781,-0.001560721,-0.996214390,0.999325514,-0.000000000,0.036724243,-0.006219253,0.985556006,0.169235840,-0.036193799,-0.169350073,0.984891236,70.0000000,1280,720,minecraft:overworld,flashback_export_aligned
1,20260914-203609-flashback_export,flashback_export,438,34561549352400,-559.119009782,88.269999981,244.245531550,-177.8953857,-9.7500324,-0.084968127,0.018298781,-0.001560721,-0.996214390,0.999325514,-0.000000000,0.036724243,-0.006219253,0.985556006,0.169235840,-0.036193799,-0.169350073,0.984891236,70.0000000,1280,720,minecraft:overworld,flashback_export_aligned
1,20260914-203609-flashback_export,flashback_export,439,34561575923400,-559.140581063,88.269999981,244.244737032,-177.8953857,-9.7500324,-0.084968127,0.018298781,-0.001560721,-0.996214390,0.999325514,-0.000000000,0.036724243,-0.006219253,0.985556006,0.169235840,-0.036193799,-0.169350073,0.984891236,70.0000000,1280,720,minecraft:overworld,flashback_export_aligned
1,20260914-203609-flashback_export,flashback_export,440,34561604991300,-559.162152344,88.269999981,244.243942515,-177.8953857,-9.7500324,-0.084968127,0.018298781,-0.001560721,-0.996214390,0.999325514,-0.000000000,0.036724243,-0.006219253,0.985556006,0.169235840,-0.036193799,-0.169350073,0.984891236,70.0000000,1280,720,minecraft:overworld,flashback_export_aligned
1,20260914-203609-flashback_export,flashback_export,441,34561633947000,-559.183723625,88.269999981,244.243147998,-177.8953857,-9.7500324,-0.084968127,0.018298781,-0.001560721,-0.996214390,0.999325514,-0.000000000,0.036724243,-0.006219253,0.985556006,0.169235840,-0.036193799,-0.169350073,0.984891236,70.0000000,1280,720,minecraft:overworld,flashback_export_aligned
1,20260914-203609-flashback_export,flashback_export,442,34561658876300,-559.205294906,88.269999981,244.242353480,-177.8953857,-9.7500324,-0.084968127,0.018298781,-0.001560721,-0.996214390,0.999325514,-0.000000000,0.036724243,-0.006219253,0.985556006,0.169235840,-0.036193799,-0.169350073,0.984891236,70.0000000,1280,720,minecraft:overworld,flashback_export_aligned
1,20260914-203609-flashback_export,flashback_export,443,34561681290800,-559.226866187,88.269999981,244.241558963,-177.8953857,-9.7500324,-0.084968127,0.018298781,-0.001560721,-0.996214390,0.999325514,-0.000000000,0.036724243,-0.006219253,0.985556006,0.169235840,-0.036193799,-0.169350073,0.984891236,70.0000000,1280,720,minecraft:overworld,flashback_export_aligned
1,20260914-203609-flashback_export,flashback_export,444,34561708243800,-559.248437468,88.269999981,244.240764446,-177.8953857,-9.7500324,-0.084968127,0.018298781,-0.001560721,-0.996214390,0.999325514,-0.000000000,0.036724243,-0.006219253,0.985556006,0.169235840,-0.036193799,-0.169350073,0.984891236,70.0000000,1280,720,minecraft:overworld,flashback_export_aligned
1,20260914-203609-flashback_export,flashback_export,445,34561732985500,-559.270008751,88.269999981,244.239969928,-177.8953857,-9.7500324,-0.084968127,0.018298781,-0.001560721,-0.996214390,0.999325514,-0.000000000,0.036724243,-0.006219253,0.985556006,0.169235840,-0.036193799,-0.169350073,0.984891236,70.0000000,1280,720,minecraft:overworld,flashback_export_aligned
1,20260914-203609-flashback_export,flashback_export,446,34561753734200,-559.291580034,88.269999981,244.239175411,-177.8953857,-9.7500324,-0.084968127,0.018298781,-0.001560721,-0.996214390,0.999325514,-0.000000000,0.036724243,-0.006219253,0.985556006,0.169235840,-0.036193799,-0.169350073,0.984891236,70.0000000,1280,720,minecraft:overworld,flashback_export_aligned
1,20260914-203609-flashback_export,flashback_export,447,34561777180400,-559.313151311,88.269999981,244.238380893,-177.8953857,-9.7500324,-0.084968127,0.018298781,-0.001560721,-0.996214390,0.999325514,-0.000000000,0.036724243,-0.006219253,0.985556006,0.169235840,-0.036193799,-0.169350073,0.984891236,70.0000000,1280,720,minecraft:overworld,flashback_export_aligned
1,20260914-203609-flashback_export,flashback_export,448,34561799826400,-559.334722592,88.269999981,244.237586376,-177.8953857,-9.7500324,-0.084968127,0.018298781,-0.001560721,-0.996214390,0.999325514,-0.000000000,0.036724243,-0.006219253,0.985556006,0.169235840,-0.036193799,-0.169350073,0.984891236,70.0000000,1280,720,minecraft:overworld,flashback_export_aligned
1,20260914-203609-flashback_export,flashback_export,449,34561822137400,-559.356293873,88.269999981,244.236791859,-177.8953857,-9.7500324,-0.084968127,0.018298781,-0.001560721,-0.996214390,0.999325514,-0.000000000,0.036724243,-0.006219253,0.985556006,0.169235840,-0.036193799,-0.169350073,0.984891236,70.0000000,1280,720,minecraft:overworld,flashback_export_aligned
1,20260914-203609-flashback_export,flashback_export,450,34561844883000,-559.377865154,88.269999981,244.235997341,-177.8953857,-9.7500324,-0.084968127,0.018298781,-0.001560721,-0.996214390,0.999325514,-0.000000000,0.036724243,-0.006219253,0.985556006,0.169235840,-0.036193799,-0.169350073,0.984891236,70.0000000,1280,720,minecraft:overworld,flashback_export_aligned
1,20260914-203609-flashback_export,flashback_export,451,34561866296100,-559.399436435,88.269999981,244.235202824,-177.8953857,-9.7500324,-0.084968127,0.018298781,-0.001560721,-0.996214390,0.999325514,-0.000000000,0.036724243,-0.006219253,0.985556006,0.169235840,-0.036193799,-0.169350073,0.984891236,70.0000000,1280,720,minecraft:overworld,flashback_export_aligned
1,20260914-203609-flashback_export,flashback_export,452,34561885795100,-559.421007716,88.269999981,244.234408307,-177.8953857,-9.7500324,-0.084968127,0.018298781,-0.001560721,-0.996214390,0.999325514,-0.000000000,0.036724243,-0.006219253,0.985556006,0.169235840,-0.036193799,-0.169350073,0.984891236,70.0000000,1280,720,minecraft:overworld,flashback_export_aligned
1,20260914-203609-flashback_export,flashback_export,453,34561908530000,-559.442578997,88.269999981,244.233613789,-177.8953857,-9.7500324,-0.084968127,0.018298781,-0.001560721,-0.996214390,0.999325514,-0.000000000,0.036724243,-0.006219253,0.985556006,0.169235840,-0.036193799,-0.169350073,0.984891236,70.0000000,1280,720,minecraft:overworld,flashback_export_aligned
1,20260914-203609-flashback_export,flashback_export,454,34561928801200,-559.464150279,88.269999981,244.232819272,-177.8953857,-9.7500324,-0.084968127,0.018298781,-0.001560721,-0.996214390,0.999325514,-0.000000000,0.036724243,-0.006219253,0.985556006,0.169235840,-0.036193799,-0.169350073,0.984891236,70.0000000,1280,720,minecraft:overworld,flashback_export_aligned
1,20260914-203609-flashback_export,flashback_export,455,34561951251400,-559.485721560,88.269999981,244.232024754,-177.8953857,-9.7500324,-0.084968127,0.018298781,-0.001560721,-0.996214390,0.999325514,-0.000000000,0.036724243,-0.006219253,0.985556006,0.169235840,-0.036193799,-0.169350073,0.984891236,70.0000000,1280,720,minecraft:overworld,flashback_export_aligned
1,20260914-203609-flashback_export,flashback_export,456,34561975009700,-559.507292840,88.269999981,244.231230237,-177.8953857,-9.7500324,-0.084968127,0.018298781,-0.001560721,-0.996214390,0.999325514,-0.000000000,0.036724243,-0.006219253,0.985556006,0.169235840,-0.036193799,-0.169350073,0.984891236,70.0000000,1280,720,minecraft:overworld,flashback_export_aligned
1,20260914-203609-flashback_export,flashback_export,457,34561999517000,-559.528864121,88.269999981,244.230435720,-177.8953857,-9.7500324,-0.084968127,0.018298781,-0.001560721,-0.996214390,0.999325514,-0.000000000,0.036724243,-0.006219253,0.985556006,0.169235840,-0.036193799,-0.169350073,0.984891236,70.0000000,1280,720,minecraft:overworld,flashback_export_aligned
1,20260914-203609-flashback_export,flashback_export,458,34562021527000,-559.550435402,88.269999981,244.229641202,-177.8953857,-9.7500324,-0.084968127,0.018298781,-0.001560721,-0.996214390,0.999325514,-0.000000000,0.036724243,-0.006219253,0.985556006,0.169235840,-0.036193799,-0.169350073,0.984891236,70.0000000,1280,720,minecraft:overworld,flashback_export_aligned
1,20260914-203609-flashback_export,flashback_export,459,34562051114700,-559.572006683,88.269999981,244.228846685,-177.8953857,-9.7500324,-0.084968127,0.018298781,-0.001560721,-0.996214390,0.999325514,-0.000000000,0.036724243,-0.006219253,0.985556006,0.169235840,-0.036193799,-0.169350073,0.984891236,70.0000000,1280,720,minecraft:overworld,flashback_export_aligned
1,20260914-203609-flashback_export,flashback_export,460,34562076931200,-559.593577965,88.269999981,244.228052168,-177.8953857,-9.7500324,-0.084968127,0.018298781,-0.001560721,-0.996214390,0.999325514,-0.000000000,0.036724243,-0.006219253,0.985556006,0.169235840,-0.036193799,-0.169350073,0.984891236,70.0000000,1280,720,minecraft:overworld,flashback_export_aligned
1,20260914-203609-flashback_export,flashback_export,461,34562104723100,-559.615149246,88.269999981,244.227257650,-177.8953857,-9.7500324,-0.084968127,0.018298781,-0.001560721,-0.996214390,0.999325514,-0.000000000,0.036724243,-0.006219253,0.985556006,0.169235840,-0.036193799,-0.169350073,0.984891236,70.0000000,1280,720,minecraft:overworld,flashback_export_aligned
1,20260914-203609-flashback_export,flashback_export,462,34562133561300,-559.636720526,88.269999981,244.226463133,-177.8953857,-9.7500324,-0.084968127,0.018298781,-0.001560721,-0.996214390,0.999325514,-0.000000000,0.036724243,-0.006219253,0.985556006,0.169235840,-0.036193799,-0.169350073,0.984891236,70.0000000,1280,720,minecraft:overworld,flashback_export_aligned
1,20260914-203609-flashback_export,flashback_export,463,34562156526600,-559.658291808,88.269999981,244.225668615,-177.8953857,-9.7500324,-0.084968127,0.018298781,-0.001560721,-0.996214390,0.999325514,-0.000000000,0.036724243,-0.006219253,0.985556006,0.169235840,-0.036193799,-0.169350073,0.984891236,70.0000000,1280,720,minecraft:overworld,flashback_export_aligned
1,20260914-203609-flashback_export,flashback_export,464,34562175739700,-559.679863089,88.269999981,244.224874098,-177.8953857,-9.7500324,-0.084968127,0.018298781,-0.001560721,-0.996214390,0.999325514,-0.000000000,0.036724243,-0.006219253,0.985556006,0.169235840,-0.036193799,-0.169350073,0.984891236,70.0000000,1280,720,minecraft:overworld,flashback_export_aligned
1,20260914-203609-flashback_export,flashback_export,465,34562199001600,-559.701434369,88.269999981,244.224079581,-177.8953857,-9.7500324,-0.084968127,0.018298781,-0.001560721,-0.996214390,0.999325514,-0.000000000,0.036724243,-0.006219253,0.985556006,0.169235840,-0.036193799,-0.169350073,0.984891236,70.0000000,1280,720,minecraft:overworld,flashback_export_aligned
1,20260914-203609-flashback_export,flashback_export,466,34562219984700,-559.723005650,88.269999981,244.223285063,-177.8953857,-9.7500324,-0.084968127,0.018298781,-0.001560721,-0.996214390,0.999325514,-0.000000000,0.036724243,-0.006219253,0.985556006,0.169235840,-0.036193799,-0.169350073,0.984891236,70.0000000,1280,720,minecraft:overworld,flashback_export_aligned
1,20260914-203609-flashback_export,flashback_export,467,34562240270300,-559.744576931,88.269999981,244.222490546,-177.8953857,-9.7500324,-0.084968127,0.018298781,-0.001560721,-0.996214390,0.999325514,-0.000000000,0.036724243,-0.006219253,0.985556006,0.169235840,-0.036193799,-0.169350073,0.984891236,70.0000000,1280,720,minecraft:overworld,flashback_export_aligned
1,20260914-203609-flashback_export,flashback_export,468,34562264419100,-559.766148212,88.269999981,244.221696029,-177.8953857,-9.7500324,-0.084968127,0.018298781,-0.001560721,-0.996214390,0.999325514,-0.000000000,0.036724243,-0.006219253,0.985556006,0.169235840,-0.036193799,-0.169350073,0.984891236,70.0000000,1280,720,minecraft:overworld,flashback_export_aligned
1,20260914-203609-flashback_export,flashback_export,469,34562285583400,-559.787719493,88.269999981,244.220901511,-177.8953857,-9.7500324,-0.084968127,0.018298781,-0.001560721,-0.996214390,0.999325514,-0.000000000,0.036724243,-0.006219253,0.985556006,0.169235840,-0.036193799,-0.169350073,0.984891236,70.0000000,1280,720,minecraft:overworld,flashback_export_aligned
1,20260914-203609-flashback_export,flashback_export,470,34562306710700,-559.809290774,88.269999981,244.220106994,-177.8953857,-9.7500324,-0.084968127,0.018298781,-0.001560721,-0.996214390,0.999325514,-0.000000000,0.036724243,-0.006219253,0.985556006,0.169235840,-0.036193799,-0.169350073,0.984891236,70.0000000,1280,720,minecraft:overworld,flashback_export_aligned
1,20260914-203609-flashback_export,flashback_export,471,34562330542700,-559.830862055,88.269999981,244.219312476,-177.8953857,-9.7500324,-0.084968127,0.018298781,-0.001560721,-0.996214390,0.999325514,-0.000000000,0.036724243,-0.006219253,0.985556006,0.169235840,-0.036193799,-0.169350073,0.984891236,70.0000000,1280,720,minecraft:overworld,flashback_export_aligned
1,20260914-203609-flashback_export,flashback_export,472,34562351314000,-559.852433336,88.269999981,244.218517959,-177.8953857,-9.7500324,-0.084968127,0.018298781,-0.001560721,-0.996214390,0.999325514,-0.000000000,0.036724243,-0.006219253,0.985556006,0.169235840,-0.036193799,-0.169350073,0.984891236,70.0000000,1280,720,minecraft:overworld,flashback_export_aligned
1,20260914-203609-flashback_export,flashback_export,473,34562371404300,-559.874004617,88.269999981,244.217723442,-177.8953857,-9.7500324,-0.084968127,0.018298781,-0.001560721,-0.996214390,0.999325514,-0.000000000,0.036724243,-0.006219253,0.985556006,0.169235840,-0.036193799,-0.169350073,0.984891236,70.0000000,1280,720,minecraft:overworld,flashback_export_aligned
1,20260914-203609-flashback_export,flashback_export,474,34562396173000,-559.895575898,88.269999981,244.216928924,-177.8953857,-9.7500324,-0.084968127,0.018298781,-0.001560721,-0.996214390,0.999325514,-0.000000000,0.036724243,-0.006219253,0.985556006,0.169235840,-0.036193799,-0.169350073,0.984891236,70.0000000,1280,720,minecraft:overworld,flashback_export_aligned
1,20260914-203609-flashback_export,flashback_export,475,34562417574800,-559.917147181,88.269999981,244.216134407,-177.8953857,-9.7500324,-0.084968127,0.018298781,-0.001560721,-0.996214390,0.999325514,-0.000000000,0.036724243,-0.006219253,0.985556006,0.169235840,-0.036193799,-0.169350073,0.984891236,70.0000000,1280,720,minecraft:overworld,flashback_export_aligned
1,20260914-203609-flashback_export,flashback_export,476,34562437780600,-559.938718464,88.269999981,244.215339889,-177.8953857,-9.7500324,-0.084968127,0.018298781,-0.001560721,-0.996214390,0.999325514,-0.000000000,0.036724243,-0.006219253,0.985556006,0.169235840,-0.036193799,-0.169350073,0.984891236,70.0000000,1280,720,minecraft:overworld,flashback_export_aligned
1,20260914-203609-flashback_export,flashback_export,477,34562469624300,-559.960289741,88.269999981,244.214545372,-177.8953857,-9.7500324,-0.084968127,0.018298781,-0.001560721,-0.996214390,0.999325514,-0.000000000,0.036724243,-0.006219253,0.985556006,0.169235840,-0.036193799,-0.169350073,0.984891236,70.0000000,1280,720,minecraft:overworld,flashback_export_aligned
1,20260914-203609-flashback_export,flashback_export,478,34562490066300,-559.981861024,88.269999981,244.213750855,-177.8953857,-9.7500324,-0.084968127,0.018298781,-0.001560721,-0.996214390,0.999325514,-0.000000000,0.036724243,-0.006219253,0.985556006,0.169235840,-0.036193799,-0.169350073,0.984891236,70.0000000,1280,720,minecraft:overworld,flashback_export_aligned
1,20260914-203609-flashback_export,flashback_export,479,34562544559900,-560.003432307,88.269999981,244.212956337,-177.8953857,-9.7500324,-0.084968127,0.018298781,-0.001560721,-0.996214390,0.999325514,-0.000000000,0.036724243,-0.006219253,0.985556006,0.169235840,-0.036193799,-0.169350073,0.984891236,70.0000000,1280,720,minecraft:overworld,flashback_export_aligned
1,20260914-203609-flashback_export,flashback_export,480,34562572800100,-560.025003584,88.269999981,244.212161820,-177.8953857,-9.7500324,-0.084968127,0.018298781,-0.001560721,-0.996214390,0.999325514,-0.000000000,0.036724243,-0.006219253,0.985556006,0.169235840,-0.036193799,-0.169350073,0.984891236,70.0000000,1280,720,minecraft:overworld,flashback_export_aligned
1,20260914-203609-flashback_export,flashback_export,481,34562594167300,-560.046574867,88.269999981,244.211367303,-177.8953857,-9.7500324,-0.084968127,0.018298781,-0.001560721,-0.996214390,0.999325514,-0.000000000,0.036724243,-0.006219253,0.985556006,0.169235840,-0.036193799,-0.169350073,0.984891236,70.0000000,1280,720,minecraft:overworld,flashback_export_aligned
1,20260914-203609-flashback_export,flashback_export,482,34562616231500,-560.068146149,88.269999981,244.210572785,-177.8953857,-9.7500324,-0.084968127,0.018298781,-0.001560721,-0.996214390,0.999325514,-0.000000000,0.036724243,-0.006219253,0.985556006,0.169235840,-0.036193799,-0.169350073,0.984891236,70.0000000,1280,720,minecraft:overworld,flashback_export_aligned
1,20260914-203609-flashback_export,flashback_export,483,34562637193500,-560.089717427,88.269999981,244.209778268,-177.8953857,-9.7500324,-0.084968127,0.018298781,-0.001560721,-0.996214390,0.999325514,-0.000000000,0.036724243,-0.006219253,0.985556006,0.169235840,-0.036193799,-0.169350073,0.984891236,70.0000000,1280,720,minecraft:overworld,flashback_export_aligned
1,20260914-203609-flashback_export,flashback_export,484,34562657549400,-560.111288710,88.269999981,244.208983750,-177.8953857,-9.7500324,-0.084968127,0.018298781,-0.001560721,-0.996214390,0.999325514,-0.000000000,0.036724243,-0.006219253,0.985556006,0.169235840,-0.036193799,-0.169350073,0.984891236,70.0000000,1280,720,minecraft:overworld,flashback_export_aligned
1,20260914-203609-flashback_export,flashback_export,485,34562678112200,-560.132859992,88.269999981,244.208189233,-177.8953857,-9.7500324,-0.084968127,0.018298781,-0.001560721,-0.996214390,0.999325514,-0.000000000,0.036724243,-0.006219253,0.985556006,0.169235840,-0.036193799,-0.169350073,0.984891236,70.0000000,1280,720,minecraft:overworld,flashback_export_aligned
1,20260914-203609-flashback_export,flashback_export,486,34562701704700,-560.154431270,88.269999981,244.207394716,-177.8953857,-9.7500324,-0.084968127,0.018298781,-0.001560721,-0.996214390,0.999325514,-0.000000000,0.036724243,-0.006219253,0.985556006,0.169235840,-0.036193799,-0.169350073,0.984891236,70.0000000,1280,720,minecraft:overworld,flashback_export_aligned
1,20260914-203609-flashback_export,flashback_export,487,34562720552500,-560.176002553,88.269999981,244.206600198,-177.8953857,-9.7500324,-0.084968127,0.018298781,-0.001560721,-0.996214390,0.999325514,-0.000000000,0.036724243,-0.006219253,0.985556006,0.169235840,-0.036193799,-0.169350073,0.984891236,70.0000000,1280,720,minecraft:overworld,flashback_export_aligned
1,20260914-203609-flashback_export,flashback_export,488,34562739808000,-560.197573836,88.269999981,244.205805681,-177.8953857,-9.7500324,-0.084968127,0.018298781,-0.001560721,-0.996214390,0.999325514,-0.000000000,0.036724243,-0.006219253,0.985556006,0.169235840,-0.036193799,-0.169350073,0.984891236,70.0000000,1280,720,minecraft:overworld,flashback_export_aligned
1,20260914-203609-flashback_export,flashback_export,489,34562762006800,-560.219145113,88.269999981,244.205011164,-177.8953857,-9.7500324,-0.084968127,0.018298781,-0.001560721,-0.996214390,0.999325514,-0.000000000,0.036724243,-0.006219253,0.985556006,0.169235840,-0.036193799,-0.169350073,0.984891236,70.0000000,1280,720,minecraft:overworld,flashback_export_aligned
1,20260914-203609-flashback_export,flashback_export,490,34562783371400,-560.240716394,88.269999981,244.204216646,-177.8953857,-9.7500324,-0.084968127,0.018298781,-0.001560721,-0.996214390,0.999325514,-0.000000000,0.036724243,-0.006219253,0.985556006,0.169235840,-0.036193799,-0.169350073,0.984891236,70.0000000,1280,720,minecraft:overworld,flashback_export_aligned
1,20260914-203609-flashback_export,flashback_export,491,34562802696600,-560.262287675,88.269999981,244.203422129,-177.8953857,-9.7500324,-0.084968127,0.018298781,-0.001560721,-0.996214390,0.999325514,-0.000000000,0.036724243,-0.006219253,0.985556006,0.169235840,-0.036193799,-0.169350073,0.984891236,70.0000000,1280,720,minecraft:overworld,flashback_export_aligned
1,20260914-203609-flashback_export,flashback_export,492,34562824100100,-560.283858956,88.269999981,244.202627611,-177.8953857,-9.7500324,-0.084968127,0.018298781,-0.001560721,-0.996214390,0.999325514,-0.000000000,0.036724243,-0.006219253,0.985556006,0.169235840,-0.036193799,-0.169350073,0.984891236,70.0000000,1280,720,minecraft:overworld,flashback_export_aligned
1,20260914-203609-flashback_export,flashback_export,493,34562847377500,-560.305430237,88.269999981,244.201833094,-177.8953857,-9.7500324,-0.084968127,0.018298781,-0.001560721,-0.996214390,0.999325514,-0.000000000,0.036724243,-0.006219253,0.985556006,0.169235840,-0.036193799,-0.169350073,0.984891236,70.0000000,1280,720,minecraft:overworld,flashback_export_aligned
1,20260914-203609-flashback_export,flashback_export,494,34562867335600,-560.327001518,88.269999981,244.201038577,-177.8953857,-9.7500324,-0.084968127,0.018298781,-0.001560721,-0.996214390,0.999325514,-0.000000000,0.036724243,-0.006219253,0.985556006,0.169235840,-0.036193799,-0.169350073,0.984891236,70.0000000,1280,720,minecraft:overworld,flashback_export_aligned
1,20260914-203609-flashback_export,flashback_export,495,34562889134500,-560.348572799,88.269999981,244.200244059,-177.8953857,-9.7500324,-0.084968127,0.018298781,-0.001560721,-0.996214390,0.999325514,-0.000000000,0.036724243,-0.006219253,0.985556006,0.169235840,-0.036193799,-0.169350073,0.984891236,70.0000000,1280,720,minecraft:overworld,flashback_export_aligned
1,20260914-203609-flashback_export,flashback_export,496,34562909095400,-560.370144080,88.269999981,244.199449542,-177.8953857,-9.7500324,-0.084968127,0.018298781,-0.001560721,-0.996214390,0.999325514,-0.000000000,0.036724243,-0.006219253,0.985556006,0.169235840,-0.036193799,-0.169350073,0.984891236,70.0000000,1280,720,minecraft:overworld,flashback_export_aligned
1,20260914-203609-flashback_export,flashback_export,497,34562928564300,-560.391715361,88.269999981,244.198655025,-177.8953857,-9.7500324,-0.084968127,0.018298781,-0.001560721,-0.996214390,0.999325514,-0.000000000,0.036724243,-0.006219253,0.985556006,0.169235840,-0.036193799,-0.169350073,0.984891236,70.0000000,1280,720,minecraft:overworld,flashback_export_aligned
1,20260914-203609-flashback_export,flashback_export,498,34562950798100,-560.413286643,88.269999981,244.197860507,-177.8953857,-9.7500324,-0.084968127,0.018298781,-0.001560721,-0.996214390,0.999325514,-0.000000000,0.036724243,-0.006219253,0.985556006,0.169235840,-0.036193799,-0.169350073,0.984891236,70.0000000,1280,720,minecraft:overworld,flashback_export_aligned
1,20260914-203609-flashback_export,flashback_export,499,34562970520700,-560.434857924,88.269999981,244.197065990,-177.8953857,-9.7500324,-0.084968127,0.018298781,-0.001560721,-0.996214390,0.999325514,-0.000000000,0.036724243,-0.006219253,0.985556006,0.169235840,-0.036193799,-0.169350073,0.984891236,70.0000000,1280,720,minecraft:overworld,flashback_export_aligned
1,20260914-203609-flashback_export,flashback_export,500,34562989040900,-560.456429206,88.269999981,244.196271472,-177.8953857,-9.7500324,-0.084968127,0.018298781,-0.001560721,-0.996214390,0.999325514,-0.000000000,0.036724243,-0.006219253,0.985556006,0.169235840,-0.036193799,-0.169350073,0.984891236,70.0000000,1280,720,minecraft:overworld,flashback_export_aligned
1,20260914-203609-flashback_export,flashback_export,501,34562994738400,-560.478000486,88.269999981,244.195476955,-177.8953857,-9.7500324,-0.084968127,0.018298781,-0.001560721,-0.996214390,0.999325514,-0.000000000,0.036724243,-0.006219253,0.985556006,0.169235840,-0.036193799,-0.169350073,0.984891236,70.0000000,1280,720,minecraft:overworld,flashback_export_aligned
1,20260914-203609-flashback_export,flashback_export,502,34563029607100,-560.499571768,88.269999981,244.194682438,-177.8953857,-9.7500324,-0.084968127,0.018298781,-0.001560721,-0.996214390,0.999325514,-0.000000000,0.036724243,-0.006219253,0.985556006,0.169235840,-0.036193799,-0.169350073,0.984891236,70.0000000,1280,720,minecraft:overworld,flashback_export_aligned
1,20260914-203609-flashback_export,flashback_export,503,34563051289200,-560.521143050,88.269999981,244.193887920,-177.8953857,-9.7500324,-0.084968127,0.018298781,-0.001560721,-0.996214390,0.999325514,-0.000000000,0.036724243,-0.006219253,0.985556006,0.169235840,-0.036193799,-0.169350073,0.984891236,70.0000000,1280,720,minecraft:overworld,flashback_export_aligned
1,20260914-203609-flashback_export,flashback_export,504,34563072666800,-560.542714329,88.269999981,244.193093403,-177.8953857,-9.7500324,-0.084968127,0.018298781,-0.001560721,-0.996214390,0.999325514,-0.000000000,0.036724243,-0.006219253,0.985556006,0.169235840,-0.036193799,-0.169350073,0.984891236,70.0000000,1280,720,minecraft:overworld,flashback_export_aligned
1,20260914-203609-flashback_export,flashback_export,505,34563094072700,-560.564285609,88.269999981,244.192298886,-177.8953857,-9.7500324,-0.084968127,0.018298781,-0.001560721,-0.996214390,0.999325514,-0.000000000,0.036724243,-0.006219253,0.985556006,0.169235840,-0.036193799,-0.169350073,0.984891236,70.0000000,1280,720,minecraft:overworld,flashback_export_aligned
1,20260914-203609-flashback_export,flashback_export,506,34563102323700,-560.585856890,88.269999981,244.191504368,-177.8953857,-9.7500324,-0.084968127,0.018298781,-0.001560721,-0.996214390,0.999325514,-0.000000000,0.036724243,-0.006219253,0.985556006,0.169235840,-0.036193799,-0.169350073,0.984891236,70.0000000,1280,720,minecraft:overworld,flashback_export_aligned
1,20260914-203609-flashback_export,flashback_export,507,34563138240000,-560.607428172,88.269999981,244.190709851,-177.8953857,-9.7500324,-0.084968127,0.018298781,-0.001560721,-0.996214390,0.999325514,-0.000000000,0.036724243,-0.006219253,0.985556006,0.169235840,-0.036193799,-0.169350073,0.984891236,70.0000000,1280,720,minecraft:overworld,flashback_export_aligned
1,20260914-203609-flashback_export,flashback_export,508,34563157831800,-560.628999453,88.269999981,244.189915333,-177.8953857,-9.7500324,-0.084968127,0.018298781,-0.001560721,-0.996214390,0.999325514,-0.000000000,0.036724243,-0.006219253,0.985556006,0.169235840,-0.036193799,-0.169350073,0.984891236,70.0000000,1280,720,minecraft:overworld,flashback_export_aligned
1,20260914-203609-flashback_export,flashback_export,509,34563178007100,-560.650570733,88.269999981,244.189120816,-177.8953857,-9.7500324,-0.084968127,0.018298781,-0.001560721,-0.996214390,0.999325514,-0.000000000,0.036724243,-0.006219253,0.985556006,0.169235840,-0.036193799,-0.169350073,0.984891236,70.0000000,1280,720,minecraft:overworld,flashback_export_aligned
1,20260914-203609-flashback_export,flashback_export,510,34563203357200,-560.672142015,88.269999981,244.188326299,-177.8953857,-9.7500324,-0.084968127,0.018298781,-0.001560721,-0.996214390,0.999325514,-0.000000000,0.036724243,-0.006219253,0.985556006,0.169235840,-0.036193799,-0.169350073,0.984891236,70.0000000,1280,720,minecraft:overworld,flashback_export_aligned
1,20260914-203609-flashback_export,flashback_export,511,34563223273500,-560.693713297,88.269999981,244.187531781,-177.8953857,-9.7500324,-0.084968127,0.018298781,-0.001560721,-0.996214390,0.999325514,-0.000000000,0.036724243,-0.006219253,0.985556006,0.169235840,-0.036193799,-0.169350073,0.984891236,70.0000000,1280,720,minecraft:overworld,flashback_export_aligned
1,20260914-203609-flashback_export,flashback_export,512,34563244704500,-560.715284580,88.269999981,244.186737264,-177.8953857,-9.7500324,-0.084968127,0.018298781,-0.001560721,-0.996214390,0.999325514,-0.000000000,0.036724243,-0.006219253,0.985556006,0.169235840,-0.036193799,-0.169350073,0.984891236,70.0000000,1280,720,minecraft:overworld,flashback_export_aligned
1,20260914-203609-flashback_export,flashback_export,513,34563267927600,-560.736855858,88.269999981,244.185942747,-177.8953857,-9.7500324,-0.084968127,0.018298781,-0.001560721,-0.996214390,0.999325514,-0.000000000,0.036724243,-0.006219253,0.985556006,0.169235840,-0.036193799,-0.169350073,0.984891236,70.0000000,1280,720,minecraft:overworld,flashback_export_aligned
1,20260914-203609-flashback_export,flashback_export,514,34563288134200,-560.758427138,88.269999981,244.185148229,-177.8953857,-9.7500324,-0.084968127,0.018298781,-0.001560721,-0.996214390,0.999325514,-0.000000000,0.036724243,-0.006219253,0.985556006,0.169235840,-0.036193799,-0.169350073,0.984891236,70.0000000,1280,720,minecraft:overworld,flashback_export_aligned
1,20260914-203609-flashback_export,flashback_export,515,34563316962400,-560.779998419,88.269999981,244.184353712,-177.8953857,-9.7500324,-0.084968127,0.018298781,-0.001560721,-0.996214390,0.999325514,-0.000000000,0.036724243,-0.006219253,0.985556006,0.169235840,-0.036193799,-0.169350073,0.984891236,70.0000000,1280,720,minecraft:overworld,flashback_export_aligned
1,20260914-203609-flashback_export,flashback_export,516,34563341160100,-560.801569701,88.269999981,244.183559194,-177.8953857,-9.7500324,-0.084968127,0.018298781,-0.001560721,-0.996214390,0.999325514,-0.000000000,0.036724243,-0.006219253,0.985556006,0.169235840,-0.036193799,-0.169350073,0.984891236,70.0000000,1280,720,minecraft:overworld,flashback_export_aligned
1,20260914-203609-flashback_export,flashback_export,517,34563363494300,-560.823140983,88.269999981,244.182764677,-177.8953857,-9.7500324,-0.084968127,0.018298781,-0.001560721,-0.996214390,0.999325514,-0.000000000,0.036724243,-0.006219253,0.985556006,0.169235840,-0.036193799,-0.169350073,0.984891236,70.0000000,1280,720,minecraft:overworld,flashback_export_aligned
1,20260914-203609-flashback_export,flashback_export,518,34563384076300,-560.844712266,88.269999981,244.181970160,-177.8953857,-9.7500324,-0.084968127,0.018298781,-0.001560721,-0.996214390,0.999325514,-0.000000000,0.036724243,-0.006219253,0.985556006,0.169235840,-0.036193799,-0.169350073,0.984891236,70.0000000,1280,720,minecraft:overworld,flashback_export_aligned
1,20260914-203609-flashback_export,flashback_export,519,34563407859300,-560.866283544,88.269999981,244.181175642,-177.8953857,-9.7500324,-0.084968127,0.018298781,-0.001560721,-0.996214390,0.999325514,-0.000000000,0.036724243,-0.006219253,0.985556006,0.169235840,-0.036193799,-0.169350073,0.984891236,70.0000000,1280,720,minecraft:overworld,flashback_export_aligned
1,20260914-203609-flashback_export,flashback_export,520,34563430341700,-560.887854824,88.269999981,244.180381125,-177.8953857,-9.7500324,-0.084968127,0.018298781,-0.001560721,-0.996214390,0.999325514,-0.000000000,0.036724243,-0.006219253,0.985556006,0.169235840,-0.036193799,-0.169350073,0.984891236,70.0000000,1280,720,minecraft:overworld,flashback_export_aligned
1,20260914-203609-flashback_export,flashback_export,521,34563451517200,-560.909426105,88.269999981,244.179586608,-177.8953857,-9.7500324,-0.084968127,0.018298781,-0.001560721,-0.996214390,0.999325514,-0.000000000,0.036724243,-0.006219253,0.985556006,0.169235840,-0.036193799,-0.169350073,0.984891236,70.0000000,1280,720,minecraft:overworld,flashback_export_aligned
1,20260914-203609-flashback_export,flashback_export,522,34563473795900,-560.930997387,88.269999981,244.178792090,-177.8953857,-9.7500324,-0.084968127,0.018298781,-0.001560721,-0.996214390,0.999325514,-0.000000000,0.036724243,-0.006219253,0.985556006,0.169235840,-0.036193799,-0.169350073,0.984891236,70.0000000,1280,720,minecraft:overworld,flashback_export_aligned
1,20260914-203609-flashback_export,flashback_export,523,34563494089200,-560.952568668,88.269999981,244.177997573,-177.8953857,-9.7500324,-0.084968127,0.018298781,-0.001560721,-0.996214390,0.999325514,-0.000000000,0.036724243,-0.006219253,0.985556006,0.169235840,-0.036193799,-0.169350073,0.984891236,70.0000000,1280,720,minecraft:overworld,flashback_export_aligned
1,20260914-203609-flashback_export,flashback_export,524,34563515788400,-560.974139948,88.269999981,244.177203055,-177.8953857,-9.7500324,-0.084968127,0.018298781,-0.001560721,-0.996214390,0.999325514,-0.000000000,0.036724243,-0.006219253,0.985556006,0.169235840,-0.036193799,-0.169350073,0.984891236,70.0000000,1280,720,minecraft:overworld,flashback_export_aligned
1,20260914-203609-flashback_export,flashback_export,525,34563537424100,-560.995711230,88.269999981,244.176408538,-177.8953857,-9.7500324,-0.084968127,0.018298781,-0.001560721,-0.996214390,0.999325514,-0.000000000,0.036724243,-0.006219253,0.985556006,0.169235840,-0.036193799,-0.169350073,0.984891236,70.0000000,1280,720,minecraft:overworld,flashback_export_aligned
1,20260914-203609-flashback_export,flashback_export,526,34563558913700,-561.017282511,88.269999981,244.175614021,-177.8953857,-9.7500324,-0.084968127,0.018298781,-0.001560721,-0.996214390,0.999325514,-0.000000000,0.036724243,-0.006219253,0.985556006,0.169235840,-0.036193799,-0.169350073,0.984891236,70.0000000,1280,720,minecraft:overworld,flashback_export_aligned
1,20260914-203609-flashback_export,flashback_export,527,34563581188100,-561.038853791,88.269999981,244.174819503,-177.8953857,-9.7500324,-0.084968127,0.018298781,-0.001560721,-0.996214390,0.999325514,-0.000000000,0.036724243,-0.006219253,0.985556006,0.169235840,-0.036193799,-0.169350073,0.984891236,70.0000000,1280,720,minecraft:overworld,flashback_export_aligned
1,20260914-203609-flashback_export,flashback_export,528,34563604611600,-561.060425073,88.269999981,244.174024986,-177.8953857,-9.7500324,-0.084968127,0.018298781,-0.001560721,-0.996214390,0.999325514,-0.000000000,0.036724243,-0.006219253,0.985556006,0.169235840,-0.036193799,-0.169350073,0.984891236,70.0000000,1280,720,minecraft:overworld,flashback_export_aligned
1,20260914-203609-flashback_export,flashback_export,529,34563625177500,-561.081996355,88.269999981,244.173230469,-177.8953857,-9.7500324,-0.084968127,0.018298781,-0.001560721,-0.996214390,0.999325514,-0.000000000,0.036724243,-0.006219253,0.985556006,0.169235840,-0.036193799,-0.169350073,0.984891236,70.0000000,1280,720,minecraft:overworld,flashback_export_aligned
1,20260914-203609-flashback_export,flashback_export,530,34563644301200,-561.103567638,88.269999981,244.172435951,-177.8953857,-9.7500324,-0.084968127,0.018298781,-0.001560721,-0.996214390,0.999325514,-0.000000000,0.036724243,-0.006219253,0.985556006,0.169235840,-0.036193799,-0.169350073,0.984891236,70.0000000,1280,720,minecraft:overworld,flashback_export_aligned
1,20260914-203609-flashback_export,flashback_export,531,34563667478000,-561.125138916,88.269999981,244.171641434,-177.8953857,-9.7500324,-0.084968127,0.018298781,-0.001560721,-0.996214390,0.999325514,-0.000000000,0.036724243,-0.006219253,0.985556006,0.169235840,-0.036193799,-0.169350073,0.984891236,70.0000000,1280,720,minecraft:overworld,flashback_export_aligned
1,20260914-203609-flashback_export,flashback_export,532,34563688303700,-561.146710196,88.269999981,244.170846916,-177.8953857,-9.7500324,-0.084968127,0.018298781,-0.001560721,-0.996214390,0.999325514,-0.000000000,0.036724243,-0.006219253,0.985556006,0.169235840,-0.036193799,-0.169350073,0.984891236,70.0000000,1280,720,minecraft:overworld,flashback_export_aligned
1,20260914-203609-flashback_export,flashback_export,533,34563709166400,-561.168281477,88.269999981,244.170052399,-177.8953857,-9.7500324,-0.084968127,0.018298781,-0.001560721,-0.996214390,0.999325514,-0.000000000,0.036724243,-0.006219253,0.985556006,0.169235840,-0.036193799,-0.169350073,0.984891236,70.0000000,1280,720,minecraft:overworld,flashback_export_aligned
1,20260914-203609-flashback_export,flashback_export,534,34563733790300,-561.189852759,88.269999981,244.169257882,-177.8953857,-9.7500324,-0.084968127,0.018298781,-0.001560721,-0.996214390,0.999325514,-0.000000000,0.036724243,-0.006219253,0.985556006,0.169235840,-0.036193799,-0.169350073,0.984891236,70.0000000,1280,720,minecraft:overworld,flashback_export_aligned
1,20260914-203609-flashback_export,flashback_export,535,34563753150200,-561.211424040,88.269999981,244.168463364,-177.8953857,-9.7500324,-0.084968127,0.018298781,-0.001560721,-0.996214390,0.999325514,-0.000000000,0.036724243,-0.006219253,0.985556006,0.169235840,-0.036193799,-0.169350073,0.984891236,70.0000000,1280,720,minecraft:overworld,flashback_export_aligned
1,20260914-203609-flashback_export,flashback_export,536,34563771305100,-561.232995321,88.269999981,244.167668847,-177.8953857,-9.7500324,-0.084968127,0.018298781,-0.001560721,-0.996214390,0.999325514,-0.000000000,0.036724243,-0.006219253,0.985556006,0.169235840,-0.036193799,-0.169350073,0.984891236,70.0000000,1280,720,minecraft:overworld,flashback_export_aligned
1,20260914-203609-flashback_export,flashback_export,537,34563793119200,-561.254566602,88.269999981,244.166874330,-177.8953857,-9.7500324,-0.084968127,0.018298781,-0.001560721,-0.996214390,0.999325514,-0.000000000,0.036724243,-0.006219253,0.985556006,0.169235840,-0.036193799,-0.169350073,0.984891236,70.0000000,1280,720,minecraft:overworld,flashback_export_aligned
1,20260914-203609-flashback_export,flashback_export,538,34563815450700,-561.276137883,88.269999981,244.166079812,-177.8953857,-9.7500324,-0.084968127,0.018298781,-0.001560721,-0.996214390,0.999325514,-0.000000000,0.036724243,-0.006219253,0.985556006,0.169235840,-0.036193799,-0.169350073,0.984891236,70.0000000,1280,720,minecraft:overworld,flashback_export_aligned
1,20260914-203609-flashback_export,flashback_export,539,34563835312000,-561.297709164,88.269999981,244.165285295,-177.8953857,-9.7500324,-0.084968127,0.018298781,-0.001560721,-0.996214390,0.999325514,-0.000000000,0.036724243,-0.006219253,0.985556006,0.169235840,-0.036193799,-0.169350073,0.984891236,70.0000000,1280,720,minecraft:overworld,flashback_export_aligned
1,20260914-203609-flashback_export,flashback_export,540,34563856746500,-561.319280445,88.269999981,244.164490777,-177.8953857,-9.7500324,-0.084968127,0.018298781,-0.001560721,-0.996214390,0.999325514,-0.000000000,0.036724243,-0.006219253,0.985556006,0.169235840,-0.036193799,-0.169350073,0.984891236,70.0000000,1280,720,minecraft:overworld,flashback_export_aligned
1,20260914-203609-flashback_export,flashback_export,541,34563876701500,-561.340851726,88.269999981,244.163696260,-177.8953857,-9.7500324,-0.084968127,0.018298781,-0.001560721,-0.996214390,0.999325514,-0.000000000,0.036724243,-0.006219253,0.985556006,0.169235840,-0.036193799,-0.169350073,0.984891236,70.0000000,1280,720,minecraft:overworld,flashback_export_aligned
1,20260914-203609-flashback_export,flashback_export,542,34563899868800,-561.362423007,88.269999981,244.162901743,-177.8953857,-9.7500324,-0.084968127,0.018298781,-0.001560721,-0.996214390,0.999325514,-0.000000000,0.036724243,-0.006219253,0.985556006,0.169235840,-0.036193799,-0.169350073,0.984891236,70.0000000,1280,720,minecraft:overworld,flashback_export_aligned
1,20260914-203609-flashback_export,flashback_export,543,34563923117100,-561.383994288,88.269999981,244.162107225,-177.8953857,-9.7500324,-0.084968127,0.018298781,-0.001560721,-0.996214390,0.999325514,-0.000000000,0.036724243,-0.006219253,0.985556006,0.169235840,-0.036193799,-0.169350073,0.984891236,70.0000000,1280,720,minecraft:overworld,flashback_export_aligned
1,20260914-203609-flashback_export,flashback_export,544,34563943896200,-561.405565569,88.269999981,244.161312708,-177.8953857,-9.7500324,-0.084968127,0.018298781,-0.001560721,-0.996214390,0.999325514,-0.000000000,0.036724243,-0.006219253,0.985556006,0.169235840,-0.036193799,-0.169350073,0.984891236,70.0000000,1280,720,minecraft:overworld,flashback_export_aligned
1,20260914-203609-flashback_export,flashback_export,545,34563967497100,-561.427136850,88.269999981,244.160518191,-177.8953857,-9.7500324,-0.084968127,0.018298781,-0.001560721,-0.996214390,0.999325514,-0.000000000,0.036724243,-0.006219253,0.985556006,0.169235840,-0.036193799,-0.169350073,0.984891236,70.0000000,1280,720,minecraft:overworld,flashback_export_aligned
1,20260914-203609-flashback_export,flashback_export,546,34563990086800,-561.448708131,88.269999981,244.159723673,-177.8953857,-9.7500324,-0.084968127,0.018298781,-0.001560721,-0.996214390,0.999325514,-0.000000000,0.036724243,-0.006219253,0.985556006,0.169235840,-0.036193799,-0.169350073,0.984891236,70.0000000,1280,720,minecraft:overworld,flashback_export_aligned
1,20260914-203609-flashback_export,flashback_export,547,34564009387700,-561.470279411,88.269999981,244.158929156,-177.8953857,-9.7500324,-0.084968127,0.018298781,-0.001560721,-0.996214390,0.999325514,-0.000000000,0.036724243,-0.006219253,0.985556006,0.169235840,-0.036193799,-0.169350073,0.984891236,70.0000000,1280,720,minecraft:overworld,flashback_export_aligned
1,20260914-203609-flashback_export,flashback_export,548,34564029910300,-561.491850692,88.269999981,244.158134638,-177.8953857,-9.7500324,-0.084968127,0.018298781,-0.001560721,-0.996214390,0.999325514,-0.000000000,0.036724243,-0.006219253,0.985556006,0.169235840,-0.036193799,-0.169350073,0.984891236,70.0000000,1280,720,minecraft:overworld,flashback_export_aligned
1,20260914-203609-flashback_export,flashback_export,549,34564051655100,-561.513421974,88.269999981,244.157340121,-177.8953857,-9.7500324,-0.084968127,0.018298781,-0.001560721,-0.996214390,0.999325514,-0.000000000,0.036724243,-0.006219253,0.985556006,0.169235840,-0.036193799,-0.169350073,0.984891236,70.0000000,1280,720,minecraft:overworld,flashback_export_aligned
1,20260914-203609-flashback_export,flashback_export,550,34564071334700,-561.534993256,88.269999981,244.156545604,-177.8953857,-9.7500324,-0.084968127,0.018298781,-0.001560721,-0.996214390,0.999325514,-0.000000000,0.036724243,-0.006219253,0.985556006,0.169235840,-0.036193799,-0.169350073,0.984891236,70.0000000,1280,720,minecraft:overworld,flashback_export_aligned
1,20260914-203609-flashback_export,flashback_export,551,34564090601600,-561.556564538,88.269999981,244.155751086,-177.8953857,-9.7500324,-0.084968127,0.018298781,-0.001560721,-0.996214390,0.999325514,-0.000000000,0.036724243,-0.006219253,0.985556006,0.169235840,-0.036193799,-0.169350073,0.984891236,70.0000000,1280,720,minecraft:overworld,flashback_export_aligned
1,20260914-203609-flashback_export,flashback_export,552,34564117371800,-561.578135817,88.269999981,244.154956569,-177.8953857,-9.7500324,-0.084968127,0.018298781,-0.001560721,-0.996214390,0.999325514,-0.000000000,0.036724243,-0.006219253,0.985556006,0.169235840,-0.036193799,-0.169350073,0.984891236,70.0000000,1280,720,minecraft:overworld,flashback_export_aligned
1,20260914-203609-flashback_export,flashback_export,553,34564136598100,-561.599707097,88.269999981,244.154162052,-177.8953857,-9.7500324,-0.084968127,0.018298781,-0.001560721,-0.996214390,0.999325514,-0.000000000,0.036724243,-0.006219253,0.985556006,0.169235840,-0.036193799,-0.169350073,0.984891236,70.0000000,1280,720,minecraft:overworld,flashback_export_aligned
1,20260914-203609-flashback_export,flashback_export,554,34564143270400,-561.621278378,88.269999981,244.153367534,-177.8953857,-9.7500324,-0.084968127,0.018298781,-0.001560721,-0.996214390,0.999325514,-0.000000000,0.036724243,-0.006219253,0.985556006,0.169235840,-0.036193799,-0.169350073,0.984891236,70.0000000,1280,720,minecraft:overworld,flashback_export_aligned
1,20260914-203609-flashback_export,flashback_export,555,34564178505800,-561.642849660,88.269999981,244.152573017,-177.8953857,-9.7500324,-0.084968127,0.018298781,-0.001560721,-0.996214390,0.999325514,-0.000000000,0.036724243,-0.006219253,0.985556006,0.169235840,-0.036193799,-0.169350073,0.984891236,70.0000000,1280,720,minecraft:overworld,flashback_export_aligned
1,20260914-203609-flashback_export,flashback_export,556,34564185162100,-561.664420940,88.269999981,244.151778499,-177.8953857,-9.7500324,-0.084968127,0.018298781,-0.001560721,-0.996214390,0.999325514,-0.000000000,0.036724243,-0.006219253,0.985556006,0.169235840,-0.036193799,-0.169350073,0.984891236,70.0000000,1280,720,minecraft:overworld,flashback_export_aligned
1,20260914-203609-flashback_export,flashback_export,557,34564217880900,-561.685992221,88.269999981,244.150983982,-177.8953857,-9.7500324,-0.084968127,0.018298781,-0.001560721,-0.996214390,0.999325514,-0.000000000,0.036724243,-0.006219253,0.985556006,0.169235840,-0.036193799,-0.169350073,0.984891236,70.0000000,1280,720,minecraft:overworld,flashback_export_aligned
1,20260914-203609-flashback_export,flashback_export,558,34564240112000,-561.707563503,88.269999981,244.150189465,-177.8953857,-9.7500324,-0.084968127,0.018298781,-0.001560721,-0.996214390,0.999325514,-0.000000000,0.036724243,-0.006219253,0.985556006,0.169235840,-0.036193799,-0.169350073,0.984891236,70.0000000,1280,720,minecraft:overworld,flashback_export_aligned
1,20260914-203609-flashback_export,flashback_export,559,34564259334900,-561.729134783,88.269999981,244.149394947,-177.8953857,-9.7500324,-0.084968127,0.018298781,-0.001560721,-0.996214390,0.999325514,-0.000000000,0.036724243,-0.006219253,0.985556006,0.169235840,-0.036193799,-0.169350073,0.984891236,70.0000000,1280,720,minecraft:overworld,flashback_export_aligned
1,20260914-203609-flashback_export,flashback_export,560,34564277383100,-561.750706064,88.269999981,244.148600430,-177.8953857,-9.7500324,-0.084968127,0.018298781,-0.001560721,-0.996214390,0.999325514,-0.000000000,0.036724243,-0.006219253,0.985556006,0.169235840,-0.036193799,-0.169350073,0.984891236,70.0000000,1280,720,minecraft:overworld,flashback_export_aligned
1,20260914-203609-flashback_export,flashback_export,561,34564285420900,-561.772277346,88.269999981,244.147805913,-177.8953857,-9.7500324,-0.084968127,0.018298781,-0.001560721,-0.996214390,0.999325514,-0.000000000,0.036724243,-0.006219253,0.985556006,0.169235840,-0.036193799,-0.169350073,0.984891236,70.0000000,1280,720,minecraft:overworld,flashback_export_aligned
1,20260914-203609-flashback_export,flashback_export,562,34564319005300,-561.793848628,88.269999981,244.147011395,-177.8953857,-9.7500324,-0.084968127,0.018298781,-0.001560721,-0.996214390,0.999325514,-0.000000000,0.036724243,-0.006219253,0.985556006,0.169235840,-0.036193799,-0.169350073,0.984891236,70.0000000,1280,720,minecraft:overworld,flashback_export_aligned
1,20260914-203609-flashback_export,flashback_export,563,34564339216800,-561.815419911,88.269999981,244.146216878,-177.8953857,-9.7500324,-0.084968127,0.018298781,-0.001560721,-0.996214390,0.999325514,-0.000000000,0.036724243,-0.006219253,0.985556006,0.169235840,-0.036193799,-0.169350073,0.984891236,70.0000000,1280,720,minecraft:overworld,flashback_export_aligned
1,20260914-203609-flashback_export,flashback_export,564,34564361381200,-561.836991189,88.269999981,244.145422360,-177.8953857,-9.7500324,-0.084968127,0.018298781,-0.001560721,-0.996214390,0.999325514,-0.000000000,0.036724243,-0.006219253,0.985556006,0.169235840,-0.036193799,-0.169350073,0.984891236,70.0000000,1280,720,minecraft:overworld,flashback_export_aligned
1,20260914-203609-flashback_export,flashback_export,565,34564367866300,-561.858562469,88.269999981,244.144627843,-177.8953857,-9.7500324,-0.084968127,0.018298781,-0.001560721,-0.996214390,0.999325514,-0.000000000,0.036724243,-0.006219253,0.985556006,0.169235840,-0.036193799,-0.169350073,0.984891236,70.0000000,1280,720,minecraft:overworld,flashback_export_aligned
1,20260914-203609-flashback_export,flashback_export,566,34564402822600,-561.880133750,88.269999981,244.143833326,-177.8953857,-9.7500324,-0.084968127,0.018298781,-0.001560721,-0.996214390,0.999325514,-0.000000000,0.036724243,-0.006219253,0.985556006,0.169235840,-0.036193799,-0.169350073,0.984891236,70.0000000,1280,720,minecraft:overworld,flashback_export_aligned
1,20260914-203609-flashback_export,flashback_export,567,34564426880800,-561.901705032,88.269999981,244.143038808,-177.8953857,-9.7500324,-0.084968127,0.018298781,-0.001560721,-0.996214390,0.999325514,-0.000000000,0.036724243,-0.006219253,0.985556006,0.169235840,-0.036193799,-0.169350073,0.984891236,70.0000000,1280,720,minecraft:overworld,flashback_export_aligned
1,20260914-203609-flashback_export,flashback_export,568,34564447067400,-561.923276313,88.269999981,244.142244291,-177.8953857,-9.7500324,-0.084968127,0.018298781,-0.001560721,-0.996214390,0.999325514,-0.000000000,0.036724243,-0.006219253,0.985556006,0.169235840,-0.036193799,-0.169350073,0.984891236,70.0000000,1280,720,minecraft:overworld,flashback_export_aligned
1,20260914-203609-flashback_export,flashback_export,569,34564453301000,-561.944847594,88.269999981,244.141449774,-177.8953857,-9.7500324,-0.084968127,0.018298781,-0.001560721,-0.996214390,0.999325514,-0.000000000,0.036724243,-0.006219253,0.985556006,0.169235840,-0.036193799,-0.169350073,0.984891236,70.0000000,1280,720,minecraft:overworld,flashback_export_aligned
1,20260914-203609-flashback_export,flashback_export,570,34564495231900,-561.966418875,88.269999981,244.140655256,-177.8953857,-9.7500324,-0.084968127,0.018298781,-0.001560721,-0.996214390,0.999325514,-0.000000000,0.036724243,-0.006219253,0.985556006,0.169235840,-0.036193799,-0.169350073,0.984891236,70.0000000,1280,720,minecraft:overworld,flashback_export_aligned
1,20260914-203609-flashback_export,flashback_export,571,34564518001800,-561.987990156,88.269999981,244.139860739,-177.8953857,-9.7500324,-0.084968127,0.018298781,-0.001560721,-0.996214390,0.999325514,-0.000000000,0.036724243,-0.006219253,0.985556006,0.169235840,-0.036193799,-0.169350073,0.984891236,70.0000000,1280,720,minecraft:overworld,flashback_export_aligned
1,20260914-203609-flashback_export,flashback_export,572,34564538206500,-562.009561437,88.269999981,244.139066221,-177.8953857,-9.7500324,-0.084968127,0.018298781,-0.001560721,-0.996214390,0.999325514,-0.000000000,0.036724243,-0.006219253,0.985556006,0.169235840,-0.036193799,-0.169350073,0.984891236,70.0000000,1280,720,minecraft:overworld,flashback_export_aligned
1,20260914-203609-flashback_export,flashback_export,573,34564565134100,-562.031132718,88.269999981,244.138271704,-177.8953857,-9.7500324,-0.084968127,0.018298781,-0.001560721,-0.996214390,0.999325514,-0.000000000,0.036724243,-0.006219253,0.985556006,0.169235840,-0.036193799,-0.169350073,0.984891236,70.0000000,1280,720,minecraft:overworld,flashback_export_aligned
1,20260914-203609-flashback_export,flashback_export,574,34564588966200,-562.052703999,88.269999981,244.137477187,-177.8953857,-9.7500324,-0.084968127,0.018298781,-0.001560721,-0.996214390,0.999325514,-0.000000000,0.036724243,-0.006219253,0.985556006,0.169235840,-0.036193799,-0.169350073,0.984891236,70.0000000,1280,720,minecraft:overworld,flashback_export_aligned
1,20260914-203609-flashback_export,flashback_export,575,34564615448800,-562.074275281,88.269999981,244.136682669,-177.8953857,-9.7500324,-0.084968127,0.018298781,-0.001560721,-0.996214390,0.999325514,-0.000000000,0.036724243,-0.006219253,0.985556006,0.169235840,-0.036193799,-0.169350073,0.984891236,70.0000000,1280,720,minecraft:overworld,flashback_export_aligned
1,20260914-203609-flashback_export,flashback_export,576,34564643067200,-562.095846561,88.269999981,244.135888152,-177.8953857,-9.7500324,-0.084968127,0.018298781,-0.001560721,-0.996214390,0.999325514,-0.000000000,0.036724243,-0.006219253,0.985556006,0.169235840,-0.036193799,-0.169350073,0.984891236,70.0000000,1280,720,minecraft:overworld,flashback_export_aligned
1,20260914-203609-flashback_export,flashback_export,577,34564667686500,-562.117417841,88.269999981,244.135093635,-177.8953857,-9.7500324,-0.084968127,0.018298781,-0.001560721,-0.996214390,0.999325514,-0.000000000,0.036724243,-0.006219253,0.985556006,0.169235840,-0.036193799,-0.169350073,0.984891236,70.0000000,1280,720,minecraft:overworld,flashback_export_aligned
1,20260914-203609-flashback_export,flashback_export,578,34564691402100,-562.138989122,88.269999981,244.134299117,-177.8953857,-9.7500324,-0.084968127,0.018298781,-0.001560721,-0.996214390,0.999325514,-0.000000000,0.036724243,-0.006219253,0.985556006,0.169235840,-0.036193799,-0.169350073,0.984891236,70.0000000,1280,720,minecraft:overworld,flashback_export_aligned
1,20260914-203609-flashback_export,flashback_export,579,34564717508600,-562.160560404,88.269999981,244.133504600,-177.8953857,-9.7500324,-0.084968127,0.018298781,-0.001560721,-0.996214390,0.999325514,-0.000000000,0.036724243,-0.006219253,0.985556006,0.169235840,-0.036193799,-0.169350073,0.984891236,70.0000000,1280,720,minecraft:overworld,flashback_export_aligned
1,20260914-203609-flashback_export,flashback_export,580,34564738072200,-562.182131686,88.269999981,244.132710082,-177.8953857,-9.7500324,-0.084968127,0.018298781,-0.001560721,-0.996214390,0.999325514,-0.000000000,0.036724243,-0.006219253,0.985556006,0.169235840,-0.036193799,-0.169350073,0.984891236,70.0000000,1280,720,minecraft:overworld,flashback_export_aligned
1,20260914-203609-flashback_export,flashback_export,581,34564758672700,-562.203702967,88.269999981,244.131915565,-177.8953857,-9.7500324,-0.084968127,0.018298781,-0.001560721,-0.996214390,0.999325514,-0.000000000,0.036724243,-0.006219253,0.985556006,0.169235840,-0.036193799,-0.169350073,0.984891236,70.0000000,1280,720,minecraft:overworld,flashback_export_aligned
1,20260914-203609-flashback_export,flashback_export,582,34564784921400,-562.225274247,88.269999981,244.131121048,-177.8953857,-9.7500324,-0.084968127,0.018298781,-0.001560721,-0.996214390,0.999325514,-0.000000000,0.036724243,-0.006219253,0.985556006,0.169235840,-0.036193799,-0.169350073,0.984891236,70.0000000,1280,720,minecraft:overworld,flashback_export_aligned
1,20260914-203609-flashback_export,flashback_export,583,34564805425600,-562.246845528,88.269999981,244.130326530,-177.8953857,-9.7500324,-0.084968127,0.018298781,-0.001560721,-0.996214390,0.999325514,-0.000000000,0.036724243,-0.006219253,0.985556006,0.169235840,-0.036193799,-0.169350073,0.984891236,70.0000000,1280,720,minecraft:overworld,flashback_export_aligned
1,20260914-203609-flashback_export,flashback_export,584,34564827105500,-562.268416809,88.269999981,244.129532013,-177.8953857,-9.7500324,-0.084968127,0.018298781,-0.001560721,-0.996214390,0.999325514,-0.000000000,0.036724243,-0.006219253,0.985556006,0.169235840,-0.036193799,-0.169350073,0.984891236,70.0000000,1280,720,minecraft:overworld,flashback_export_aligned
1,20260914-203609-flashback_export,flashback_export,585,34564850848200,-562.289988090,88.269999981,244.128737496,-177.8953857,-9.7500324,-0.084968127,0.018298781,-0.001560721,-0.996214390,0.999325514,-0.000000000,0.036724243,-0.006219253,0.985556006,0.169235840,-0.036193799,-0.169350073,0.984891236,70.0000000,1280,720,minecraft:overworld,flashback_export_aligned
1,20260914-203609-flashback_export,flashback_export,586,34564870784500,-562.311559371,88.269999981,244.127942978,-177.8953857,-9.7500324,-0.084968127,0.018298781,-0.001560721,-0.996214390,0.999325514,-0.000000000,0.036724243,-0.006219253,0.985556006,0.169235840,-0.036193799,-0.169350073,0.984891236,70.0000000,1280,720,minecraft:overworld,flashback_export_aligned
1,20260914-203609-flashback_export,flashback_export,587,34564890704400,-562.333130652,88.269999981,244.127148461,-177.8953857,-9.7500324,-0.084968127,0.018298781,-0.001560721,-0.996214390,0.999325514,-0.000000000,0.036724243,-0.006219253,0.985556006,0.169235840,-0.036193799,-0.169350073,0.984891236,70.0000000,1280,720,minecraft:overworld,flashback_export_aligned
1,20260914-203609-flashback_export,flashback_export,588,34564912543000,-562.354701933,88.269999981,244.126353943,-177.8953857,-9.7500324,-0.084968127,0.018298781,-0.001560721,-0.996214390,0.999325514,-0.000000000,0.036724243,-0.006219253,0.985556006,0.169235840,-0.036193799,-0.169350073,0.984891236,70.0000000,1280,720,minecraft:overworld,flashback_export_aligned
1,20260914-203609-flashback_export,flashback_export,589,34564935031000,-562.376273216,88.269999981,244.125559426,-177.8953857,-9.7500324,-0.084968127,0.018298781,-0.001560721,-0.996214390,0.999325514,-0.000000000,0.036724243,-0.006219253,0.985556006,0.169235840,-0.036193799,-0.169350073,0.984891236,70.0000000,1280,720,minecraft:overworld,flashback_export_aligned
1,20260914-203609-flashback_export,flashback_export,590,34564953966900,-562.397844498,88.269999981,244.124764908,-177.8953857,-9.7500324,-0.084968127,0.018298781,-0.001560721,-0.996214390,0.999325514,-0.000000000,0.036724243,-0.006219253,0.985556006,0.169235840,-0.036193799,-0.169350073,0.984891236,70.0000000,1280,720,minecraft:overworld,flashback_export_aligned
1,20260914-203609-flashback_export,flashback_export,591,34564995812300,-562.419415776,88.269999981,244.123970391,-177.8953857,-9.7500324,-0.084968127,0.018298781,-0.001560721,-0.996214390,0.999325514,-0.000000000,0.036724243,-0.006219253,0.985556006,0.169235840,-0.036193799,-0.169350073,0.984891236,70.0000000,1280,720,minecraft:overworld,flashback_export_aligned
1,20260914-203609-flashback_export,flashback_export,592,34565017100300,-562.440987056,88.269999981,244.123175874,-177.8953857,-9.7500324,-0.084968127,0.018298781,-0.001560721,-0.996214390,0.999325514,-0.000000000,0.036724243,-0.006219253,0.985556006,0.169235840,-0.036193799,-0.169350073,0.984891236,70.0000000,1280,720,minecraft:overworld,flashback_export_aligned
1,20260914-203609-flashback_export,flashback_export,593,34565036440700,-562.462558337,88.269999981,244.122381357,-177.8953857,-9.7500324,-0.084968127,0.018298781,-0.001560721,-0.996214390,0.999325514,-0.000000000,0.036724243,-0.006219253,0.985556006,0.169235840,-0.036193799,-0.169350073,0.984891236,70.0000000,1280,720,minecraft:overworld,flashback_export_aligned
1,20260914-203609-flashback_export,flashback_export,594,34565058249500,-562.484129619,88.269999981,244.121586839,-177.8953857,-9.7500324,-0.084968127,0.018298781,-0.001560721,-0.996214390,0.999325514,-0.000000000,0.036724243,-0.006219253,0.985556006,0.169235840,-0.036193799,-0.169350073,0.984891236,70.0000000,1280,720,minecraft:overworld,flashback_export_aligned
1,20260914-203609-flashback_export,flashback_export,595,34565077141700,-562.505700899,88.269999981,244.120792322,-177.8953857,-9.7500324,-0.084968127,0.018298781,-0.001560721,-0.996214390,0.999325514,-0.000000000,0.036724243,-0.006219253,0.985556006,0.169235840,-0.036193799,-0.169350073,0.984891236,70.0000000,1280,720,minecraft:overworld,flashback_export_aligned
1,20260914-203609-flashback_export,flashback_export,596,34565099813200,-562.527272180,88.269999981,244.119997804,-177.8953857,-9.7500324,-0.084968127,0.018298781,-0.001560721,-0.996214390,0.999325514,-0.000000000,0.036724243,-0.006219253,0.985556006,0.169235840,-0.036193799,-0.169350073,0.984891236,70.0000000,1280,720,minecraft:overworld,flashback_export_aligned
1,20260914-203609-flashback_export,flashback_export,597,34565125616500,-562.548843462,88.269999981,244.119203287,-177.8953857,-9.7500324,-0.084968127,0.018298781,-0.001560721,-0.996214390,0.999325514,-0.000000000,0.036724243,-0.006219253,0.985556006,0.169235840,-0.036193799,-0.169350073,0.984891236,70.0000000,1280,720,minecraft:overworld,flashback_export_aligned
1,20260914-203609-flashback_export,flashback_export,598,34565147387700,-562.570414744,88.269999981,244.118408770,-177.8953857,-9.7500324,-0.084968127,0.018298781,-0.001560721,-0.996214390,0.999325514,-0.000000000,0.036724243,-0.006219253,0.985556006,0.169235840,-0.036193799,-0.169350073,0.984891236,70.0000000,1280,720,minecraft:overworld,flashback_export_aligned
1,20260914-203609-flashback_export,flashback_export,599,34565154028600,-562.591986026,88.269999981,244.117614252,-177.8953857,-9.7500324,-0.084968127,0.018298781,-0.001560721,-0.996214390,0.999325514,-0.000000000,0.036724243,-0.006219253,0.985556006,0.169235840,-0.036193799,-0.169350073,0.984891236,70.0000000,1280,720,minecraft:overworld,flashback_export_aligned
1,20260914-203609-flashback_export,flashback_export,600,34565189193200,-562.613557305,88.269999981,244.116819735,-177.8953857,-9.7500324,-0.084968127,0.018298781,-0.001560721,-0.996214390,0.999325514,-0.000000000,0.036724243,-0.006219253,0.985556006,0.169235840,-0.036193799,-0.169350073,0.984891236,70.0000000,1280,720,minecraft:overworld,flashback_export_aligned
1,20260914-203609-flashback_export,flashback_export,601,34565210019600,-562.635128586,88.269999981,244.116025217,-177.8953857,-9.7500324,-0.084968127,0.018298781,-0.001560721,-0.996214390,0.999325514,-0.000000000,0.036724243,-0.006219253,0.985556006,0.169235840,-0.036193799,-0.169350073,0.984891236,70.0000000,1280,720,minecraft:overworld,flashback_export_aligned
1,20260914-203609-flashback_export,flashback_export,602,34565232392400,-562.656699868,88.269999981,244.115230700,-177.8953857,-9.7500324,-0.084968127,0.018298781,-0.001560721,-0.996214390,0.999325514,-0.000000000,0.036724243,-0.006219253,0.985556006,0.169235840,-0.036193799,-0.169350073,0.984891236,70.0000000,1280,720,minecraft:overworld,flashback_export_aligned
1,20260914-203609-flashback_export,flashback_export,603,34565253824000,-562.678271148,88.269999981,244.114436183,-177.8953857,-9.7500324,-0.084968127,0.018298781,-0.001560721,-0.996214390,0.999325514,-0.000000000,0.036724243,-0.006219253,0.985556006,0.169235840,-0.036193799,-0.169350073,0.984891236,70.0000000,1280,720,minecraft:overworld,flashback_export_aligned
1,20260914-203609-flashback_export,flashback_export,604,34565273685900,-562.699842429,88.269999981,244.113641665,-177.8953857,-9.7500324,-0.084968127,0.018298781,-0.001560721,-0.996214390,0.999325514,-0.000000000,0.036724243,-0.006219253,0.985556006,0.169235840,-0.036193799,-0.169350073,0.984891236,70.0000000,1280,720,minecraft:overworld,flashback_export_aligned
1,20260914-203609-flashback_export,flashback_export,605,34565295242900,-562.721413710,88.269999981,244.112847148,-177.8953857,-9.7500324,-0.084968127,0.018298781,-0.001560721,-0.996214390,0.999325514,-0.000000000,0.036724243,-0.006219253,0.985556006,0.169235840,-0.036193799,-0.169350073,0.984891236,70.0000000,1280,720,minecraft:overworld,flashback_export_aligned
1,20260914-203609-flashback_export,flashback_export,606,34565319222300,-562.742984991,88.269999981,244.112052631,-177.8953857,-9.7500324,-0.084968127,0.018298781,-0.001560721,-0.996214390,0.999325514,-0.000000000,0.036724243,-0.006219253,0.985556006,0.169235840,-0.036193799,-0.169350073,0.984891236,70.0000000,1280,720,minecraft:overworld,flashback_export_aligned
1,20260914-203609-flashback_export,flashback_export,607,34565339669500,-562.764556273,88.269999981,244.111258113,-177.8953857,-9.7500324,-0.084968127,0.018298781,-0.001560721,-0.996214390,0.999325514,-0.000000000,0.036724243,-0.006219253,0.985556006,0.169235840,-0.036193799,-0.169350073,0.984891236,70.0000000,1280,720,minecraft:overworld,flashback_export_aligned
1,20260914-203609-flashback_export,flashback_export,608,34565359490500,-562.786127555,88.269999981,244.110463596,-177.8953857,-9.7500324,-0.084968127,0.018298781,-0.001560721,-0.996214390,0.999325514,-0.000000000,0.036724243,-0.006219253,0.985556006,0.169235840,-0.036193799,-0.169350073,0.984891236,70.0000000,1280,720,minecraft:overworld,flashback_export_aligned
1,20260914-203609-flashback_export,flashback_export,609,34565383511500,-562.807698834,88.269999981,244.109669078,-177.8953857,-9.7500324,-0.084968127,0.018298781,-0.001560721,-0.996214390,0.999325514,-0.000000000,0.036724243,-0.006219253,0.985556006,0.169235840,-0.036193799,-0.169350073,0.984891236,70.0000000,1280,720,minecraft:overworld,flashback_export_aligned
1,20260914-203609-flashback_export,flashback_export,610,34565405679300,-562.829270117,88.269999981,244.108874561,-177.8953857,-9.7500324,-0.084968127,0.018298781,-0.001560721,-0.996214390,0.999325514,-0.000000000,0.036724243,-0.006219253,0.985556006,0.169235840,-0.036193799,-0.169350073,0.984891236,70.0000000,1280,720,minecraft:overworld,flashback_export_aligned
1,20260914-203609-flashback_export,flashback_export,611,34565426055200,-562.850841399,88.269999981,244.108080044,-177.8953857,-9.7500324,-0.084968127,0.018298781,-0.001560721,-0.996214390,0.999325514,-0.000000000,0.036724243,-0.006219253,0.985556006,0.169235840,-0.036193799,-0.169350073,0.984891236,70.0000000,1280,720,minecraft:overworld,flashback_export_aligned
1,20260914-203609-flashback_export,flashback_export,612,34565450209800,-562.872412677,88.269999981,244.107285526,-177.8953857,-9.7500324,-0.084968127,0.018298781,-0.001560721,-0.996214390,0.999325514,-0.000000000,0.036724243,-0.006219253,0.985556006,0.169235840,-0.036193799,-0.169350073,0.984891236,70.0000000,1280,720,minecraft:overworld,flashback_export_aligned
1,20260914-203609-flashback_export,flashback_export,613,34565472375400,-562.893983958,88.269999981,244.106491009,-177.8953857,-9.7500324,-0.084968127,0.018298781,-0.001560721,-0.996214390,0.999325514,-0.000000000,0.036724243,-0.006219253,0.985556006,0.169235840,-0.036193799,-0.169350073,0.984891236,70.0000000,1280,720,minecraft:overworld,flashback_export_aligned
1,20260914-203609-flashback_export,flashback_export,614,34565492201900,-562.915555238,88.269999981,244.105696492,-177.8953857,-9.7500324,-0.084968127,0.018298781,-0.001560721,-0.996214390,0.999325514,-0.000000000,0.036724243,-0.006219253,0.985556006,0.169235840,-0.036193799,-0.169350073,0.984891236,70.0000000,1280,720,minecraft:overworld,flashback_export_aligned
1,20260914-203609-flashback_export,flashback_export,615,34565514897500,-562.937126520,88.269999981,244.104901974,-177.8953857,-9.7500324,-0.084968127,0.018298781,-0.001560721,-0.996214390,0.999325514,-0.000000000,0.036724243,-0.006219253,0.985556006,0.169235840,-0.036193799,-0.169350073,0.984891236,70.0000000,1280,720,minecraft:overworld,flashback_export_aligned
1,20260914-203609-flashback_export,flashback_export,616,34565534954700,-562.958697801,88.269999981,244.104107457,-177.8953857,-9.7500324,-0.084968127,0.018298781,-0.001560721,-0.996214390,0.999325514,-0.000000000,0.036724243,-0.006219253,0.985556006,0.169235840,-0.036193799,-0.169350073,0.984891236,70.0000000,1280,720,minecraft:overworld,flashback_export_aligned
1,20260914-203609-flashback_export,flashback_export,617,34565557714200,-562.980269082,88.269999981,244.103312939,-177.8953857,-9.7500324,-0.084968127,0.018298781,-0.001560721,-0.996214390,0.999325514,-0.000000000,0.036724243,-0.006219253,0.985556006,0.169235840,-0.036193799,-0.169350073,0.984891236,70.0000000,1280,720,minecraft:overworld,flashback_export_aligned
1,20260914-203609-flashback_export,flashback_export,618,34565582608500,-563.001840363,88.269999981,244.102518422,-177.8953857,-9.7500324,-0.084968127,0.018298781,-0.001560721,-0.996214390,0.999325514,-0.000000000,0.036724243,-0.006219253,0.985556006,0.169235840,-0.036193799,-0.169350073,0.984891236,70.0000000,1280,720,minecraft:overworld,flashback_export_aligned
1,20260914-203609-flashback_export,flashback_export,619,34565605597300,-563.023411645,88.269999981,244.101723905,-177.8953857,-9.7500324,-0.084968127,0.018298781,-0.001560721,-0.996214390,0.999325514,-0.000000000,0.036724243,-0.006219253,0.985556006,0.169235840,-0.036193799,-0.169350073,0.984891236,70.0000000,1280,720,minecraft:overworld,flashback_export_aligned
1,20260914-203609-flashback_export,flashback_export,620,34565626074500,-563.044982927,88.269999981,244.100929387,-177.8953857,-9.7500324,-0.084968127,0.018298781,-0.001560721,-0.996214390,0.999325514,-0.000000000,0.036724243,-0.006219253,0.985556006,0.169235840,-0.036193799,-0.169350073,0.984891236,70.0000000,1280,720,minecraft:overworld,flashback_export_aligned
1,20260914-203609-flashback_export,flashback_export,621,34565650555100,-563.066554206,88.269999981,244.100134870,-177.8953857,-9.7500324,-0.084968127,0.018298781,-0.001560721,-0.996214390,0.999325514,-0.000000000,0.036724243,-0.006219253,0.985556006,0.169235840,-0.036193799,-0.169350073,0.984891236,70.0000000,1280,720,minecraft:overworld,flashback_export_aligned
1,20260914-203609-flashback_export,flashback_export,622,34565670502800,-563.088125489,88.269999981,244.099340353,-177.8953857,-9.7500324,-0.084968127,0.018298781,-0.001560721,-0.996214390,0.999325514,-0.000000000,0.036724243,-0.006219253,0.985556006,0.169235840,-0.036193799,-0.169350073,0.984891236,70.0000000,1280,720,minecraft:overworld,flashback_export_aligned
1,20260914-203609-flashback_export,flashback_export,623,34565690315800,-563.109696771,88.269999981,244.098545835,-177.8953857,-9.7500324,-0.084968127,0.018298781,-0.001560721,-0.996214390,0.999325514,-0.000000000,0.036724243,-0.006219253,0.985556006,0.169235840,-0.036193799,-0.169350073,0.984891236,70.0000000,1280,720,minecraft:overworld,flashback_export_aligned
1,20260914-203609-flashback_export,flashback_export,624,34565718356300,-563.131268049,88.269999981,244.097751318,-177.8953857,-9.7500324,-0.084968127,0.018298781,-0.001560721,-0.996214390,0.999325514,-0.000000000,0.036724243,-0.006219253,0.985556006,0.169235840,-0.036193799,-0.169350073,0.984891236,70.0000000,1280,720,minecraft:overworld,flashback_export_aligned
1,20260914-203609-flashback_export,flashback_export,625,34565738391900,-563.152839330,88.269999981,244.096956800,-177.8953857,-9.7500324,-0.084968127,0.018298781,-0.001560721,-0.996214390,0.999325514,-0.000000000,0.036724243,-0.006219253,0.985556006,0.169235840,-0.036193799,-0.169350073,0.984891236,70.0000000,1280,720,minecraft:overworld,flashback_export_aligned
1,20260914-203609-flashback_export,flashback_export,626,34565758742700,-563.174410610,88.269999981,244.096162283,-177.8953857,-9.7500324,-0.084968127,0.018298781,-0.001560721,-0.996214390,0.999325514,-0.000000000,0.036724243,-0.006219253,0.985556006,0.169235840,-0.036193799,-0.169350073,0.984891236,70.0000000,1280,720,minecraft:overworld,flashback_export_aligned
1,20260914-203609-flashback_export,flashback_export,627,34565784364900,-563.195981892,88.269999981,244.095367766,-177.8953857,-9.7500324,-0.084968127,0.018298781,-0.001560721,-0.996214390,0.999325514,-0.000000000,0.036724243,-0.006219253,0.985556006,0.169235840,-0.036193799,-0.169350073,0.984891236,70.0000000,1280,720,minecraft:overworld,flashback_export_aligned
1,20260914-203609-flashback_export,flashback_export,628,34565807099000,-563.217553175,88.269999981,244.094573248,-177.8953857,-9.7500324,-0.084968127,0.018298781,-0.001560721,-0.996214390,0.999325514,-0.000000000,0.036724243,-0.006219253,0.985556006,0.169235840,-0.036193799,-0.169350073,0.984891236,70.0000000,1280,720,minecraft:overworld,flashback_export_aligned
1,20260914-203609-flashback_export,flashback_export,629,34565827830700,-563.239124457,88.269999981,244.093778731,-177.8953857,-9.7500324,-0.084968127,0.018298781,-0.001560721,-0.996214390,0.999325514,-0.000000000,0.036724243,-0.006219253,0.985556006,0.169235840,-0.036193799,-0.169350073,0.984891236,70.0000000,1280,720,minecraft:overworld,flashback_export_aligned
1,20260914-203609-flashback_export,flashback_export,630,34565854817200,-563.260695735,88.269999981,244.092984214,-177.8953857,-9.7500324,-0.084968127,0.018298781,-0.001560721,-0.996214390,0.999325514,-0.000000000,0.036724243,-0.006219253,0.985556006,0.169235840,-0.036193799,-0.169350073,0.984891236,70.0000000,1280,720,minecraft:overworld,flashback_export_aligned
1,20260914-203609-flashback_export,flashback_export,631,34565878359300,-563.282267016,88.269999981,244.092189696,-177.8953857,-9.7500324,-0.084968127,0.018298781,-0.001560721,-0.996214390,0.999325514,-0.000000000,0.036724243,-0.006219253,0.985556006,0.169235840,-0.036193799,-0.169350073,0.984891236,70.0000000,1280,720,minecraft:overworld,flashback_export_aligned
1,20260914-203609-flashback_export,flashback_export,632,34565906067000,-563.303838296,88.269999981,244.091395179,-177.8953857,-9.7500324,-0.084968127,0.018298781,-0.001560721,-0.996214390,0.999325514,-0.000000000,0.036724243,-0.006219253,0.985556006,0.169235840,-0.036193799,-0.169350073,0.984891236,70.0000000,1280,720,minecraft:overworld,flashback_export_aligned
1,20260914-203609-flashback_export,flashback_export,633,34565932997100,-563.325409578,88.269999981,244.090600661,-177.8953857,-9.7500324,-0.084968127,0.018298781,-0.001560721,-0.996214390,0.999325514,-0.000000000,0.036724243,-0.006219253,0.985556006,0.169235840,-0.036193799,-0.169350073,0.984891236,70.0000000,1280,720,minecraft:overworld,flashback_export_aligned
1,20260914-203609-flashback_export,flashback_export,634,34565954093000,-563.346980859,88.269999981,244.089806144,-177.8953857,-9.7500324,-0.084968127,0.018298781,-0.001560721,-0.996214390,0.999325514,-0.000000000,0.036724243,-0.006219253,0.985556006,0.169235840,-0.036193799,-0.169350073,0.984891236,70.0000000,1280,720,minecraft:overworld,flashback_export_aligned
1,20260914-203609-flashback_export,flashback_export,635,34565974282800,-563.368552139,88.269999981,244.089011627,-177.8953857,-9.7500324,-0.084968127,0.018298781,-0.001560721,-0.996214390,0.999325514,-0.000000000,0.036724243,-0.006219253,0.985556006,0.169235840,-0.036193799,-0.169350073,0.984891236,70.0000000,1280,720,minecraft:overworld,flashback_export_aligned
1,20260914-203609-flashback_export,flashback_export,636,34565998383600,-563.390123421,88.269999981,244.088217109,-177.8953857,-9.7500324,-0.084968127,0.018298781,-0.001560721,-0.996214390,0.999325514,-0.000000000,0.036724243,-0.006219253,0.985556006,0.169235840,-0.036193799,-0.169350073,0.984891236,70.0000000,1280,720,minecraft:overworld,flashback_export_aligned
1,20260914-203609-flashback_export,flashback_export,637,34566018047400,-563.411694702,88.269999981,244.087422592,-177.8953857,-9.7500324,-0.084968127,0.018298781,-0.001560721,-0.996214390,0.999325514,-0.000000000,0.036724243,-0.006219253,0.985556006,0.169235840,-0.036193799,-0.169350073,0.984891236,70.0000000,1280,720,minecraft:overworld,flashback_export_aligned
1,20260914-203609-flashback_export,flashback_export,638,34566023084200,-563.433265982,88.269999981,244.086628075,-177.8953857,-9.7500324,-0.084968127,0.018298781,-0.001560721,-0.996214390,0.999325514,-0.000000000,0.036724243,-0.006219253,0.985556006,0.169235840,-0.036193799,-0.169350073,0.984891236,70.0000000,1280,720,minecraft:overworld,flashback_export_aligned
1,20260914-203609-flashback_export,flashback_export,639,34566062075000,-563.454837264,88.269999981,244.085833557,-177.8953857,-9.7500324,-0.084968127,0.018298781,-0.001560721,-0.996214390,0.999325514,-0.000000000,0.036724243,-0.006219253,0.985556006,0.169235840,-0.036193799,-0.169350073,0.984891236,70.0000000,1280,720,minecraft:overworld,flashback_export_aligned
1,20260914-203609-flashback_export,flashback_export,640,34566082890400,-563.476408545,88.269999981,244.085039040,-177.8953857,-9.7500324,-0.084968127,0.018298781,-0.001560721,-0.996214390,0.999325514,-0.000000000,0.036724243,-0.006219253,0.985556006,0.169235840,-0.036193799,-0.169350073,0.984891236,70.0000000,1280,720,minecraft:overworld,flashback_export_aligned
1,20260914-203609-flashback_export,flashback_export,641,34566103231300,-563.497979825,88.269999981,244.084244522,-177.8953857,-9.7500324,-0.084968127,0.018298781,-0.001560721,-0.996214390,0.999325514,-0.000000000,0.036724243,-0.006219253,0.985556006,0.169235840,-0.036193799,-0.169350073,0.984891236,70.0000000,1280,720,minecraft:overworld,flashback_export_aligned
1,20260914-203609-flashback_export,flashback_export,642,34566128132800,-563.519551107,88.269999981,244.083450005,-177.8953857,-9.7500324,-0.084968127,0.018298781,-0.001560721,-0.996214390,0.999325514,-0.000000000,0.036724243,-0.006219253,0.985556006,0.169235840,-0.036193799,-0.169350073,0.984891236,70.0000000,1280,720,minecraft:overworld,flashback_export_aligned
1,20260914-203609-flashback_export,flashback_export,643,34566149203900,-563.541122390,88.269999981,244.082655488,-177.8953857,-9.7500324,-0.084968127,0.018298781,-0.001560721,-0.996214390,0.999325514,-0.000000000,0.036724243,-0.006219253,0.985556006,0.169235840,-0.036193799,-0.169350073,0.984891236,70.0000000,1280,720,minecraft:overworld,flashback_export_aligned
1,20260914-203609-flashback_export,flashback_export,644,34566169378200,-563.562693673,88.269999981,244.081860970,-177.8953857,-9.7500324,-0.084968127,0.018298781,-0.001560721,-0.996214390,0.999325514,-0.000000000,0.036724243,-0.006219253,0.985556006,0.169235840,-0.036193799,-0.169350073,0.984891236,70.0000000,1280,720,minecraft:overworld,flashback_export_aligned
1,20260914-203609-flashback_export,flashback_export,645,34566191716300,-563.584264950,88.269999981,244.081066453,-177.8953857,-9.7500324,-0.084968127,0.018298781,-0.001560721,-0.996214390,0.999325514,-0.000000000,0.036724243,-0.006219253,0.985556006,0.169235840,-0.036193799,-0.169350073,0.984891236,70.0000000,1280,720,minecraft:overworld,flashback_export_aligned
1,20260914-203609-flashback_export,flashback_export,646,34566213303200,-563.605118146,88.269999981,244.080271936,-177.8953857,-9.7500324,-0.084968127,0.018298781,-0.001560721,-0.996214390,0.999325514,-0.000000000,0.036724243,-0.006219253,0.985556006,0.169235840,-0.036193799,-0.169350073,0.984891236,70.0000000,1280,720,minecraft:overworld,flashback_export_aligned
1,20260914-203609-flashback_export,flashback_export,647,34566233478100,-563.625971342,88.269999981,244.079477418,-177.8953857,-9.7500324,-0.084968127,0.018298781,-0.001560721,-0.996214390,0.999325514,-0.000000000,0.036724243,-0.006219253,0.985556006,0.169235840,-0.036193799,-0.169350073,0.984891236,70.0000000,1280,720,minecraft:overworld,flashback_export_aligned
1,20260914-203609-flashback_export,flashback_export,648,34566254999500,-563.648978793,88.269999981,244.078682901,-177.8953857,-9.7500324,-0.084968127,0.018298781,-0.001560721,-0.996214390,0.999325514,-0.000000000,0.036724243,-0.006219253,0.985556006,0.169235840,-0.036193799,-0.169350073,0.984891236,70.0000000,1280,720,minecraft:overworld,flashback_export_aligned
1,20260914-203609-flashback_export,flashback_export,649,34566275057400,-563.663810064,88.269999981,244.077943882,-177.8953857,-9.7500324,-0.084968127,0.018298781,-0.001560721,-0.996214390,0.999325514,-0.000000000,0.036724243,-0.006219253,0.985556006,0.169235840,-0.036193799,-0.169350073,0.984891236,70.0000000,1280,720,minecraft:overworld,flashback_export_aligned
1,20260914-203609-flashback_export,flashback_export,650,34566296312300,-563.678641335,88.269999981,244.077204864,-177.8953857,-9.7500324,-0.084968127,0.018298781,-0.001560721,-0.996214390,0.999325514,-0.000000000,0.036724243,-0.006219253,0.985556006,0.169235840,-0.036193799,-0.169350073,0.984891236,70.0000000,1280,720,minecraft:overworld,flashback_export_aligned
1,20260914-203609-flashback_export,flashback_export,651,34566320273200,-563.699999988,88.269999981,244.076299349,-177.8953857,-9.7500324,-0.084968127,0.018298781,-0.001560721,-0.996214390,0.999325514,-0.000000000,0.036724243,-0.006219253,0.985556006,0.169235840,-0.036193799,-0.169350073,0.984891236,70.0000000,1280,720,minecraft:overworld,flashback_export_aligned
1,20260914-203609-flashback_export,flashback_export,652,34566340624300,-563.699999988,88.269999981,244.075938638,-177.8953857,-9.7500324,-0.084968127,0.018298781,-0.001560721,-0.996214390,0.999325514,-0.000000000,0.036724243,-0.006219253,0.985556006,0.169235840,-0.036193799,-0.169350073,0.984891236,70.0000000,1280,720,minecraft:overworld,flashback_export_aligned
1,20260914-203609-flashback_export,flashback_export,653,34566361201000,-563.699999988,88.269999981,244.075577927,-177.8953857,-9.7500324,-0.084968127,0.018298781,-0.001560721,-0.996214390,0.999325514,-0.000000000,0.036724243,-0.006219253,0.985556006,0.169235840,-0.036193799,-0.169350073,0.984891236,70.0000000,1280,720,minecraft:overworld,flashback_export_aligned
1,20260914-203609-flashback_export,flashback_export,654,34566383757700,-563.699999988,88.269999981,244.075217216,-177.8953857,-9.7500324,-0.084968127,0.018298781,-0.001560721,-0.996214390,0.999325514,-0.000000000,0.036724243,-0.006219253,0.985556006,0.169235840,-0.036193799,-0.169350073,0.984891236,70.0000000,1280,720,minecraft:overworld,flashback_export_aligned
1,20260914-203609-flashback_export,flashback_export,655,34566404002700,-563.699999988,88.269999981,244.074856505,-177.8953857,-9.7500324,-0.084968127,0.018298781,-0.001560721,-0.996214390,0.999325514,-0.000000000,0.036724243,-0.006219253,0.985556006,0.169235840,-0.036193799,-0.169350073,0.984891236,70.0000000,1280,720,minecraft:overworld,flashback_export_aligned
1,20260914-203609-flashback_export,flashback_export,656,34566423351700,-563.699999988,88.269999981,244.074495794,-177.8953857,-9.7500324,-0.084968127,0.018298781,-0.001560721,-0.996214390,0.999325514,-0.000000000,0.036724243,-0.006219253,0.985556006,0.169235840,-0.036193799,-0.169350073,0.984891236,70.0000000,1280,720,minecraft:overworld,flashback_export_aligned
1,20260914-203609-flashback_export,flashback_export,657,34566447112500,-563.699999988,88.269999981,244.074135084,-177.8953857,-9.7500324,-0.084968127,0.018298781,-0.001560721,-0.996214390,0.999325514,-0.000000000,0.036724243,-0.006219253,0.985556006,0.169235840,-0.036193799,-0.169350073,0.984891236,70.0000000,1280,720,minecraft:overworld,flashback_export_aligned
1,20260914-203609-flashback_export,flashback_export,658,34566467187600,-563.699999988,88.269999981,244.073774373,-177.8953857,-9.7500324,-0.084968127,0.018298781,-0.001560721,-0.996214390,0.999325514,-0.000000000,0.036724243,-0.006219253,0.985556006,0.169235840,-0.036193799,-0.169350073,0.984891236,70.0000000,1280,720,minecraft:overworld,flashback_export_aligned
1,20260914-203609-flashback_export,flashback_export,659,34566488809100,-563.699999988,88.269999981,244.073413662,-177.8953857,-9.7500324,-0.084968127,0.018298781,-0.001560721,-0.996214390,0.999325514,-0.000000000,0.036724243,-0.006219253,0.985556006,0.169235840,-0.036193799,-0.169350073,0.984891236,70.0000000,1280,720,minecraft:overworld,flashback_export_aligned
1,20260914-203609-flashback_export,flashback_export,660,34566494410700,-563.699999988,88.269999981,244.073052951,-177.8953857,-9.7500324,-0.084968127,0.018298781,-0.001560721,-0.996214390,0.999325514,-0.000000000,0.036724243,-0.006219253,0.985556006,0.169235840,-0.036193799,-0.169350073,0.984891236,70.0000000,1280,720,minecraft:overworld,flashback_export_aligned
1,20260914-203609-flashback_export,flashback_export,661,34566527340100,-563.699999988,88.269999981,244.072692240,-177.8953857,-9.7500324,-0.084968127,0.018298781,-0.001560721,-0.996214390,0.999325514,-0.000000000,0.036724243,-0.006219253,0.985556006,0.169235840,-0.036193799,-0.169350073,0.984891236,70.0000000,1280,720,minecraft:overworld,flashback_export_aligned
1,20260914-203609-flashback_export,flashback_export,662,34566549306300,-563.699999988,88.269999981,244.072331529,-177.8953857,-9.7500324,-0.084968127,0.018298781,-0.001560721,-0.996214390,0.999325514,-0.000000000,0.036724243,-0.006219253,0.985556006,0.169235840,-0.036193799,-0.169350073,0.984891236,70.0000000,1280,720,minecraft:overworld,flashback_export_aligned
1,20260914-203609-flashback_export,flashback_export,663,34566570990100,-563.699999988,88.269999981,244.071970819,-177.8953857,-9.7500324,-0.084968127,0.018298781,-0.001560721,-0.996214390,0.999325514,-0.000000000,0.036724243,-0.006219253,0.985556006,0.169235840,-0.036193799,-0.169350073,0.984891236,70.0000000,1280,720,minecraft:overworld,flashback_export_aligned
1,20260914-203609-flashback_export,flashback_export,664,34566589848200,-563.699999988,88.269999981,244.071610108,-177.8953857,-9.7500324,-0.084968127,0.018298781,-0.001560721,-0.996214390,0.999325514,-0.000000000,0.036724243,-0.006219253,0.985556006,0.169235840,-0.036193799,-0.169350073,0.984891236,70.0000000,1280,720,minecraft:overworld,flashback_export_aligned
1,20260914-203609-flashback_export,flashback_export,665,34566610312000,-563.699999988,88.269999981,244.071249397,-177.8953857,-9.7500324,-0.084968127,0.018298781,-0.001560721,-0.996214390,0.999325514,-0.000000000,0.036724243,-0.006219253,0.985556006,0.169235840,-0.036193799,-0.169350073,0.984891236,70.0000000,1280,720,minecraft:overworld,flashback_export_aligned
1,20260914-203609-flashback_export,flashback_export,666,34566640262000,-563.699999988,88.269999981,244.070888686,-177.8953857,-9.7500324,-0.084968127,0.018298781,-0.001560721,-0.996214390,0.999325514,-0.000000000,0.036724243,-0.006219253,0.985556006,0.169235840,-0.036193799,-0.169350073,0.984891236,70.0000000,1280,720,minecraft:overworld,flashback_export_aligned
1,20260914-203609-flashback_export,flashback_export,667,34566660263700,-563.699999988,88.269999981,244.070527975,-177.8953857,-9.7500324,-0.084968127,0.018298781,-0.001560721,-0.996214390,0.999325514,-0.000000000,0.036724243,-0.006219253,0.985556006,0.169235840,-0.036193799,-0.169350073,0.984891236,70.0000000,1280,720,minecraft:overworld,flashback_export_aligned
1,20260914-203609-flashback_export,flashback_export,668,34566681458800,-563.699999988,88.269999981,244.070167264,-177.8953857,-9.7500324,-0.084968127,0.018298781,-0.001560721,-0.996214390,0.999325514,-0.000000000,0.036724243,-0.006219253,0.985556006,0.169235840,-0.036193799,-0.169350073,0.984891236,70.0000000,1280,720,minecraft:overworld,flashback_export_aligned
1,20260914-203609-flashback_export,flashback_export,669,34566704169100,-563.699999988,88.269999981,244.069806554,-177.8953857,-9.7500324,-0.084968127,0.018298781,-0.001560721,-0.996214390,0.999325514,-0.000000000,0.036724243,-0.006219253,0.985556006,0.169235840,-0.036193799,-0.169350073,0.984891236,70.0000000,1280,720,minecraft:overworld,flashback_export_aligned
1,20260914-203609-flashback_export,flashback_export,670,34566725548500,-563.699999988,88.269999981,244.069445843,-177.8953857,-9.7500324,-0.084968127,0.018298781,-0.001560721,-0.996214390,0.999325514,-0.000000000,0.036724243,-0.006219253,0.985556006,0.169235840,-0.036193799,-0.169350073,0.984891236,70.0000000,1280,720,minecraft:overworld,flashback_export_aligned
1,20260914-203609-flashback_export,flashback_export,671,34566745933800,-563.699999988,88.269999981,244.069085132,-177.8953857,-9.7500324,-0.084968127,0.018298781,-0.001560721,-0.996214390,0.999325514,-0.000000000,0.036724243,-0.006219253,0.985556006,0.169235840,-0.036193799,-0.169350073,0.984891236,70.0000000,1280,720,minecraft:overworld,flashback_export_aligned
1,20260914-203609-flashback_export,flashback_export,672,34566768438200,-563.699999988,88.269999981,244.068724421,-177.8953857,-9.7500324,-0.084968127,0.018298781,-0.001560721,-0.996214390,0.999325514,-0.000000000,0.036724243,-0.006219253,0.985556006,0.169235840,-0.036193799,-0.169350073,0.984891236,70.0000000,1280,720,minecraft:overworld,flashback_export_aligned
1,20260914-203609-flashback_export,flashback_export,673,34566788568400,-563.699999988,88.269999981,244.068363710,-177.8953857,-9.7500324,-0.084968127,0.018298781,-0.001560721,-0.996214390,0.999325514,-0.000000000,0.036724243,-0.006219253,0.985556006,0.169235840,-0.036193799,-0.169350073,0.984891236,70.0000000,1280,720,minecraft:overworld,flashback_export_aligned
1,20260914-203609-flashback_export,flashback_export,674,34566807927300,-563.699999988,88.269999981,244.068002999,-177.8953857,-9.7500324,-0.084968127,0.018298781,-0.001560721,-0.996214390,0.999325514,-0.000000000,0.036724243,-0.006219253,0.985556006,0.169235840,-0.036193799,-0.169350073,0.984891236,70.0000000,1280,720,minecraft:overworld,flashback_export_aligned
1,20260914-203609-flashback_export,flashback_export,675,34566829452400,-563.699999988,88.269999981,244.067642289,-177.8953857,-9.7500324,-0.084968127,0.018298781,-0.001560721,-0.996214390,0.999325514,-0.000000000,0.036724243,-0.006219253,0.985556006,0.169235840,-0.036193799,-0.169350073,0.984891236,70.0000000,1280,720,minecraft:overworld,flashback_export_aligned
1,20260914-203609-flashback_export,flashback_export,676,34566836027200,-563.699999988,88.269999981,244.067281578,-177.8953857,-9.7500324,-0.084968127,0.018298781,-0.001560721,-0.996214390,0.999325514,-0.000000000,0.036724243,-0.006219253,0.985556006,0.169235840,-0.036193799,-0.169350073,0.984891236,70.0000000,1280,720,minecraft:overworld,flashback_export_aligned
1,20260914-203609-flashback_export,flashback_export,677,34566872019700,-563.699999988,88.269999981,244.066920867,-177.8953857,-9.7500324,-0.084968127,0.018298781,-0.001560721,-0.996214390,0.999325514,-0.000000000,0.036724243,-0.006219253,0.985556006,0.169235840,-0.036193799,-0.169350073,0.984891236,70.0000000,1280,720,minecraft:overworld,flashback_export_aligned
1,20260914-203609-flashback_export,flashback_export,678,34566893125300,-563.699999988,88.269999981,244.066560156,-177.8953857,-9.7500324,-0.084968127,0.018298781,-0.001560721,-0.996214390,0.999325514,-0.000000000,0.036724243,-0.006219253,0.985556006,0.169235840,-0.036193799,-0.169350073,0.984891236,70.0000000,1280,720,minecraft:overworld,flashback_export_aligned
1,20260914-203609-flashback_export,flashback_export,679,34566916295200,-563.699999988,88.269999981,244.066199445,-177.8953857,-9.7500324,-0.084968127,0.018298781,-0.001560721,-0.996214390,0.999325514,-0.000000000,0.036724243,-0.006219253,0.985556006,0.169235840,-0.036193799,-0.169350073,0.984891236,70.0000000,1280,720,minecraft:overworld,flashback_export_aligned
1,20260914-203609-flashback_export,flashback_export,680,34566937497500,-563.699999988,88.269999981,244.065838734,-177.8953857,-9.7500324,-0.084968127,0.018298781,-0.001560721,-0.996214390,0.999325514,-0.000000000,0.036724243,-0.006219253,0.985556006,0.169235840,-0.036193799,-0.169350073,0.984891236,70.0000000,1280,720,minecraft:overworld,flashback_export_aligned
1,20260914-203609-flashback_export,flashback_export,681,34566958359400,-563.699999988,88.269999981,244.065478024,-177.8953857,-9.7500324,-0.084968127,0.018298781,-0.001560721,-0.996214390,0.999325514,-0.000000000,0.036724243,-0.006219253,0.985556006,0.169235840,-0.036193799,-0.169350073,0.984891236,70.0000000,1280,720,minecraft:overworld,flashback_export_aligned
1,20260914-203609-flashback_export,flashback_export,682,34566979449200,-563.699999988,88.328333259,244.065163460,-177.8953857,-9.7500324,-0.084968127,0.018298781,-0.001560721,-0.996214390,0.999325514,-0.000000000,0.036724243,-0.006219253,0.985556006,0.169235840,-0.036193799,-0.169350073,0.984891236,70.0000000,1280,720,minecraft:overworld,flashback_export_aligned
1,20260914-203609-flashback_export,flashback_export,683,34566984912400,-563.699999988,88.386666656,244.064848897,-177.8953857,-9.7500324,-0.084968127,0.018298781,-0.001560721,-0.996214390,0.999325514,-0.000000000,0.036724243,-0.006219253,0.985556006,0.169235840,-0.036193799,-0.169350073,0.984891236,70.0000000,1280,720,minecraft:overworld,flashback_export_aligned
1,20260914-203609-flashback_export,flashback_export,684,34567021501100,-563.699999988,88.444999933,244.064395891,-177.8953857,-9.7500324,-0.084968127,0.018298781,-0.001560721,-0.996214390,0.999325514,-0.000000000,0.036724243,-0.006219253,0.985556006,0.169235840,-0.036193799,-0.169350073,0.984891236,70.0000000,1280,720,minecraft:overworld,flashback_export_aligned
1,20260914-203609-flashback_export,flashback_export,685,34567042415900,-563.699999988,88.474166632,244.064395891,-177.8953857,-9.7500324,-0.084968127,0.018298781,-0.001560721,-0.996214390,0.999325514,-0.000000000,0.036724243,-0.006219253,0.985556006,0.169235840,-0.036193799,-0.169350073,0.984891236,70.0000000,1280,720,minecraft:overworld,flashback_export_aligned
1,20260914-203609-flashback_export,flashback_export,686,34567062321500,-563.699999988,88.503333330,244.064395891,-177.8953857,-9.7500324,-0.084968127,0.018298781,-0.001560721,-0.996214390,0.999325514,-0.000000000,0.036724243,-0.006219253,0.985556006,0.169235840,-0.036193799,-0.169350073,0.984891236,70.0000000,1280,720,minecraft:overworld,flashback_export_aligned
1,20260914-203609-flashback_export,flashback_export,687,34567085716600,-563.699999988,88.532500029,244.064395891,-177.8953857,-9.7500324,-0.084968127,0.018298781,-0.001560721,-0.996214390,0.999325514,-0.000000000,0.036724243,-0.006219253,0.985556006,0.169235840,-0.036193799,-0.169350073,0.984891236,70.0000000,1280,720,minecraft:overworld,flashback_export_aligned
1,20260914-203609-flashback_export,flashback_export,688,34567105915700,-563.699999988,88.547083378,244.064395891,-177.8953857,-9.7500324,-0.084968127,0.018298781,-0.001560721,-0.996214390,0.999325514,-0.000000000,0.036724243,-0.006219253,0.985556006,0.169235840,-0.036193799,-0.169350073,0.984891236,70.0000000,1280,720,minecraft:overworld,flashback_export_aligned
1,20260914-203609-flashback_export,flashback_export,689,34567127254200,-563.699999988,88.561666727,244.064395891,-177.8953857,-9.7500324,-0.084968127,0.018298781,-0.001560721,-0.996214390,0.999325514,-0.000000000,0.036724243,-0.006219253,0.985556006,0.169235840,-0.036193799,-0.169350073,0.984891236,70.0000000,1280,720,minecraft:overworld,flashback_export_aligned
1,20260914-203609-flashback_export,flashback_export,690,34567153116200,-563.699999988,88.576250076,244.064395891,-177.8953857,-9.7500324,-0.084968127,0.018298781,-0.001560721,-0.996214390,0.999325514,-0.000000000,0.036724243,-0.006219253,0.985556006,0.169235840,-0.036193799,-0.169350073,0.984891236,70.0000000,1280,720,minecraft:overworld,flashback_export_aligned
1,20260914-203609-flashback_export,flashback_export,691,34567173570600,-563.699999988,88.583541751,244.064395891,-177.8953857,-9.7500324,-0.084968127,0.018298781,-0.001560721,-0.996214390,0.999325514,-0.000000000,0.036724243,-0.006219253,0.985556006,0.169235840,-0.036193799,-0.169350073,0.984891236,70.0000000,1280,720,minecraft:overworld,flashback_export_aligned
1,20260914-203609-flashback_export,flashback_export,692,34567193884400,-563.699999988,88.590833306,244.064395891,-177.8953857,-9.7500324,-0.084968127,0.018298781,-0.001560721,-0.996214390,0.999325514,-0.000000000,0.036724243,-0.006219253,0.985556006,0.169235840,-0.036193799,-0.169350073,0.984891236,70.0000000,1280,720,minecraft:overworld,flashback_export_aligned
1,20260914-203609-flashback_export,flashback_export,693,34567217721400,-563.699999988,88.598124981,244.064395891,-177.8953857,-9.7500324,-0.084968127,0.018298781,-0.001560721,-0.996214390,0.999325514,-0.000000000,0.036724243,-0.006219253,0.985556006,0.169235840,-0.036193799,-0.169350073,0.984891236,70.0000000,1280,720,minecraft:overworld,flashback_export_aligned
1,20260914-203609-flashback_export,flashback_export,694,34567238060500,-563.699999988,88.601770759,244.064395891,-177.8953857,-9.7500324,-0.084968127,0.018298781,-0.001560721,-0.996214390,0.999325514,-0.000000000,0.036724243,-0.006219253,0.985556006,0.169235840,-0.036193799,-0.169350073,0.984891236,70.0000000,1280,720,minecraft:overworld,flashback_export_aligned
1,20260914-203609-flashback_export,flashback_export,695,34567255881900,-563.699999988,88.605416656,244.064395891,-177.8953857,-9.7500324,-0.084968127,0.018298781,-0.001560721,-0.996214390,0.999325514,-0.000000000,0.036724243,-0.006219253,0.985556006,0.169235840,-0.036193799,-0.169350073,0.984891236,70.0000000,1280,720,minecraft:overworld,flashback_export_aligned
1,20260914-203609-flashback_export,flashback_export,696,34567277358000,-563.699999988,88.609062433,244.064395891,-177.8953857,-9.7500324,-0.084968127,0.018298781,-0.001560721,-0.996214390,0.999325514,-0.000000000,0.036724243,-0.006219253,0.985556006,0.169235840,-0.036193799,-0.169350073,0.984891236,70.0000000,1280,720,minecraft:overworld,flashback_export_aligned
1,20260914-203609-flashback_export,flashback_export,697,34567298932400,-563.699999988,88.610885382,244.064395891,-177.8953857,-9.7500324,-0.084968127,0.018298781,-0.001560721,-0.996214390,0.999325514,-0.000000000,0.036724243,-0.006219253,0.985556006,0.169235840,-0.036193799,-0.169350073,0.984891236,70.0000000,1280,720,minecraft:overworld,flashback_export_aligned
1,20260914-203609-flashback_export,flashback_export,698,34567318440700,-563.699999988,88.612708330,244.064395891,-177.8953857,-9.7500324,-0.084968127,0.018298781,-0.001560721,-0.996214390,0.999325514,-0.000000000,0.036724243,-0.006219253,0.985556006,0.169235840,-0.036193799,-0.169350073,0.984891236,70.0000000,1280,720,minecraft:overworld,flashback_export_aligned
1,20260914-203609-flashback_export,flashback_export,699,34567341100400,-563.699999988,88.614531279,244.064395891,-177.8953857,-9.7500324,-0.084968127,0.018298781,-0.001560721,-0.996214390,0.999325514,-0.000000000,0.036724243,-0.006219253,0.985556006,0.169235840,-0.036193799,-0.169350073,0.984891236,70.0000000,1280,720,minecraft:overworld,flashback_export_aligned
1,20260914-203609-flashback_export,flashback_export,700,34567360621100,-563.699999988,88.615442753,244.064395891,-177.8953857,-9.7500324,-0.084968127,0.018298781,-0.001560721,-0.996214390,0.999325514,-0.000000000,0.036724243,-0.006219253,0.985556006,0.169235840,-0.036193799,-0.169350073,0.984891236,70.0000000,1280,720,minecraft:overworld,flashback_export_aligned
1,20260914-203609-flashback_export,flashback_export,701,34567380777800,-563.699999988,88.616354227,244.064395891,-177.8953857,-9.7500324,-0.084968127,0.018298781,-0.001560721,-0.996214390,0.999325514,-0.000000000,0.036724243,-0.006219253,0.985556006,0.169235840,-0.036193799,-0.169350073,0.984891236,70.0000000,1280,720,minecraft:overworld,flashback_export_aligned
1,20260914-203609-flashback_export,flashback_export,702,34567402502800,-563.699999988,88.617265701,244.064395891,-177.8953857,-9.7500324,-0.084968127,0.018298781,-0.001560721,-0.996214390,0.999325514,-0.000000000,0.036724243,-0.006219253,0.985556006,0.169235840,-0.036193799,-0.169350073,0.984891236,70.0000000,1280,720,minecraft:overworld,flashback_export_aligned
1,20260914-203609-flashback_export,flashback_export,703,34567422056500,-563.699999988,88.617721438,244.064395891,-177.8953857,-9.7500324,-0.084968127,0.018298781,-0.001560721,-0.996214390,0.999325514,-0.000000000,0.036724243,-0.006219253,0.985556006,0.169235840,-0.036193799,-0.169350073,0.984891236,70.0000000,1280,720,minecraft:overworld,flashback_export_aligned
1,20260914-203609-flashback_export,flashback_export,704,34567426703500,-563.699999988,88.618177056,244.064395891,-177.8953857,-9.7500324,-0.084968127,0.018298781,-0.001560721,-0.996214390,0.999325514,-0.000000000,0.036724243,-0.006219253,0.985556006,0.169235840,-0.036193799,-0.169350073,0.984891236,70.0000000,1280,720,minecraft:overworld,flashback_export_aligned
1,20260914-203609-flashback_export,flashback_export,705,34567464212700,-563.699999988,88.618632793,244.064395891,-177.8953857,-9.7500324,-0.084968127,0.018298781,-0.001560721,-0.996214390,0.999325514,-0.000000000,0.036724243,-0.006219253,0.985556006,0.169235840,-0.036193799,-0.169350073,0.984891236,70.0000000,1280,720,minecraft:overworld,flashback_export_aligned
1,20260914-203609-flashback_export,flashback_export,706,34567483280900,-563.699999988,88.618860602,244.064395891,-177.8953857,-9.7500324,-0.084968127,0.018298781,-0.001560721,-0.996214390,0.999325514,-0.000000000,0.036724243,-0.006219253,0.985556006,0.169235840,-0.036193799,-0.169350073,0.984891236,70.0000000,1280,720,minecraft:overworld,flashback_export_aligned
1,20260914-203609-flashback_export,flashback_export,707,34567501531300,-563.699999988,88.619088531,244.064395891,-177.8953857,-9.7500324,-0.084968127,0.018298781,-0.001560721,-0.996214390,0.999325514,-0.000000000,0.036724243,-0.006219253,0.985556006,0.169235840,-0.036193799,-0.169350073,0.984891236,70.0000000,1280,720,minecraft:overworld,flashback_export_aligned
1,20260914-203609-flashback_export,flashback_export,708,34567523546800,-563.699999988,88.619316339,244.064395891,-177.8953857,-9.7500324,-0.084968127,0.018298781,-0.001560721,-0.996214390,0.999325514,-0.000000000,0.036724243,-0.006219253,0.985556006,0.169235840,-0.036193799,-0.169350073,0.984891236,70.0000000,1280,720,minecraft:overworld,flashback_export_aligned
1,20260914-203609-flashback_export,flashback_export,709,34567544457000,-563.699999988,88.619430304,244.064395891,-177.8953857,-9.7500324,-0.084968127,0.018298781,-0.001560721,-0.996214390,0.999325514,-0.000000000,0.036724243,-0.006219253,0.985556006,0.169235840,-0.036193799,-0.169350073,0.984891236,70.0000000,1280,720,minecraft:overworld,flashback_export_aligned
1,20260914-203609-flashback_export,flashback_export,710,34567565664000,-563.699999988,88.619544268,244.064395891,-177.8953857,-9.7500324,-0.084968127,0.018298781,-0.001560721,-0.996214390,0.999325514,-0.000000000,0.036724243,-0.006219253,0.985556006,0.169235840,-0.036193799,-0.169350073,0.984891236,70.0000000,1280,720,minecraft:overworld,flashback_export_aligned
1,20260914-203609-flashback_export,flashback_export,711,34567588457900,-563.699999988,88.619658232,244.064395891,-177.8953857,-9.7500324,-0.084968127,0.018298781,-0.001560721,-0.996214390,0.999325514,-0.000000000,0.036724243,-0.006219253,0.985556006,0.169235840,-0.036193799,-0.169350073,0.984891236,70.0000000,1280,720,minecraft:overworld,flashback_export_aligned
1,20260914-203609-flashback_export,flashback_export,712,34567609710000,-563.699999988,88.619715214,244.064395891,-177.8953857,-9.7500324,-0.084968127,0.018298781,-0.001560721,-0.996214390,0.999325514,-0.000000000,0.036724243,-0.006219253,0.985556006,0.169235840,-0.036193799,-0.169350073,0.984891236,70.0000000,1280,720,minecraft:overworld,flashback_export_aligned
1,20260914-203609-flashback_export,flashback_export,713,34567634007800,-563.699999988,88.619772196,244.064395891,-177.8953857,-9.7500324,-0.084968127,0.018298781,-0.001560721,-0.996214390,0.999325514,-0.000000000,0.036724243,-0.006219253,0.985556006,0.169235840,-0.036193799,-0.169350073,0.984891236,70.0000000,1280,720,minecraft:overworld,flashback_export_aligned
1,20260914-203609-flashback_export,flashback_export,714,34567657956900,-563.699999988,88.619829178,244.064395891,-177.8953857,-9.7500324,-0.084968127,0.018298781,-0.001560721,-0.996214390,0.999325514,-0.000000000,0.036724243,-0.006219253,0.985556006,0.169235840,-0.036193799,-0.169350073,0.984891236,70.0000000,1280,720,minecraft:overworld,flashback_export_aligned
1,20260914-203609-flashback_export,flashback_export,715,34567677257600,-563.699999988,88.619857669,244.064395891,-177.8953857,-9.7500324,-0.084968127,0.018298781,-0.001560721,-0.996214390,0.999325514,-0.000000000,0.036724243,-0.006219253,0.985556006,0.169235840,-0.036193799,-0.169350073,0.984891236,70.0000000,1280,720,minecraft:overworld,flashback_export_aligned
1,20260914-203609-flashback_export,flashback_export,716,34567698080400,-563.699999988,88.619886041,244.064395891,-177.8953857,-9.7500324,-0.084968127,0.018298781,-0.001560721,-0.996214390,0.999325514,-0.000000000,0.036724243,-0.006219253,0.985556006,0.169235840,-0.036193799,-0.169350073,0.984891236,70.0000000,1280,720,minecraft:overworld,flashback_export_aligned
1,20260914-203609-flashback_export,flashback_export,717,34567720658300,-563.699999988,88.619914532,244.064395891,-177.8953857,-9.7500324,-0.084968127,0.018298781,-0.001560721,-0.996214390,0.999325514,-0.000000000,0.036724243,-0.006219253,0.985556006,0.169235840,-0.036193799,-0.169350073,0.984891236,70.0000000,1280,720,minecraft:overworld,flashback_export_aligned
1,20260914-203609-flashback_export,flashback_export,718,34567740172300,-563.699999988,88.619928718,244.064395891,-177.8953857,-9.7500324,-0.084968127,0.018298781,-0.001560721,-0.996214390,0.999325514,-0.000000000,0.036724243,-0.006219253,0.985556006,0.169235840,-0.036193799,-0.169350073,0.984891236,70.0000000,1280,720,minecraft:overworld,flashback_export_aligned
1,20260914-203609-flashback_export,flashback_export,719,34567759268500,-563.699999988,88.619943023,244.064395891,-177.8953857,-9.7500324,-0.084968127,0.018298781,-0.001560721,-0.996214390,0.999325514,-0.000000000,0.036724243,-0.006219253,0.985556006,0.169235840,-0.036193799,-0.169350073,0.984891236,70.0000000,1280,720,minecraft:overworld,flashback_export_aligned
