schema_version,session_id,mode,frame_index,wall_time_ns,x,y,z,yaw_deg,pitch_deg,quat_x,quat_y,quat_z,quat_w,right_x,right_y,right_z,up_x,up_y,up_z,back_x,back_y,back_z,fov_deg,width,height,dimension,source
1,20260914-201742-flashback_export,flashback_export,0,33444048017800,83.328932381,-58.380000114,32.824151295,21.0937500,-8.4375000,0.013465248,0.980441689,-0.072321728,0.182543904,-0.932992876,-0.000000000,-0.359895021,0.052807570,0.989176571,-0.136898488,0.355999678,-0.146730483,-0.922894657,70.0000000,1280,720,minecraft:overworld,flashback_export_aligned
1,20260914-201742-flashback_export,flashback_export,1,33444076638400,83.328932381,-58.380000114,32.824151295,21.0937500,-8.4375000,0.013465248,0.980441689,-0.072321728,0.182543904,-0.932992876,-0.000000000,-0.359895021,0.052807570,0.989176571,-0.136898488,0.355999678,-0.146730483,-0.922894657,70.0000000,1280,720,minecraft:overworld,flashback_export_aligned
1,20260914-201742-flashback_export,flashback_export,2,33444720764600,83.328932381,-58.380000114,32.824151295,21.0937500,-8.4375000,0.013465248,0.980441689,-0.072321728,0.182543904,-0.932992876,-0.000000000,-0.359895021,0.052807570,0.989176571,-0.136898488,0.355999678,-0.146730483,-0.922894657,70.0000000,1280,720,minecraft:overworld,flashback_export_aligned
1,20260914-201742-flashback_export,flashback_export,3,33444749547400,83.328932381,-58.380000114,32.824151295,21.0937500,-8.4375000,0.013465248,0.980441689,-0.072321728,0.182543904,-0.932992876,-0.000000000,-0.359895021,0.052807570,0.989176571,-0.136898488,0.355999678,-0.146730483,-0.922894657,70.0000000,1280,720,minecraft:overworld,flashback_export_aligned
1,20260914-201742-flashback_export,flashback_export,4,33444789906600,83.328932381,-58.380000114,32.824151295,21.0937500,-8.4333344,0.013458611,0.980444312,-0.072286084,0.182544395,-0.932992876,-0.000000002,-0.359894991,0.052781686,0.989187181,-0.136831388,0.356003523,-0.146658555,-0.922904551,70.0000000,1280,720,minecraft:overworld,flashback_export_aligned
1,20260914-201742-flashback_export,flashback_export,5,33444814843400,83.328932381,-58.380000114,32.824151295,21.0937500,-8.4291697,0.013451978,0.980446935,-0.072250456,0.182544887,-0.932992816,-0.000000004,-0.359895021,0.052755810,0.989197850,-0.136764303,0.356007367,-0.146586671,-0.922914505,70.0000000,1280,720,minecraft:overworld,flashback_export_aligned
1,20260914-201742-flashback_export,flashback_export,6,33444846417300,83.328932381,-58.380000114,32.824151295,22.3512707,-8.4000111,0.014194830,0.978403091,-0.071849525,0.193296567,-0.924869895,-0.000000002,-0.380283713,0.055553064,0.989272356,-0.135107979,0.376204133,-0.146083221,-0.914948165,70.0000000,1280,720,minecraft:overworld,flashback_export_aligned
1,20260914-201742-flashback_export,flashback_export,7,33444869140400,83.328932381,-58.380000114,32.824151295,22.3512707,-8.4000111,0.014194830,0.978403091,-0.071849525,0.193296567,-0.924869895,-0.000000002,-0.380283713,0.055553064,0.989272356,-0.135107979,0.376204133,-0.146083221,-0.914948165,70.0000000,1280,720,minecraft:overworld,flashback_export_aligned
1,20260914-201742-flashback_export,flashback_export,8,33444889891400,83.328932381,-58.380000114,32.824151295,22.3512707,-8.4000111,0.014194830,0.978403091,-0.071849525,0.193296567,-0.924869895,-0.000000002,-0.380283713,0.055553064,0.989272356,-0.135107979,0.376204133,-0.146083221,-0.914948165,70.0000000,1280,720,minecraft:overworld,flashback_export_aligned
1,20260914-201742-flashback_export,flashback_export,9,33444914944500,83.328932381,-58.380000114,32.824151295,22.3512707,-8.4000111,0.014194830,0.978403091,-0.071849525,0.193296567,-0.924869895,-0.000000002,-0.380283713,0.055553064,0.989272356,-0.135107979,0.376204133,-0.146083221,-0.914948165,70.0000000,1280,720,minecraft:overworld,flashback_export_aligned
1,20260914-201742-flashback_export,flashback_export,10,33444936963600,83.328932381,-58.380000114,32.824151295,22.3512707,-8.4000111,0.014194830,0.978403091,-0.071849525,0.193296567,-0.924869895,-0.000000002,-0.380283713,0.055553064,0.989272356,-0.135107979,0.376204133,-0.146083221,-0.914948165,70.0000000,1280,720,minecraft:overworld,flashback_export_aligned
1,20260914-201742-flashback_export,flashback_export,11,33444959571300,83.328932381,-58.380000114,32.824151295,22.3512707,-8.4000111,0.014194830,0.978403091,-0.071849525,0.193296567,-0.924869895,-0.000000002,-0.380283713,0.055553064,0.989272356,-0.135107979,0.376204133,-0.146083221,-0.914948165,70.0000000,1280,720,minecraft:overworld,flashback_export_aligned
1,20260914-201742-flashback_export,flashback_export,12,33444988605300,83.328932381,-58.380000114,32.824151295,22.3512707,-8.4000111,0.014194830,0.978403091,-0.071849525,0.193296567,-0.924869895,-0.000000002,-0.380283713,0.055553064,0.989272356,-0.135107979,0.376204133,-0.146083221,-0.914948165,70.0000000,1280,720,minecraft:overworld,flashback_export_aligned
1,20260914-201742-flashback_export,flashback_export,13,33445012979500,83.328932381,-58.380000114,32.824151295,22.3512707,-8.4000111,0.014194830,0.978403091,-0.071849525,0.193296567,-0.924869895,-0.000000002,-0.380283713,0.055553064,0.989272356,-0.135107979,0.376204133,-0.146083221,-0.914948165,70.0000000,1280,720,minecraft:overworld,flashback_export_aligned
1,20260914-201742-flashback_export,flashback_export,14,33445036249400,83.328932381,-58.380000114,32.824151295,22.3512707,-8.4000111,0.014194830,0.978403091,-0.071849525,0.193296567,-0.924869895,-0.000000002,-0.380283713,0.055553064,0.989272356,-0.135107979,0.376204133,-0.146083221,-0.914948165,70.0000000,1280,720,minecraft:overworld,flashback_export_aligned
1,20260914-201742-flashback_export,flashback_export,15,33445058567900,83.328932381,-58.380000114,32.824151295,22.3512707,-8.4000111,0.014194830,0.978403091,-0.071849525,0.193296567,-0.924869895,-0.000000002,-0.380283713,0.055553064,0.989272356,-0.135107979,0.376204133,-0.146083221,-0.914948165,70.0000000,1280,720,minecraft:overworld,flashback_export_aligned
1,20260914-201742-flashback_export,flashback_export,16,33445080655200,83.328932381,-58.380000114,32.824151295,22.3512707,-8.4000111,0.014194830,0.978403091,-0.071849525,0.193296567,-0.924869895,-0.000000002,-0.380283713,0.055553064,0.989272356,-0.135107979,0.376204133,-0.146083221,-0.914948165,70.0000000,1280,720,minecraft:overworld,flashback_export_aligned
1,20260914-201742-flashback_export,flashback_export,17,33445100527700,83.328932381,-58.380000114,32.824151295,22.3512707,-8.4000111,0.014194830,0.978403091,-0.071849525,0.193296567,-0.924869895,-0.000000002,-0.380283713,0.055553064,0.989272356,-0.135107979,0.376204133,-0.146083221,-0.914948165,70.0000000,1280,720,minecraft:overworld,flashback_export_aligned
1,20260914-201742-flashback_export,flashback_export,18,33445123546600,83.328932381,-58.380000114,32.824151295,22.3512707,-8.4000111,0.014194830,0.978403091,-0.071849525,0.193296567,-0.924869895,-0.000000002,-0.380283713,0.055553064,0.989272356,-0.135107979,0.376204133,-0.146083221,-0.914948165,70.0000000,1280,720,minecraft:overworld,flashback_export_aligned
1,20260914-201742-flashback_export,flashback_export,19,33445144743500,83.328932381,-58.380000114,32.824151295,22.3512707,-8.4000111,0.014194830,0.978403091,-0.071849525,0.193296567,-0.924869895,-0.000000002,-0.380283713,0.055553064,0.989272356,-0.135107979,0.376204133,-0.146083221,-0.914948165,70.0000000,1280,720,minecraft:overworld,flashback_export_aligned
1,20260914-201742-flashback_export,flashback_export,20,33445167038000,83.328932381,-58.380000114,32.824151295,22.3512707,-8.4000111,0.014194830,0.978403091,-0.071849525,0.193296567,-0.924869895,-0.000000002,-0.380283713,0.055553064,0.989272356,-0.135107979,0.376204133,-0.146083221,-0.914948165,70.0000000,1280,720,minecraft:overworld,flashback_export_aligned
1,20260914-201742-flashback_export,flashback_export,21,33445193662300,83.328932381,-58.380000114,32.824151295,22.3512707,-8.4000111,0.014194830,0.978403091,-0.071849525,0.193296567,-0.924869895,-0.000000002,-0.380283713,0.055553064,0.989272356,-0.135107979,0.376204133,-0.146083221,-0.914948165,70.0000000,1280,720,minecraft:overworld,flashback_export_aligned
1,20260914-201742-flashback_export,flashback_export,22,33445216271500,83.328932381,-58.380000114,32.824151295,22.3512707,-8.4000111,0.014194830,0.978403091,-0.071849525,0.193296567,-0.924869895,-0.000000002,-0.380283713,0.055553064,0.989272356,-0.135107979,0.376204133,-0.146083221,-0.914948165,70.0000000,1280,720,minecraft:overworld,flashback_export_aligned
1,20260914-201742-flashback_export,flashback_export,23,33445235698300,83.328932381,-58.380000114,32.824151295,22.3512707,-8.4000111,0.014194830,0.978403091,-0.071849525,0.193296567,-0.924869895,-0.000000002,-0.380283713,0.055553064,0.989272356,-0.135107979,0.376204133,-0.146083221,-0.914948165,70.0000000,1280,720,minecraft:overworld,flashback_export_aligned
1,20260914-201742-flashback_export,flashback_export,24,33445259122100,83.328932381,-58.380000114,32.824151295,22.3512707,-8.4000111,0.014194830,0.978403091,-0.071849525,0.193296567,-0.924869895,-0.000000002,-0.380283713,0.055553064,0.989272356,-0.135107979,0.376204133,-0.146083221,-0.914948165,70.0000000,1280,720,minecraft:overworld,flashback_export_aligned
1,20260914-201742-flashback_export,flashback_export,25,33445279914600,83.328932381,-58.380000114,32.824151295,22.3512707,-8.4000111,0.014194830,0.978403091,-0.071849525,0.193296567,-0.924869895,-0.000000002,-0.380283713,0.055553064,0.989272356,-0.135107979,0.376204133,-0.146083221,-0.914948165,70.0000000,1280,720,minecraft:overworld,flashback_export_aligned
1,20260914-201742-flashback_export,flashback_export,26,33445299619100,83.328932381,-58.380000114,32.824151295,22.3512707,-8.4000111,0.014194830,0.978403091,-0.071849525,0.193296567,-0.924869895,-0.000000002,-0.380283713,0.055553064,0.989272356,-0.135107979,0.376204133,-0.146083221,-0.914948165,70.0000000,1280,720,minecraft:overworld,flashback_export_aligned
1,20260914-201742-flashback_export,flashback_export,27,33445322032100,83.328932381,-58.380000114,32.824151295,22.3512707,-8.4000111,0.014194830,0.978403091,-0.071849525,0.193296567,-0.924869895,-0.000000002,-0.380283713,0.055553064,0.989272356,-0.135107979,0.376204133,-0.146083221,-0.914948165,70.0000000,1280,720,minecraft:overworld,flashback_export_aligned
1,20260914-201742-flashback_export,flashback_export,28,33445341876100,83.328932381,-58.380000114,32.824151295,22.3512707,-8.4000111,0.014194830,0.978403091,-0.071849525,0.193296567,-0.924869895,-0.000000002,-0.380283713,0.055553064,0.989272356,-0.135107979,0.376204133,-0.146083221,-0.914948165,70.0000000,1280,720,minecraft:overworld,flashback_export_aligned
1,20260914-201742-flashback_export,flashback_export,29,33445362108500,83.328932381,-58.380000114,32.824151295,22.3512707,-8.4000111,0.014194830,0.978403091,-0.071849525,0.193296567,-0.924869895,-0.000000002,-0.380283713,0.055553064,0.989272356,-0.135107979,0.376204133,-0.146083221,-0.914948165,70.0000000,1280,720,minecraft:overworld,flashback_export_aligned
1,20260914-201742-flashback_export,flashback_export,30,33445383533400,83.328932381,-58.380000114,32.824151295,22.3512707,-8.4000111,0.014194830,0.978403091,-0.071849525,0.193296567,-0.924869895,-0.000000002,-0.380283713,0.055553064,0.989272356,-0.135107979,0.376204133,-0.146083221,-0.914948165,70.0000000,1280,720,minecraft:overworld,flashback_export_aligned
1,20260914-201742-flashback_export,flashback_export,31,33445403582400,83.328932381,-58.380000114,32.824151295,22.3512707,-8.4000111,0.014194830,0.978403091,-0.071849525,0.193296567,-0.924869895,-0.000000002,-0.380283713,0.055553064,0.989272356,-0.135107979,0.376204133,-0.146083221,-0.914948165,70.0000000,1280,720,minecraft:overworld,flashback_export_aligned
1,20260914-201742-flashback_export,flashback_export,32,33445409079900,83.328932381,-58.380000114,32.824151295,22.3512707,-8.4000111,0.014194830,0.978403091,-0.071849525,0.193296567,-0.924869895,-0.000000002,-0.380283713,0.055553064,0.989272356,-0.135107979,0.376204133,-0.146083221,-0.914948165,70.0000000,1280,720,minecraft:overworld,flashback_export_aligned
1,20260914-201742-flashback_export,flashback_export,33,33445447806500,83.328932381,-58.380000114,32.824151295,22.3512707,-8.4000111,0.014194830,0.978403091,-0.071849525,0.193296567,-0.924869895,-0.000000002,-0.380283713,0.055553064,0.989272356,-0.135107979,0.376204133,-0.146083221,-0.914948165,70.0000000,1280,720,minecraft:overworld,flashback_export_aligned
1,20260914-201742-flashback_export,flashback_export,34,33445467103900,83.328932381,-58.380000114,32.824151295,22.3512707,-8.4000111,0.014194830,0.978403091,-0.071849525,0.193296567,-0.924869895,-0.000000002,-0.380283713,0.055553064,0.989272356,-0.135107979,0.376204133,-0.146083221,-0.914948165,70.0000000,1280,720,minecraft:overworld,flashback_export_aligned
1,20260914-201742-flashback_export,flashback_export,35,33445487421300,83.328932381,-58.380000114,32.824151295,22.3512707,-8.4000111,0.014194830,0.978403091,-0.071849525,0.193296567,-0.924869895,-0.000000002,-0.380283713,0.055553064,0.989272356,-0.135107979,0.376204133,-0.146083221,-0.914948165,70.0000000,1280,720,minecraft:overworld,flashback_export_aligned
1,20260914-201742-flashback_export,flashback_export,36,33445507901100,83.328932381,-58.380000114,32.824151295,22.3512707,-8.4000111,0.014194830,0.978403091,-0.071849525,0.193296567,-0.924869895,-0.000000002,-0.380283713,0.055553064,0.989272356,-0.135107979,0.376204133,-0.146083221,-0.914948165,70.0000000,1280,720,minecraft:overworld,flashback_export_aligned
1,20260914-201742-flashback_export,flashback_export,37,33445530870700,83.328932381,-58.380000114,32.824151295,22.3512707,-8.4000111,0.014194830,0.978403091,-0.071849525,0.193296567,-0.924869895,-0.000000002,-0.380283713,0.055553064,0.989272356,-0.135107979,0.376204133,-0.146083221,-0.914948165,70.0000000,1280,720,minecraft:overworld,flashback_export_aligned
1,20260914-201742-flashback_export,flashback_export,38,33445550633500,83.328932381,-58.380000114,32.824151295,22.3512707,-8.4000111,0.014194830,0.978403091,-0.071849525,0.193296567,-0.924869895,-0.000000002,-0.380283713,0.055553064,0.989272356,-0.135107979,0.376204133,-0.146083221,-0.914948165,70.0000000,1280,720,minecraft:overworld,flashback_export_aligned
1,20260914-201742-flashback_export,flashback_export,39,33445572271300,83.328932381,-58.380000114,32.824151295,22.3512707,-8.4000111,0.014194830,0.978403091,-0.071849525,0.193296567,-0.924869895,-0.000000002,-0.380283713,0.055553064,0.989272356,-0.135107979,0.376204133,-0.146083221,-0.914948165,70.0000000,1280,720,minecraft:overworld,flashback_export_aligned
1,20260914-201742-flashback_export,flashback_export,40,33445577559900,83.328932381,-58.380000114,32.824151295,22.3512707,-8.4000111,0.014194830,0.978403091,-0.071849525,0.193296567,-0.924869895,-0.000000002,-0.380283713,0.055553064,0.989272356,-0.135107979,0.376204133,-0.146083221,-0.914948165,70.0000000,1280,720,minecraft:overworld,flashback_export_aligned
1,20260914-201742-flashback_export,flashback_export,41,33445614311100,83.328932381,-58.380000114,32.824151295,22.3512707,-8.4000111,0.014194830,0.978403091,-0.071849525,0.193296567,-0.924869895,-0.000000002,-0.380283713,0.055553064,0.989272356,-0.135107979,0.376204133,-0.146083221,-0.914948165,70.0000000,1280,720,minecraft:overworld,flashback_export_aligned
1,20260914-201742-flashback_export,flashback_export,42,33445634230600,83.328932381,-58.380000114,32.824151295,22.3512707,-8.4000111,0.014194830,0.978403091,-0.071849525,0.193296567,-0.924869895,-0.000000002,-0.380283713,0.055553064,0.989272356,-0.135107979,0.376204133,-0.146083221,-0.914948165,70.0000000,1280,720,minecraft:overworld,flashback_export_aligned
1,20260914-201742-flashback_export,flashback_export,43,33445654422400,83.328932381,-58.380000114,32.824151295,22.3512707,-8.4000111,0.014194830,0.978403091,-0.071849525,0.193296567,-0.924869895,-0.000000002,-0.380283713,0.055553064,0.989272356,-0.135107979,0.376204133,-0.146083221,-0.914948165,70.0000000,1280,720,minecraft:overworld,flashback_export_aligned
1,20260914-201742-flashback_export,flashback_export,44,33445672637300,83.328932381,-58.380000114,32.824151295,22.3512707,-8.4000111,0.014194830,0.978403091,-0.071849525,0.193296567,-0.924869895,-0.000000002,-0.380283713,0.055553064,0.989272356,-0.135107979,0.376204133,-0.146083221,-0.914948165,70.0000000,1280,720,minecraft:overworld,flashback_export_aligned
1,20260914-201742-flashback_export,flashback_export,45,33445694053500,83.328932381,-58.380000114,32.824151295,22.3512707,-8.4000111,0.014194830,0.978403091,-0.071849525,0.193296567,-0.924869895,-0.000000002,-0.380283713,0.055553064,0.989272356,-0.135107979,0.376204133,-0.146083221,-0.914948165,70.0000000,1280,720,minecraft:overworld,flashback_export_aligned
1,20260914-201742-flashback_export,flashback_export,46,33445718187900,83.328932381,-58.380000114,32.824151295,22.3512707,-8.4000111,0.014194830,0.978403091,-0.071849525,0.193296567,-0.924869895,-0.000000002,-0.380283713,0.055553064,0.989272356,-0.135107979,0.376204133,-0.146083221,-0.914948165,70.0000000,1280,720,minecraft:overworld,flashback_export_aligned
1,20260914-201742-flashback_export,flashback_export,47,33445736073100,83.328932381,-58.380000114,32.824151295,22.3512707,-8.4000111,0.014194830,0.978403091,-0.071849525,0.193296567,-0.924869895,-0.000000002,-0.380283713,0.055553064,0.989272356,-0.135107979,0.376204133,-0.146083221,-0.914948165,70.0000000,1280,720,minecraft:overworld,flashback_export_aligned
1,20260914-201742-flashback_export,flashback_export,48,33445755573500,83.328932381,-58.380000114,32.824151295,22.3512707,-8.4000111,0.014194830,0.978403091,-0.071849525,0.193296567,-0.924869895,-0.000000002,-0.380283713,0.055553064,0.989272356,-0.135107979,0.376204133,-0.146083221,-0.914948165,70.0000000,1280,720,minecraft:overworld,flashback_export_aligned
1,20260914-201742-flashback_export,flashback_export,49,33445775610100,83.328932381,-58.380000114,32.824151295,22.3512707,-8.4000111,0.014194830,0.978403091,-0.071849525,0.193296567,-0.924869895,-0.000000002,-0.380283713,0.055553064,0.989272356,-0.135107979,0.376204133,-0.146083221,-0.914948165,70.0000000,1280,720,minecraft:overworld,flashback_export_aligned
1,20260914-201742-flashback_export,flashback_export,50,33445794553500,83.328932381,-58.380000114,32.824151295,22.3512707,-8.4000111,0.014194830,0.978403091,-0.071849525,0.193296567,-0.924869895,-0.000000002,-0.380283713,0.055553064,0.989272356,-0.135107979,0.376204133,-0.146083221,-0.914948165,70.0000000,1280,720,minecraft:overworld,flashback_export_aligned
1,20260914-201742-flashback_export,flashback_export,51,33445815762500,83.328932381,-58.380000114,32.824151295,22.3512707,-8.4000111,0.014194830,0.978403091,-0.071849525,0.193296567,-0.924869895,-0.000000002,-0.380283713,0.055553064,0.989272356,-0.135107979,0.376204133,-0.146083221,-0.914948165,70.0000000,1280,720,minecraft:overworld,flashback_export_aligned
1,20260914-201742-flashback_export,flashback_export,52,33445835526900,83.328932381,-58.380000114,32.824151295,22.3512707,-8.4000111,0.014194830,0.978403091,-0.071849525,0.193296567,-0.924869895,-0.000000002,-0.380283713,0.055553064,0.989272356,-0.135107979,0.376204133,-0.146083221,-0.914948165,70.0000000,1280,720,minecraft:overworld,flashback_export_aligned
1,20260914-201742-flashback_export,flashback_export,53,33445854231300,83.328932381,-58.380000114,32.824151295,22.3512707,-8.4000111,0.014194830,0.978403091,-0.071849525,0.193296567,-0.924869895,-0.000000002,-0.380283713,0.055553064,0.989272356,-0.135107979,0.376204133,-0.146083221,-0.914948165,70.0000000,1280,720,minecraft:overworld,flashback_export_aligned
1,20260914-201742-flashback_export,flashback_export,54,33445876044000,83.328932381,-58.380000114,32.824151295,22.3512707,-8.4000111,0.014194830,0.978403091,-0.071849525,0.193296567,-0.924869895,-0.000000002,-0.380283713,0.055553064,0.989272356,-0.135107979,0.376204133,-0.146083221,-0.914948165,70.0000000,1280,720,minecraft:overworld,flashback_export_aligned
1,20260914-201742-flashback_export,flashback_export,55,33445895594700,83.328932381,-58.380000114,32.824151295,22.3512707,-8.4000111,0.014194830,0.978403091,-0.071849525,0.193296567,-0.924869895,-0.000000002,-0.380283713,0.055553064,0.989272356,-0.135107979,0.376204133,-0.146083221,-0.914948165,70.0000000,1280,720,minecraft:overworld,flashback_export_aligned
1,20260914-201742-flashback_export,flashback_export,56,33445916160400,83.328932381,-58.380000114,32.824151295,22.3512707,-8.4000111,0.014194830,0.978403091,-0.071849525,0.193296567,-0.924869895,-0.000000002,-0.380283713,0.055553064,0.989272356,-0.135107979,0.376204133,-0.146083221,-0.914948165,70.0000000,1280,720,minecraft:overworld,flashback_export_aligned
1,20260914-201742-flashback_export,flashback_export,57,33445937526700,83.328932381,-58.380000114,32.824151295,22.3512707,-8.4000111,0.014194830,0.978403091,-0.071849525,0.193296567,-0.924869895,-0.000000002,-0.380283713,0.055553064,0.989272356,-0.135107979,0.376204133,-0.146083221,-0.914948165,70.0000000,1280,720,minecraft:overworld,flashback_export_aligned
1,20260914-201742-flashback_export,flashback_export,58,33445956600700,83.328932381,-58.380000114,32.824151295,22.3512707,-8.4000111,0.014194830,0.978403091,-0.071849525,0.193296567,-0.924869895,-0.000000002,-0.380283713,0.055553064,0.989272356,-0.135107979,0.376204133,-0.146083221,-0.914948165,70.0000000,1280,720,minecraft:overworld,flashback_export_aligned
1,20260914-201742-flashback_export,flashback_export,59,33445974514800,83.328932381,-58.380000114,32.824151295,22.3512707,-8.4000111,0.014194830,0.978403091,-0.071849525,0.193296567,-0.924869895,-0.000000002,-0.380283713,0.055553064,0.989272356,-0.135107979,0.376204133,-0.146083221,-0.914948165,70.0000000,1280,720,minecraft:overworld,flashback_export_aligned
1,20260914-201742-flashback_export,flashback_export,60,33445999438800,83.328932381,-58.380000114,32.824151295,22.3512707,-8.4000111,0.014194830,0.978403091,-0.071849525,0.193296567,-0.924869895,-0.000000002,-0.380283713,0.055553064,0.989272356,-0.135107979,0.376204133,-0.146083221,-0.914948165,70.0000000,1280,720,minecraft:overworld,flashback_export_aligned
1,20260914-201742-flashback_export,flashback_export,61,33446018418600,83.328932381,-58.380000114,32.824151295,22.3512707,-8.4000111,0.014194830,0.978403091,-0.071849525,0.193296567,-0.924869895,-0.000000002,-0.380283713,0.055553064,0.989272356,-0.135107979,0.376204133,-0.146083221,-0.914948165,70.0000000,1280,720,minecraft:overworld,flashback_export_aligned
1,20260914-201742-flashback_export,flashback_export,62,33446039087600,83.328932381,-58.380000114,32.824151295,22.3512707,-8.4000111,0.014194830,0.978403091,-0.071849525,0.193296567,-0.924869895,-0.000000002,-0.380283713,0.055553064,0.989272356,-0.135107979,0.376204133,-0.146083221,-0.914948165,70.0000000,1280,720,minecraft:overworld,flashback_export_aligned
1,20260914-201742-flashback_export,flashback_export,63,33446059871400,83.328932381,-58.380000114,32.824151295,22.3512707,-8.4000111,0.014194830,0.978403091,-0.071849525,0.193296567,-0.924869895,-0.000000002,-0.380283713,0.055553064,0.989272356,-0.135107979,0.376204133,-0.146083221,-0.914948165,70.0000000,1280,720,minecraft:overworld,flashback_export_aligned
1,20260914-201742-flashback_export,flashback_export,64,33446079495800,83.319700250,-58.380000114,32.820356225,22.3512707,-8.4000111,0.014194830,0.978403091,-0.071849525,0.193296567,-0.924869895,-0.000000002,-0.380283713,0.055553064,0.989272356,-0.135107979,0.376204133,-0.146083221,-0.914948165,70.0000000,1280,720,minecraft:overworld,flashback_export_aligned
1,20260914-201742-flashback_export,flashback_export,65,33446098227200,83.310468120,-58.380000114,32.816561154,22.3512707,-8.4000111,0.014194830,0.978403091,-0.071849525,0.193296567,-0.924869895,-0.000000002,-0.380283713,0.055553064,0.989272356,-0.135107979,0.376204133,-0.146083221,-0.914948165,70.0000000,1280,720,minecraft:overworld,flashback_export_aligned
1,20260914-201742-flashback_export,flashback_export,66,33446118967100,83.328932381,-58.380000114,32.824151295,22.3512707,-8.4000111,0.014194830,0.978403091,-0.071849525,0.193296567,-0.924869895,-0.000000002,-0.380283713,0.055553064,0.989272356,-0.135107979,0.376204133,-0.146083221,-0.914948165,70.0000000,1280,720,minecraft:overworld,flashback_export_aligned
1,20260914-201742-flashback_export,flashback_export,67,33446141792400,83.293678121,-58.380000114,32.809659256,22.3512707,-8.4000111,0.014194830,0.978403091,-0.071849525,0.193296567,-0.924869895,-0.000000002,-0.380283713,0.055553064,0.989272356,-0.135107979,0.376204133,-0.146083221,-0.914948165,70.0000000,1280,720,minecraft:overworld,flashback_export_aligned
1,20260914-201742-flashback_export,flashback_export,68,33446163183600,83.258423862,-58.380000114,32.795167217,22.3512707,-8.4000111,0.014194830,0.978403091,-0.071849525,0.193296567,-0.924869895,-0.000000002,-0.380283713,0.055553064,0.989272356,-0.135107979,0.376204133,-0.146083221,-0.914948165,70.0000000,1280,720,minecraft:overworld,flashback_export_aligned
1,20260914-201742-flashback_export,flashback_export,69,33446185496800,83.238291834,-58.380000114,32.786891504,22.3512707,-8.4000111,0.014194830,0.978403091,-0.071849525,0.193296567,-0.924869895,-0.000000002,-0.380283713,0.055553064,0.989272356,-0.135107979,0.376204133,-0.146083221,-0.914948165,70.0000000,1280,720,minecraft:overworld,flashback_export_aligned
1,20260914-201742-flashback_export,flashback_export,70,33446204178500,83.188829490,-58.380000114,32.766558920,22.3512707,-8.4000111,0.014194830,0.978403091,-0.071849525,0.193296567,-0.924869895,-0.000000002,-0.380283713,0.055553064,0.989272356,-0.135107979,0.376204133,-0.146083221,-0.914948165,70.0000000,1280,720,minecraft:overworld,flashback_export_aligned
1,20260914-201742-flashback_export,flashback_export,71,33446221478800,83.139367146,-58.380000114,32.746226335,22.3512707,-8.4000111,0.014194830,0.978403091,-0.071849525,0.193296567,-0.924869895,-0.000000002,-0.380283713,0.055553064,0.989272356,-0.135107979,0.376204133,-0.146083221,-0.914948165,70.0000000,1280,720,minecraft:overworld,flashback_export_aligned
1,20260914-201742-flashback_export,flashback_export,72,33446241181100,83.098161542,-58.380000114,32.729287865,22.3512707,-8.4000111,0.014194830,0.978403091,-0.071849525,0.193296567,-0.924869895,-0.000000002,-0.380283713,0.055553064,0.989272356,-0.135107979,0.376204133,-0.146083221,-0.914948165,70.0000000,1280,720,minecraft:overworld,flashback_export_aligned
1,20260914-201742-flashback_export,flashback_export,73,33446260145000,83.040941583,-58.380000114,32.705766342,22.3512707,-8.4000111,0.014194830,0.978403091,-0.071849525,0.193296567,-0.924869895,-0.000000002,-0.380283713,0.055553064,0.989272356,-0.135107979,0.376204133,-0.146083221,-0.914948165,70.0000000,1280,720,minecraft:overworld,flashback_export_aligned
1,20260914-201742-flashback_export,flashback_export,74,33446279133800,82.983721625,-58.380000114,32.682244819,22.3512707,-8.4000111,0.014194830,0.978403091,-0.071849525,0.193296567,-0.924869895,-0.000000002,-0.380283713,0.055553064,0.989272356,-0.135107979,0.376204133,-0.146083221,-0.914948165,70.0000000,1280,720,minecraft:overworld,flashback_export_aligned
1,20260914-201742-flashback_export,flashback_export,75,33446298875100,82.931009846,-58.380000114,32.660576483,22.3512707,-8.4000111,0.014194830,0.978403091,-0.071849525,0.193296567,-0.924869895,-0.000000002,-0.380283713,0.055553064,0.989272356,-0.135107979,0.376204133,-0.146083221,-0.914948165,70.0000000,1280,720,minecraft:overworld,flashback_export_aligned
1,20260914-201742-flashback_export,flashback_export,76,33446317996200,82.869554230,-58.380000114,32.635313800,22.3512707,-8.4000111,0.014194830,0.978403091,-0.071849525,0.193296567,-0.924869895,-0.000000002,-0.380283713,0.055553064,0.989272356,-0.135107979,0.376204133,-0.146083221,-0.914948165,70.0000000,1280,720,minecraft:overworld,flashback_export_aligned
1,20260914-201742-flashback_export,flashback_export,77,33446337802100,82.808098613,-58.380000114,32.610051117,22.3512707,-8.4000111,0.014194830,0.978403091,-0.071849525,0.193296567,-0.924869895,-0.000000002,-0.380283713,0.055553064,0.989272356,-0.135107979,0.376204133,-0.146083221,-0.914948165,70.0000000,1280,720,minecraft:overworld,flashback_export_aligned
1,20260914-201742-flashback_export,flashback_export,78,33446359577600,82.749104463,-58.380000114,32.585800273,22.3512707,-8.4000111,0.014194830,0.978403091,-0.071849525,0.193296567,-0.924869895,-0.000000002,-0.380283713,0.055553064,0.989272356,-0.135107979,0.376204133,-0.146083221,-0.914948165,70.0000000,1280,720,minecraft:overworld,flashback_export_aligned
1,20260914-201742-flashback_export,flashback_export,79,33446379372600,82.685463436,-58.380000114,32.559639229,22.3512707,-8.4000111,0.014194830,0.978403091,-0.071849525,0.193296567,-0.924869895,-0.000000002,-0.380283713,0.055553064,0.989272356,-0.135107979,0.376204133,-0.146083221,-0.914948165,70.0000000,1280,720,minecraft:overworld,flashback_export_aligned
1,20260914-201742-flashback_export,flashback_export,80,33446398434600,82.621822409,-58.380000114,32.533478185,22.3512707,-8.4000111,0.014194830,0.978403091,-0.071849525,0.193296567,-0.924869895,-0.000000002,-0.380283713,0.055553064,0.989272356,-0.135107979,0.376204133,-0.146083221,-0.914948165,70.0000000,1280,720,minecraft:overworld,flashback_export_aligned
1,20260914-201742-flashback_export,flashback_export,81,33446419074200,82.559143564,-58.380000114,32.507712667,22.3512707,-8.4000111,0.014194830,0.978403091,-0.071849525,0.193296567,-0.924869895,-0.000000002,-0.380283713,0.055553064,0.989272356,-0.135107979,0.376204133,-0.146083221,-0.914948165,70.0000000,1280,720,minecraft:overworld,flashback_export_aligned
1,20260914-201742-flashback_export,flashback_export,82,33446438067600,82.494357147,-58.380000114,32.481080785,22.3512707,-8.4000111,0.014194830,0.978403091,-0.071849525,0.193296567,-0.924869895,-0.000000002,-0.380283713,0.055553064,0.989272356,-0.135107979,0.376204133,-0.146083221,-0.914948165,70.0000000,1280,720,minecraft:overworld,flashback_export_aligned
1,20260914-201742-flashback_export,flashback_export,83,33446443325300,82.429570729,-58.380000114,32.454448903,22.3512707,-8.4000111,0.014194830,0.978403091,-0.071849525,0.193296567,-0.924869895,-0.000000002,-0.380283713,0.055553064,0.989272356,-0.135107979,0.376204133,-0.146083221,-0.914948165,70.0000000,1280,720,minecraft:overworld,flashback_export_aligned
1,20260914-201742-flashback_export,flashback_export,84,33446481517600,82.364784355,-58.380000114,32.427817038,22.3512707,-8.4000111,0.014194830,0.978403091,-0.071849525,0.193296567,-0.924869895,-0.000000002,-0.380283713,0.055553064,0.989272356,-0.135107979,0.376204133,-0.146083221,-0.914948165,70.0000000,1280,720,minecraft:overworld,flashback_export_aligned
1,20260914-201742-flashback_export,flashback_export,85,33446501509300,82.299101842,-58.380000114,32.400816797,22.3512707,-8.4000111,0.014194830,0.978403091,-0.071849525,0.193296567,-0.924869895,-0.000000002,-0.380283713,0.055553064,0.989272356,-0.135107979,0.376204133,-0.146083221,-0.914948165,70.0000000,1280,720,minecraft:overworld,flashback_export_aligned
1,20260914-201742-flashback_export,flashback_export,86,33446519362400,82.233419330,-58.380000114,32.373816555,22.3512707,-8.4000111,0.014194830,0.978403091,-0.071849525,0.193296567,-0.924869895,-0.000000002,-0.380283713,0.055553064,0.989272356,-0.135107979,0.376204133,-0.146083221,-0.914948165,70.0000000,1280,720,minecraft:overworld,flashback_export_aligned
1,20260914-201742-flashback_export,flashback_export,87,33446539690400,82.168023666,-58.380000114,32.346934229,22.3512707,-8.4000111,0.014194830,0.978403091,-0.071849525,0.193296567,-0.924869895,-0.000000002,-0.380283713,0.055553064,0.989272356,-0.135107979,0.376204133,-0.146083221,-0.914948165,70.0000000,1280,720,minecraft:overworld,flashback_export_aligned
1,20260914-201742-flashback_export,flashback_export,88,33446559464300,82.101941842,-58.380000114,32.319769841,22.3512707,-8.4000111,0.014194830,0.978403091,-0.071849525,0.193296567,-0.924869895,-0.000000002,-0.380283713,0.055553064,0.989272356,-0.135107979,0.376204133,-0.146083221,-0.914948165,70.0000000,1280,720,minecraft:overworld,flashback_export_aligned
1,20260914-201742-flashback_export,flashback_export,89,33446579848100,82.035860018,-58.380000114,32.292605454,22.3512707,-8.4000111,0.014194830,0.978403091,-0.071849525,0.193296567,-0.924869895,-0.000000002,-0.380283713,0.055553064,0.989272356,-0.135107979,0.376204133,-0.146083221,-0.914948165,70.0000000,1280,720,minecraft:overworld,flashback_export_aligned
1,20260914-201742-flashback_export,flashback_export,90,33446601910500,81.969951771,-58.380000114,32.265512419,22.3512707,-8.4000111,0.014194830,0.978403091,-0.071849525,0.193296567,-0.924869895,-0.000000002,-0.380283713,0.055553064,0.989272356,-0.135107979,0.376204133,-0.146083221,-0.914948165,70.0000000,1280,720,minecraft:overworld,flashback_export_aligned
1,20260914-201742-flashback_export,flashback_export,91,33446621994600,81.903659091,-58.380000114,32.238261354,22.3512707,-8.4000111,0.014194830,0.978403091,-0.071849525,0.193296567,-0.924869895,-0.000000002,-0.380283713,0.055553064,0.989272356,-0.135107979,0.376204133,-0.146083221,-0.914948165,70.0000000,1280,720,minecraft:overworld,flashback_export_aligned
1,20260914-201742-flashback_export,flashback_export,92,33446642042400,81.837366410,-58.380000114,32.211010289,22.3512707,-8.4000111,0.014194830,0.978403091,-0.071849525,0.193296567,-0.924869895,-0.000000002,-0.380283713,0.055553064,0.989272356,-0.135107979,0.376204133,-0.146083221,-0.914948165,70.0000000,1280,720,minecraft:overworld,flashback_export_aligned
1,20260914-201742-flashback_export,flashback_export,93,33446664395100,81.771163956,-58.380000114,32.183796314,22.3512707,-8.4000111,0.014194830,0.978403091,-0.071849525,0.193296567,-0.924869895,-0.000000002,-0.380283713,0.055553064,0.989272356,-0.135107979,0.376204133,-0.146083221,-0.914948165,70.0000000,1280,720,minecraft:overworld,flashback_export_aligned
1,20260914-201742-flashback_export,flashback_export,94,33446684118700,81.704753802,-58.380000114,32.156496959,22.3512707,-8.4000111,0.014194830,0.978403091,-0.071849525,0.193296567,-0.924869895,-0.000000002,-0.380283713,0.055553064,0.989272356,-0.135107979,0.376204133,-0.146083221,-0.914948165,70.0000000,1280,720,minecraft:overworld,flashback_export_aligned
1,20260914-201742-flashback_export,flashback_export,95,33446708178600,81.638343647,-58.380000114,32.129197604,22.3512707,-8.4000111,0.014194830,0.978403091,-0.071849525,0.193296567,-0.924869895,-0.000000002,-0.380283713,0.055553064,0.989272356,-0.135107979,0.376204133,-0.146083221,-0.914948165,70.0000000,1280,720,minecraft:overworld,flashback_export_aligned
1,20260914-201742-flashback_export,flashback_export,96,33446734819700,81.571985249,-58.380000114,32.101919525,22.3512707,-8.4000111,0.014194830,0.978403091,-0.071849525,0.193296567,-0.924869895,-0.000000002,-0.380283713,0.055553064,0.989272356,-0.135107979,0.376204133,-0.146083221,-0.914948165,70.0000000,1280,720,minecraft:overworld,flashback_export_aligned
1,20260914-201742-flashback_export,flashback_export,97,33446754803700,81.505511783,-58.380000114,32.074594144,22.3512707,-8.4000111,0.014194830,0.978403091,-0.071849525,0.193296567,-0.924869895,-0.000000002,-0.380283713,0.055553064,0.989272356,-0.135107979,0.376204133,-0.146083221,-0.914948165,70.0000000,1280,720,minecraft:overworld,flashback_export_aligned
1,20260914-201742-flashback_export,flashback_export,98,33446774957400,81.439038316,-58.380000114,32.047268763,22.3512707,-8.4000111,0.014194830,0.978403091,-0.071849525,0.193296567,-0.924869895,-0.000000002,-0.380283713,0.055553064,0.989272356,-0.135107979,0.376204133,-0.146083221,-0.914948165,70.0000000,1280,720,minecraft:overworld,flashback_export_aligned
1,20260914-201742-flashback_export,flashback_export,99,33446800912800,81.372593116,-58.380000114,32.019955002,22.3512707,-8.4000111,0.014194830,0.978403091,-0.071849525,0.193296567,-0.924869895,-0.000000002,-0.380283713,0.055553064,0.989272356,-0.135107979,0.376204133,-0.146083221,-0.914948165,70.0000000,1280,720,minecraft:overworld,flashback_export_aligned
1,20260914-201742-flashback_export,flashback_export,100,33446820477900,81.306085081,-58.380000114,31.992615411,22.3512707,-8.4000111,0.014194830,0.978403091,-0.071849525,0.193296567,-0.924869895,-0.000000002,-0.380283713,0.055553064,0.989272356,-0.135107979,0.376204133,-0.146083221,-0.914948165,70.0000000,1280,720,minecraft:overworld,flashback_export_aligned
1,20260914-201742-flashback_export,flashback_export,101,33446839341100,81.239577046,-58.380000114,31.965275820,22.3512707,-8.4000111,0.014194830,0.978403091,-0.071849525,0.193296567,-0.924869895,-0.000000002,-0.380283713,0.055553064,0.989272356,-0.135107979,0.376204133,-0.146083221,-0.914948165,70.0000000,1280,720,minecraft:overworld,flashback_export_aligned
1,20260914-201742-flashback_export,flashback_export,102,33446864896900,81.173084451,-58.380000114,31.937942576,22.3512707,-8.4000111,0.014194830,0.978403091,-0.071849525,0.193296567,-0.924869895,-0.000000002,-0.380283713,0.055553064,0.989272356,-0.135107979,0.376204133,-0.146083221,-0.914948165,70.0000000,1280,720,minecraft:overworld,flashback_export_aligned
1,20260914-201742-flashback_export,flashback_export,103,33446885645900,81.106557818,-58.380000114,31.910595340,22.3512707,-8.4000111,0.014194830,0.978403091,-0.071849525,0.193296567,-0.924869895,-0.000000002,-0.380283713,0.055553064,0.989272356,-0.135107979,0.376204133,-0.146083221,-0.914948165,70.0000000,1280,720,minecraft:overworld,flashback_export_aligned
1,20260914-201742-flashback_export,flashback_export,104,33446904600400,81.040031186,-58.380000114,31.883248105,22.3512707,-8.4000111,0.014194830,0.978403091,-0.071849525,0.193296567,-0.924869895,-0.000000002,-0.380283713,0.055553064,0.989272356,-0.135107979,0.376204133,-0.146083221,-0.914948165,70.0000000,1280,720,minecraft:overworld,flashback_export_aligned
1,20260914-201742-flashback_export,flashback_export,105,33446926978100,80.973512160,-58.380000114,31.855903996,22.3512707,-8.4000111,0.014194830,0.978403091,-0.071849525,0.193296567,-0.924869895,-0.000000002,-0.380283713,0.055553064,0.989272356,-0.135107979,0.376204133,-0.146083221,-0.914948165,70.0000000,1280,720,minecraft:overworld,flashback_export_aligned
1,20260914-201742-flashback_export,flashback_export,106,33446949558000,80.906974947,-58.380000114,31.828552410,22.3512707,-8.4000111,0.014194830,0.978403091,-0.071849525,0.193296567,-0.924869895,-0.000000002,-0.380283713,0.055553064,0.989272356,-0.135107979,0.376204133,-0.146083221,-0.914948165,70.0000000,1280,720,minecraft:overworld,flashback_export_aligned
1,20260914-201742-flashback_export,flashback_export,107,33446967722400,80.840437734,-58.380000114,31.801200825,22.3512707,-8.4000111,0.014194830,0.978403091,-0.071849525,0.193296567,-0.924869895,-0.000000002,-0.380283713,0.055553064,0.989272356,-0.135107979,0.376204133,-0.146083221,-0.914948165,70.0000000,1280,720,minecraft:overworld,flashback_export_aligned
1,20260914-201742-flashback_export,flashback_export,108,33446989323100,80.773905129,-58.380000114,31.773851134,22.3512707,-8.4000111,0.014194830,0.978403091,-0.071849525,0.193296567,-0.924869895,-0.000000002,-0.380283713,0.055553064,0.989272356,-0.135107979,0.376204133,-0.146083221,-0.914948165,70.0000000,1280,720,minecraft:overworld,flashback_export_aligned
1,20260914-201742-flashback_export,flashback_export,109,33447008706800,80.707362252,-58.380000114,31.746497221,22.3512707,-8.4000111,0.014194830,0.978403091,-0.071849525,0.193296567,-0.924869895,-0.000000002,-0.380283713,0.055553064,0.989272356,-0.135107979,0.376204133,-0.146083221,-0.914948165,70.0000000,1280,720,minecraft:overworld,flashback_export_aligned
1,20260914-201742-flashback_export,flashback_export,110,33447030453800,80.640819376,-58.380000114,31.719143308,22.3512707,-8.4000111,0.014194830,0.978403091,-0.071849525,0.193296567,-0.924869895,-0.000000002,-0.380283713,0.055553064,0.989272356,-0.135107979,0.376204133,-0.146083221,-0.914948165,70.0000000,1280,720,minecraft:overworld,flashback_export_aligned
1,20260914-201742-flashback_export,flashback_export,111,33447052148100,80.574279130,-58.380000114,31.691790476,22.3512707,-8.4000111,0.014194830,0.978403091,-0.071849525,0.193296567,-0.924869895,-0.000000002,-0.380283713,0.055553064,0.989272356,-0.135107979,0.376204133,-0.146083221,-0.914948165,70.0000000,1280,720,minecraft:overworld,flashback_export_aligned
1,20260914-201742-flashback_export,flashback_export,112,33447071650900,80.507733239,-58.380000114,31.664435323,22.3512707,-8.4000111,0.014194830,0.978403091,-0.071849525,0.193296567,-0.924869895,-0.000000002,-0.380283713,0.055553064,0.989272356,-0.135107979,0.376204133,-0.146083221,-0.914948165,70.0000000,1280,720,minecraft:overworld,flashback_export_aligned
1,20260914-201742-flashback_export,flashback_export,113,33447089618100,80.441187348,-58.380000114,31.637080171,22.3512707,-8.4000111,0.014194830,0.978403091,-0.071849525,0.193296567,-0.924869895,-0.000000002,-0.380283713,0.055553064,0.989272356,-0.135107979,0.376204133,-0.146083221,-0.914948165,70.0000000,1280,720,minecraft:overworld,flashback_export_aligned
1,20260914-201742-flashback_export,flashback_export,114,33447113891900,80.374642775,-58.380000114,31.609725560,22.3512707,-8.4000111,0.014194830,0.978403091,-0.071849525,0.193296567,-0.924869895,-0.000000002,-0.380283713,0.055553064,0.989272356,-0.135107979,0.376204133,-0.146083221,-0.914948165,70.0000000,1280,720,minecraft:overworld,flashback_export_aligned
1,20260914-201742-flashback_export,flashback_export,115,33447132226000,80.308095132,-58.380000114,31.582369688,22.3512707,-8.4000111,0.014194830,0.978403091,-0.071849525,0.193296567,-0.924869895,-0.000000002,-0.380283713,0.055553064,0.989272356,-0.135107979,0.376204133,-0.146083221,-0.914948165,70.0000000,1280,720,minecraft:overworld,flashback_export_aligned
1,20260914-201742-flashback_export,flashback_export,116,33447151531500,80.241547490,-58.380000114,31.555013815,22.3512707,-8.4000111,0.014194830,0.978403091,-0.071849525,0.193296567,-0.924869895,-0.000000002,-0.380283713,0.055553064,0.989272356,-0.135107979,0.376204133,-0.146083221,-0.914948165,70.0000000,1280,720,minecraft:overworld,flashback_export_aligned
1,20260914-201742-flashback_export,flashback_export,117,33447171936300,80.175000765,-58.380000114,31.527658320,22.3512707,-8.4000111,0.014194830,0.978403091,-0.071849525,0.193296567,-0.924869895,-0.000000002,-0.380283713,0.055553064,0.989272356,-0.135107979,0.376204133,-0.146083221,-0.914948165,70.0000000,1280,720,minecraft:overworld,flashback_export_aligned
1,20260914-201742-flashback_export,flashback_export,118,33447176289600,80.108452388,-58.380000114,31.500302146,22.3512707,-8.4000111,0.014194830,0.978403091,-0.071849525,0.193296567,-0.924869895,-0.000000002,-0.380283713,0.055553064,0.989272356,-0.135107979,0.376204133,-0.146083221,-0.914948165,70.0000000,1280,720,minecraft:overworld,flashback_export_aligned
1,20260914-201742-flashback_export,flashback_export,119,33447193835900,80.041904011,-58.380000114,31.472945971,22.3512707,-8.4000111,0.014194830,0.978403091,-0.071849525,0.193296567,-0.924869895,-0.000000002,-0.380283713,0.055553064,0.989272356,-0.135107979,0.376204133,-0.146083221,-0.914948165,70.0000000,1280,720,minecraft:overworld,flashback_export_aligned
1,20260914-201742-flashback_export,flashback_export,120,33447230650300,79.975355667,-58.380000114,31.445589811,22.3512707,-8.4000111,0.014194830,0.978403091,-0.071849525,0.193296567,-0.924869895,-0.000000002,-0.380283713,0.055553064,0.989272356,-0.135107979,0.376204133,-0.146083221,-0.914948165,70.0000000,1280,720,minecraft:overworld,flashback_export_aligned
1,20260914-201742-flashback_export,flashback_export,121,33447253034800,79.908806665,-58.380000114,31.418233379,22.3512707,-8.4000111,0.014194830,0.978403091,-0.071849525,0.193296567,-0.924869895,-0.000000002,-0.380283713,0.055553064,0.989272356,-0.135107979,0.376204133,-0.146083221,-0.914948165,70.0000000,1280,720,minecraft:overworld,flashback_export_aligned
1,20260914-201742-flashback_export,flashback_export,122,33447271643800,79.842257662,-58.380000114,31.390876948,22.3512707,-8.4000111,0.014194830,0.978403091,-0.071849525,0.193296567,-0.924869895,-0.000000002,-0.380283713,0.055553064,0.989272356,-0.135107979,0.376204133,-0.146083221,-0.914948165,70.0000000,1280,720,minecraft:overworld,flashback_export_aligned
1,20260914-201742-flashback_export,flashback_export,123,33447291121500,79.775708884,-58.380000114,31.363520608,22.3512707,-8.4000111,0.014194830,0.978403091,-0.071849525,0.193296567,-0.924869895,-0.000000002,-0.380283713,0.055553064,0.989272356,-0.135107979,0.376204133,-0.146083221,-0.914948165,70.0000000,1280,720,minecraft:overworld,flashback_export_aligned
1,20260914-201742-flashback_export,flashback_export,124,33447309632300,79.709159612,-58.380000114,31.336164066,22.3512707,-8.4000111,0.014194830,0.978403091,-0.071849525,0.193296567,-0.924869895,-0.000000002,-0.380283713,0.055553064,0.989272356,-0.135107979,0.376204133,-0.146083221,-0.914948165,70.0000000,1280,720,minecraft:overworld,flashback_export_aligned
1,20260914-201742-flashback_export,flashback_export,125,33447315985600,79.642610341,-58.380000114,31.308807524,22.3512707,-8.4000111,0.014194830,0.978403091,-0.071849525,0.193296567,-0.924869895,-0.000000002,-0.380283713,0.055553064,0.989272356,-0.135107979,0.376204133,-0.146083221,-0.914948165,70.0000000,1280,720,minecraft:overworld,flashback_export_aligned
1,20260914-201742-flashback_export,flashback_export,126,33447349258700,79.576061181,-58.380000114,31.281451028,22.3512707,-8.4000111,0.014194830,0.978403091,-0.071849525,0.193296567,-0.924869895,-0.000000002,-0.380283713,0.055553064,0.989272356,-0.135107979,0.376204133,-0.146083221,-0.914948165,70.0000000,1280,720,minecraft:overworld,flashback_export_aligned
1,20260914-201742-flashback_export,flashback_export,127,33447368210500,79.509511758,-58.380000114,31.254094424,22.3512707,-8.4000111,0.014194830,0.978403091,-0.071849525,0.193296567,-0.924869895,-0.000000002,-0.380283713,0.055553064,0.989272356,-0.135107979,0.376204133,-0.146083221,-0.914948165,70.0000000,1280,720,minecraft:overworld,flashback_export_aligned
1,20260914-201742-flashback_export,flashback_export,128,33447386481800,79.442962335,-58.380000114,31.226737819,22.3512707,-8.4000111,0.014194830,0.978403091,-0.071849525,0.193296567,-0.924869895,-0.000000002,-0.380283713,0.055553064,0.989272356,-0.135107979,0.376204133,-0.146083221,-0.914948165,70.0000000,1280,720,minecraft:overworld,flashback_export_aligned
1,20260914-201742-flashback_export,flashback_export,129,33447391272500,79.376412975,-58.380000114,31.199381241,22.3512707,-8.4000111,0.014194830,0.978403091,-0.071849525,0.193296567,-0.924869895,-0.000000002,-0.380283713,0.055553064,0.989272356,-0.135107979,0.376204133,-0.146083221,-0.914948165,70.0000000,1280,720,minecraft:overworld,flashback_export_aligned
1,20260914-201742-flashback_export,flashback_export,130,33447422838400,79.309863470,-58.380000114,31.172024602,22.3512707,-8.4000111,0.014194830,0.978403091,-0.071849525,0.193296567,-0.924869895,-0.000000002,-0.380283713,0.055553064,0.989272356,-0.135107979,0.376204133,-0.146083221,-0.914948165,70.0000000,1280,720,minecraft:overworld,flashback_export_aligned
1,20260914-201742-flashback_export,flashback_export,131,33447440965400,79.243313964,-58.380000114,31.144667964,22.3512707,-8.4000111,0.014194830,0.978403091,-0.071849525,0.193296567,-0.924869895,-0.000000002,-0.380283713,0.055553064,0.989272356,-0.135107979,0.376204133,-0.146083221,-0.914948165,70.0000000,1280,720,minecraft:overworld,flashback_export_aligned
1,20260914-201742-flashback_export,flashback_export,132,33447463543000,79.176764494,-58.380000114,31.117311341,22.3512707,-8.4000111,0.014194830,0.978403091,-0.071849525,0.193296567,-0.924869895,-0.000000002,-0.380283713,0.055553064,0.989272356,-0.135107979,0.376204133,-0.146083221,-0.914948165,70.0000000,1280,720,minecraft:overworld,flashback_export_aligned
1,20260914-201742-flashback_export,flashback_export,133,33447482544000,79.110214944,-58.380000114,31.089954684,22.3512707,-8.4000111,0.014194830,0.978403091,-0.071849525,0.193296567,-0.924869895,-0.000000002,-0.380283713,0.055553064,0.989272356,-0.135107979,0.376204133,-0.146083221,-0.914948165,70.0000000,1280,720,minecraft:overworld,flashback_export_aligned
1,20260914-201742-flashback_export,flashback_export,134,33447500076000,79.043665394,-58.380000114,31.062598027,22.3512707,-8.4000111,0.014194830,0.978403091,-0.071849525,0.193296567,-0.924869895,-0.000000002,-0.380283713,0.055553064,0.989272356,-0.135107979,0.376204133,-0.146083221,-0.914948165,70.0000000,1280,720,minecraft:overworld,flashback_export_aligned
1,20260914-201742-flashback_export,flashback_export,135,33447504453200,78.977115864,-58.380000114,31.035241379,22.3512707,-8.4000111,0.014194830,0.978403091,-0.071849525,0.193296567,-0.924869895,-0.000000002,-0.380283713,0.055553064,0.989272356,-0.135107979,0.376204133,-0.146083221,-0.914948165,70.0000000,1280,720,minecraft:overworld,flashback_export_aligned
1,20260914-201742-flashback_export,flashback_export,136,33447537036000,78.910566288,-58.380000114,31.007884712,22.3512707,-8.4000111,0.014194830,0.978403091,-0.071849525,0.193296567,-0.924869895,-0.000000002,-0.380283713,0.055553064,0.989272356,-0.135107979,0.376204133,-0.146083221,-0.914948165,70.0000000,1280,720,minecraft:overworld,flashback_export_aligned
1,20260914-201742-flashback_export,flashback_export,137,33447554993700,78.844016713,-58.380000114,30.980528045,22.3512707,-8.4000111,0.014194830,0.978403091,-0.071849525,0.193296567,-0.924869895,-0.000000002,-0.380283713,0.055553064,0.989272356,-0.135107979,0.376204133,-0.146083221,-0.914948165,70.0000000,1280,720,minecraft:overworld,flashback_export_aligned
1,20260914-201742-flashback_export,flashback_export,138,33447577351400,78.777467152,-58.380000114,30.953171384,22.3512707,-8.4000111,0.014194830,0.978403091,-0.071849525,0.193296567,-0.924869895,-0.000000002,-0.380283713,0.055553064,0.989272356,-0.135107979,0.376204133,-0.146083221,-0.914948165,70.0000000,1280,720,minecraft:overworld,flashback_export_aligned
1,20260914-201742-flashback_export,flashback_export,139,33447597802700,78.710917562,-58.380000114,30.925814711,22.3512707,-8.4000111,0.014194830,0.978403091,-0.071849525,0.193296567,-0.924869895,-0.000000002,-0.380283713,0.055553064,0.989272356,-0.135107979,0.376204133,-0.146083221,-0.914948165,70.0000000,1280,720,minecraft:overworld,flashback_export_aligned
1,20260914-201742-flashback_export,flashback_export,140,33447617467400,78.644367973,-58.380000114,30.898458038,22.3512707,-8.4000111,0.014194830,0.978403091,-0.071849525,0.193296567,-0.924869895,-0.000000002,-0.380283713,0.055553064,0.989272356,-0.135107979,0.376204133,-0.146083221,-0.914948165,70.0000000,1280,720,minecraft:overworld,flashback_export_aligned
1,20260914-201742-flashback_export,flashback_export,141,33447638870200,78.577818395,-58.380000114,30.871101370,22.3512707,-8.4000111,0.014194830,0.978403091,-0.071849525,0.193296567,-0.924869895,-0.000000002,-0.380283713,0.055553064,0.989272356,-0.135107979,0.376204133,-0.146083221,-0.914948165,70.0000000,1280,720,minecraft:overworld,flashback_export_aligned
1,20260914-201742-flashback_export,flashback_export,142,33447658615000,78.511268795,-58.380000114,30.843744693,22.3512707,-8.4000111,0.014194830,0.978403091,-0.071849525,0.193296567,-0.924869895,-0.000000002,-0.380283713,0.055553064,0.989272356,-0.135107979,0.376204133,-0.146083221,-0.914948165,70.0000000,1280,720,minecraft:overworld,flashback_export_aligned
1,20260914-201742-flashback_export,flashback_export,143,33447680778600,78.444719195,-58.380000114,30.816388016,22.3512707,-8.4000111,0.014194830,0.978403091,-0.071849525,0.193296567,-0.924869895,-0.000000002,-0.380283713,0.055553064,0.989272356,-0.135107979,0.376204133,-0.146083221,-0.914948165,70.0000000,1280,720,minecraft:overworld,flashback_export_aligned
1,20260914-201742-flashback_export,flashback_export,144,33447709708500,78.378169614,-58.380000114,30.789031347,22.3512707,-8.4000111,0.014194830,0.978403091,-0.071849525,0.193296567,-0.924869895,-0.000000002,-0.380283713,0.055553064,0.989272356,-0.135107979,0.376204133,-0.146083221,-0.914948165,70.0000000,1280,720,minecraft:overworld,flashback_export_aligned
1,20260914-201742-flashback_export,flashback_export,145,33447731901000,78.311620010,-58.380000114,30.761674668,22.3512707,-8.4000111,0.014194830,0.978403091,-0.071849525,0.193296567,-0.924869895,-0.000000002,-0.380283713,0.055553064,0.989272356,-0.135107979,0.376204133,-0.146083221,-0.914948165,70.0000000,1280,720,minecraft:overworld,flashback_export_aligned
1,20260914-201742-flashback_export,flashback_export,146,33447750905400,78.245070406,-58.380000114,30.734317989,22.3512707,-8.4000111,0.014194830,0.978403091,-0.071849525,0.193296567,-0.924869895,-0.000000002,-0.380283713,0.055553064,0.989272356,-0.135107979,0.376204133,-0.146083221,-0.914948165,70.0000000,1280,720,minecraft:overworld,flashback_export_aligned
1,20260914-201742-flashback_export,flashback_export,147,33447771831900,78.178520819,-58.380000114,30.706961317,22.3512707,-8.4000111,0.014194830,0.978403091,-0.071849525,0.193296567,-0.924869895,-0.000000002,-0.380283713,0.055553064,0.989272356,-0.135107979,0.376204133,-0.146083221,-0.914948165,70.0000000,1280,720,minecraft:overworld,flashback_export_aligned
1,20260914-201742-flashback_export,flashback_export,148,33447790100700,78.111971216,-58.380000114,30.679604639,22.3512707,-8.4000111,0.014194830,0.978403091,-0.071849525,0.193296567,-0.924869895,-0.000000002,-0.380283713,0.055553064,0.989272356,-0.135107979,0.376204133,-0.146083221,-0.914948165,70.0000000,1280,720,minecraft:overworld,flashback_export_aligned
1,20260914-201742-flashback_export,flashback_export,149,33447810391600,78.045421612,-58.380000114,30.652247960,22.3512707,-8.4000111,0.014194830,0.978403091,-0.071849525,0.193296567,-0.924869895,-0.000000002,-0.380283713,0.055553064,0.989272356,-0.135107979,0.376204133,-0.146083221,-0.914948165,70.0000000,1280,720,minecraft:overworld,flashback_export_aligned
1,20260914-201742-flashback_export,flashback_export,150,33447831002500,77.978872018,-58.380000114,30.624891285,22.3512707,-8.4000111,0.014194830,0.978403091,-0.071849525,0.193296567,-0.924869895,-0.000000002,-0.380283713,0.055553064,0.989272356,-0.135107979,0.376204133,-0.146083221,-0.914948165,70.0000000,1280,720,minecraft:overworld,flashback_export_aligned
1,20260914-201742-flashback_export,flashback_export,151,33447849554700,77.912322410,-58.380000114,30.597534605,22.3512707,-8.4000111,0.014194830,0.978403091,-0.071849525,0.193296567,-0.924869895,-0.000000002,-0.380283713,0.055553064,0.989272356,-0.135107979,0.376204133,-0.146083221,-0.914948165,70.0000000,1280,720,minecraft:overworld,flashback_export_aligned
1,20260914-201742-flashback_export,flashback_export,152,33447853996800,77.845772802,-58.380000114,30.570177925,22.3512707,-8.4000111,0.014194830,0.978403091,-0.071849525,0.193296567,-0.924869895,-0.000000002,-0.380283713,0.055553064,0.989272356,-0.135107979,0.376204133,-0.146083221,-0.914948165,70.0000000,1280,720,minecraft:overworld,flashback_export_aligned
1,20260914-201742-flashback_export,flashback_export,153,33447887268200,77.779223212,-58.380000114,30.542821252,22.3512707,-8.4000111,0.014194830,0.978403091,-0.071849525,0.193296567,-0.924869895,-0.000000002,-0.380283713,0.055553064,0.989272356,-0.135107979,0.376204133,-0.146083221,-0.914948165,70.0000000,1280,720,minecraft:overworld,flashback_export_aligned
1,20260914-201742-flashback_export,flashback_export,154,33447906103400,77.712673607,-58.380000114,30.515464572,22.3512707,-8.4000111,0.014194830,0.978403091,-0.071849525,0.193296567,-0.924869895,-0.000000002,-0.380283713,0.055553064,0.989272356,-0.135107979,0.376204133,-0.146083221,-0.914948165,70.0000000,1280,720,minecraft:overworld,flashback_export_aligned
1,20260914-201742-flashback_export,flashback_export,155,33447923704900,77.646124001,-58.380000114,30.488107893,22.3512707,-8.4000111,0.014194830,0.978403091,-0.071849525,0.193296567,-0.924869895,-0.000000002,-0.380283713,0.055553064,0.989272356,-0.135107979,0.376204133,-0.146083221,-0.914948165,70.0000000,1280,720,minecraft:overworld,flashback_export_aligned
1,20260914-201742-flashback_export,flashback_export,156,33447945590400,77.579574404,-58.380000114,30.460751217,22.3512707,-8.4000111,0.014194830,0.978403091,-0.071849525,0.193296567,-0.924869895,-0.000000002,-0.380283713,0.055553064,0.989272356,-0.135107979,0.376204133,-0.146083221,-0.914948165,70.0000000,1280,720,minecraft:overworld,flashback_export_aligned
1,20260914-201742-flashback_export,flashback_export,157,33447965372300,77.513024799,-58.380000114,30.433394538,22.3512707,-8.4000111,0.014194830,0.978403091,-0.071849525,0.193296567,-0.924869895,-0.000000002,-0.380283713,0.055553064,0.989272356,-0.135107979,0.376204133,-0.146083221,-0.914948165,70.0000000,1280,720,minecraft:overworld,flashback_export_aligned
1,20260914-201742-flashback_export,flashback_export,158,33447983731700,77.446475194,-58.380000114,30.406037859,22.3512707,-8.4000111,0.014194830,0.978403091,-0.071849525,0.193296567,-0.924869895,-0.000000002,-0.380283713,0.055553064,0.989272356,-0.135107979,0.376204133,-0.146083221,-0.914948165,70.0000000,1280,720,minecraft:overworld,flashback_export_aligned
1,20260914-201742-flashback_export,flashback_export,159,33448003758900,77.379925595,-58.380000114,30.378681182,22.3512707,-8.4000111,0.014194830,0.978403091,-0.071849525,0.193296567,-0.924869895,-0.000000002,-0.380283713,0.055553064,0.989272356,-0.135107979,0.376204133,-0.146083221,-0.914948165,70.0000000,1280,720,minecraft:overworld,flashback_export_aligned
1,20260914-201742-flashback_export,flashback_export,160,33448022731700,77.313375990,-58.380000114,30.351324503,22.3512707,-8.4000111,0.014194830,0.978403091,-0.071849525,0.193296567,-0.924869895,-0.000000002,-0.380283713,0.055553064,0.989272356,-0.135107979,0.376204133,-0.146083221,-0.914948165,70.0000000,1280,720,minecraft:overworld,flashback_export_aligned
1,20260914-201742-flashback_export,flashback_export,161,33448042358700,77.246826385,-58.380000114,30.323967824,22.3512707,-8.4000111,0.014194830,0.978403091,-0.071849525,0.193296567,-0.924869895,-0.000000002,-0.380283713,0.055553064,0.989272356,-0.135107979,0.376204133,-0.146083221,-0.914948165,70.0000000,1280,720,minecraft:overworld,flashback_export_aligned
1,20260914-201742-flashback_export,flashback_export,162,33448050763200,77.180276785,-58.380000114,30.296611147,22.3512707,-8.4000111,0.014194830,0.978403091,-0.071849525,0.193296567,-0.924869895,-0.000000002,-0.380283713,0.055553064,0.989272356,-0.135107979,0.376204133,-0.146083221,-0.914948165,70.0000000,1280,720,minecraft:overworld,flashback_export_aligned
1,20260914-201742-flashback_export,flashback_export,163,33448083807000,77.113727182,-58.380000114,30.269254468,22.3512707,-8.4000111,0.014194830,0.978403091,-0.071849525,0.193296567,-0.924869895,-0.000000002,-0.380283713,0.055553064,0.989272356,-0.135107979,0.376204133,-0.146083221,-0.914948165,70.0000000,1280,720,minecraft:overworld,flashback_export_aligned
1,20260914-201742-flashback_export,flashback_export,164,33448102156000,77.047177579,-58.380000114,30.241897790,22.3512707,-8.4000111,0.014194830,0.978403091,-0.071849525,0.193296567,-0.924869895,-0.000000002,-0.380283713,0.055553064,0.989272356,-0.135107979,0.376204133,-0.146083221,-0.914948165,70.0000000,1280,720,minecraft:overworld,flashback_export_aligned
1,20260914-201742-flashback_export,flashback_export,165,33448122035100,76.980627975,-58.380000114,30.214541111,22.3512707,-8.4000111,0.014194830,0.978403091,-0.071849525,0.193296567,-0.924869895,-0.000000002,-0.380283713,0.055553064,0.989272356,-0.135107979,0.376204133,-0.146083221,-0.914948165,70.0000000,1280,720,minecraft:overworld,flashback_export_aligned
1,20260914-201742-flashback_export,flashback_export,166,33448141370700,76.914078368,-58.380000114,30.187184431,22.3512707,-8.4000111,0.014194830,0.978403091,-0.071849525,0.193296567,-0.924869895,-0.000000002,-0.380283713,0.055553064,0.989272356,-0.135107979,0.376204133,-0.146083221,-0.914948165,70.0000000,1280,720,minecraft:overworld,flashback_export_aligned
1,20260914-201742-flashback_export,flashback_export,167,33448161560000,76.847528761,-58.380000114,30.159827751,22.3512707,-8.4000111,0.014194830,0.978403091,-0.071849525,0.193296567,-0.924869895,-0.000000002,-0.380283713,0.055553064,0.989272356,-0.135107979,0.376204133,-0.146083221,-0.914948165,70.0000000,1280,720,minecraft:overworld,flashback_export_aligned
1,20260914-201742-flashback_export,flashback_export,168,33448183107800,76.780979165,-58.380000114,30.132471076,22.3512707,-8.4000111,0.014194830,0.978403091,-0.071849525,0.193296567,-0.924869895,-0.000000002,-0.380283713,0.055553064,0.989272356,-0.135107979,0.376204133,-0.146083221,-0.914948165,70.0000000,1280,720,minecraft:overworld,flashback_export_aligned
1,20260914-201742-flashback_export,flashback_export,169,33448203494900,76.714429562,-58.380000114,30.105114397,22.3512707,-8.4000111,0.014194830,0.978403091,-0.071849525,0.193296567,-0.924869895,-0.000000002,-0.380283713,0.055553064,0.989272356,-0.135107979,0.376204133,-0.146083221,-0.914948165,70.0000000,1280,720,minecraft:overworld,flashback_export_aligned
1,20260914-201742-flashback_export,flashback_export,170,33448222551900,76.647879958,-58.380000114,30.077757719,22.3512707,-8.4000111,0.014194830,0.978403091,-0.071849525,0.193296567,-0.924869895,-0.000000002,-0.380283713,0.055553064,0.989272356,-0.135107979,0.376204133,-0.146083221,-0.914948165,70.0000000,1280,720,minecraft:overworld,flashback_export_aligned
1,20260914-201742-flashback_export,flashback_export,171,33448242437500,76.581330355,-58.380000114,30.050401040,22.3512707,-8.4000111,0.014194830,0.978403091,-0.071849525,0.193296567,-0.924869895,-0.000000002,-0.380283713,0.055553064,0.989272356,-0.135107979,0.376204133,-0.146083221,-0.914948165,70.0000000,1280,720,minecraft:overworld,flashback_export_aligned
1,20260914-201742-flashback_export,flashback_export,172,33448263167100,76.514780750,-58.380000114,30.023044361,22.3512707,-8.4000111,0.014194830,0.978403091,-0.071849525,0.193296567,-0.924869895,-0.000000002,-0.380283713,0.055553064,0.989272356,-0.135107979,0.376204133,-0.146083221,-0.914948165,70.0000000,1280,720,minecraft:overworld,flashback_export_aligned
1,20260914-201742-flashback_export,flashback_export,173,33448284208200,76.448231145,-58.380000114,29.995687682,22.3512707,-8.4000111,0.014194830,0.978403091,-0.071849525,0.193296567,-0.924869895,-0.000000002,-0.380283713,0.055553064,0.989272356,-0.135107979,0.376204133,-0.146083221,-0.914948165,70.0000000,1280,720,minecraft:overworld,flashback_export_aligned
1,20260914-201742-flashback_export,flashback_export,174,33448304272000,76.381681544,-58.380000114,29.968331004,22.3512707,-8.4000111,0.014194830,0.978403091,-0.071849525,0.193296567,-0.924869895,-0.000000002,-0.380283713,0.055553064,0.989272356,-0.135107979,0.376204133,-0.146083221,-0.914948165,70.0000000,1280,720,minecraft:overworld,flashback_export_aligned
1,20260914-201742-flashback_export,flashback_export,175,33448322450700,76.315131938,-58.380000114,29.940974325,22.3512707,-8.4000111,0.014194830,0.978403091,-0.071849525,0.193296567,-0.924869895,-0.000000002,-0.380283713,0.055553064,0.989272356,-0.135107979,0.376204133,-0.146083221,-0.914948165,70.0000000,1280,720,minecraft:overworld,flashback_export_aligned
1,20260914-201742-flashback_export,flashback_export,176,33448339900800,76.248582332,-58.380000114,29.913617645,22.3512707,-8.4000111,0.014194830,0.978403091,-0.071849525,0.193296567,-0.924869895,-0.000000002,-0.380283713,0.055553064,0.989272356,-0.135107979,0.376204133,-0.146083221,-0.914948165,70.0000000,1280,720,minecraft:overworld,flashback_export_aligned
1,20260914-201742-flashback_export,flashback_export,177,33448363462600,76.182032734,-58.380000114,29.886260969,22.3512707,-8.4000111,0.014194830,0.978403091,-0.071849525,0.193296567,-0.924869895,-0.000000002,-0.380283713,0.055553064,0.989272356,-0.135107979,0.376204133,-0.146083221,-0.914948165,70.0000000,1280,720,minecraft:overworld,flashback_export_aligned
1,20260914-201742-flashback_export,flashback_export,178,33448383181300,76.115483128,-58.380000114,29.858904289,22.3512707,-8.4000111,0.014194830,0.978403091,-0.071849525,0.193296567,-0.924869895,-0.000000002,-0.380283713,0.055553064,0.989272356,-0.135107979,0.376204133,-0.146083221,-0.914948165,70.0000000,1280,720,minecraft:overworld,flashback_export_aligned
1,20260914-201742-flashback_export,flashback_export,179,33448402175500,76.048933522,-58.380000114,29.831547610,22.3512707,-8.4000111,0.014194830,0.978403091,-0.071849525,0.193296567,-0.924869895,-0.000000002,-0.380283713,0.055553064,0.989272356,-0.135107979,0.376204133,-0.146083221,-0.914948165,70.0000000,1280,720,minecraft:overworld,flashback_export_aligned
1,20260914-201742-flashback_export,flashback_export,180,33448422451900,75.982383923,-58.380000114,29.804190933,22.3512707,-8.4000111,0.014194830,0.978403091,-0.071849525,0.193296567,-0.924869895,-0.000000002,-0.380283713,0.055553064,0.989272356,-0.135107979,0.376204133,-0.146083221,-0.914948165,70.0000000,1280,720,minecraft:overworld,flashback_export_aligned
1,20260914-201742-flashback_export,flashback_export,181,33448442021300,75.915834317,-58.380000114,29.776834254,22.3512707,-8.4000111,0.014194830,0.978403091,-0.071849525,0.193296567,-0.924869895,-0.000000002,-0.380283713,0.055553064,0.989272356,-0.135107979,0.376204133,-0.146083221,-0.914948165,70.0000000,1280,720,minecraft:overworld,flashback_export_aligned
1,20260914-201742-flashback_export,flashback_export,182,33448465327600,75.849284712,-58.380000114,29.749477574,22.3512707,-8.4000111,0.014194830,0.978403091,-0.071849525,0.193296567,-0.924869895,-0.000000002,-0.380283713,0.055553064,0.989272356,-0.135107979,0.376204133,-0.146083221,-0.914948165,70.0000000,1280,720,minecraft:overworld,flashback_export_aligned
1,20260914-201742-flashback_export,flashback_export,183,33448485641800,75.782735113,-58.380000114,29.722120897,22.3512707,-8.4000111,0.014194830,0.978403091,-0.071849525,0.193296567,-0.924869895,-0.000000002,-0.380283713,0.055553064,0.989272356,-0.135107979,0.376204133,-0.146083221,-0.914948165,70.0000000,1280,720,minecraft:overworld,flashback_export_aligned
1,20260914-201742-flashback_export,flashback_export,184,33448503972800,75.716185507,-58.380000114,29.694764218,22.3512707,-8.4000111,0.014194830,0.978403091,-0.071849525,0.193296567,-0.924869895,-0.000000002,-0.380283713,0.055553064,0.989272356,-0.135107979,0.376204133,-0.146083221,-0.914948165,70.0000000,1280,720,minecraft:overworld,flashback_export_aligned
1,20260914-201742-flashback_export,flashback_export,185,33448522639300,75.649635901,-58.380000114,29.667407538,22.3512707,-8.4000111,0.014194830,0.978403091,-0.071849525,0.193296567,-0.924869895,-0.000000002,-0.380283713,0.055553064,0.989272356,-0.135107979,0.376204133,-0.146083221,-0.914948165,70.0000000,1280,720,minecraft:overworld,flashback_export_aligned
1,20260914-201742-flashback_export,flashback_export,186,33448544973500,75.583086302,-58.380000114,29.640050862,22.3512707,-8.4000111,0.014194830,0.978403091,-0.071849525,0.193296567,-0.924869895,-0.000000002,-0.380283713,0.055553064,0.989272356,-0.135107979,0.376204133,-0.146083221,-0.914948165,70.0000000,1280,720,minecraft:overworld,flashback_export_aligned
1,20260914-201742-flashback_export,flashback_export,187,33448565270100,75.516536700,-58.380000114,29.612694183,22.3512707,-8.4000111,0.014194830,0.978403091,-0.071849525,0.193296567,-0.924869895,-0.000000002,-0.380283713,0.055553064,0.989272356,-0.135107979,0.376204133,-0.146083221,-0.914948165,70.0000000,1280,720,minecraft:overworld,flashback_export_aligned
1,20260914-201742-flashback_export,flashback_export,188,33448584735800,75.449987097,-58.380000114,29.585337505,22.3512707,-8.4000111,0.014194830,0.978403091,-0.071849525,0.193296567,-0.924869895,-0.000000002,-0.380283713,0.055553064,0.989272356,-0.135107979,0.376204133,-0.146083221,-0.914948165,70.0000000,1280,720,minecraft:overworld,flashback_export_aligned
1,20260914-201742-flashback_export,flashback_export,189,33448605661100,75.383437492,-58.380000114,29.557980826,22.3512707,-8.4000111,0.014194830,0.978403091,-0.071849525,0.193296567,-0.924869895,-0.000000002,-0.380283713,0.055553064,0.989272356,-0.135107979,0.376204133,-0.146083221,-0.914948165,70.0000000,1280,720,minecraft:overworld,flashback_export_aligned
1,20260914-201742-flashback_export,flashback_export,190,33448624790700,75.316887887,-58.380000114,29.530624147,22.3512707,-8.4000111,0.014194830,0.978403091,-0.071849525,0.193296567,-0.924869895,-0.000000002,-0.380283713,0.055553064,0.989272356,-0.135107979,0.376204133,-0.146083221,-0.914948165,70.0000000,1280,720,minecraft:overworld,flashback_export_aligned
1,20260914-201742-flashback_export,flashback_export,191,33448644536100,75.250338281,-58.380000114,29.503267467,22.3512707,-8.4000111,0.014194830,0.978403091,-0.071849525,0.193296567,-0.924869895,-0.000000002,-0.380283713,0.055553064,0.989272356,-0.135107979,0.376204133,-0.146083221,-0.914948165,70.0000000,1280,720,minecraft:overworld,flashback_export_aligned
1,20260914-201742-flashback_export,flashback_export,192,33448667147300,75.183788682,-58.380000114,29.475910790,22.3512707,-8.4000111,0.014194830,0.978403091,-0.071849525,0.193296567,-0.924869895,-0.000000002,-0.380283713,0.055553064,0.989272356,-0.135107979,0.376204133,-0.146083221,-0.914948165,70.0000000,1280,720,minecraft:overworld,flashback_export_aligned
1,20260914-201742-flashback_export,flashback_export,193,33448689066800,75.117239076,-58.380000114,29.448554111,22.3512707,-8.4000111,0.014194830,0.978403091,-0.071849525,0.193296567,-0.924869895,-0.000000002,-0.380283713,0.055553064,0.989272356,-0.135107979,0.376204133,-0.146083221,-0.914948165,70.0000000,1280,720,minecraft:overworld,flashback_export_aligned
1,20260914-201742-flashback_export,flashback_export,194,33448715549200,75.050689470,-58.380000114,29.421197431,22.3512707,-8.4000111,0.014194830,0.978403091,-0.071849525,0.193296567,-0.924869895,-0.000000002,-0.380283713,0.055553064,0.989272356,-0.135107979,0.376204133,-0.146083221,-0.914948165,70.0000000,1280,720,minecraft:overworld,flashback_export_aligned
1,20260914-201742-flashback_export,flashback_export,195,33448738720800,74.984139871,-58.380000114,29.393840755,22.3512707,-8.4000111,0.014194830,0.978403091,-0.071849525,0.193296567,-0.924869895,-0.000000002,-0.380283713,0.055553064,0.989272356,-0.135107979,0.376204133,-0.146083221,-0.914948165,70.0000000,1280,720,minecraft:overworld,flashback_export_aligned
1,20260914-201742-flashback_export,flashback_export,196,33448759218700,74.917590266,-58.380000114,29.366484076,22.3512707,-8.4000111,0.014194830,0.978403091,-0.071849525,0.193296567,-0.924869895,-0.000000002,-0.380283713,0.055553064,0.989272356,-0.135107979,0.376204133,-0.146083221,-0.914948165,70.0000000,1280,720,minecraft:overworld,flashback_export_aligned
1,20260914-201742-flashback_export,flashback_export,197,33448779377500,74.851040661,-58.380000114,29.339127396,22.3512707,-8.4000111,0.014194830,0.978403091,-0.071849525,0.193296567,-0.924869895,-0.000000002,-0.380283713,0.055553064,0.989272356,-0.135107979,0.376204133,-0.146083221,-0.914948165,70.0000000,1280,720,minecraft:overworld,flashback_export_aligned
1,20260914-201742-flashback_export,flashback_export,198,33448801495900,74.784491061,-58.380000114,29.311770719,22.3512707,-8.4000111,0.014194830,0.978403091,-0.071849525,0.193296567,-0.924869895,-0.000000002,-0.380283713,0.055553064,0.989272356,-0.135107979,0.376204133,-0.146083221,-0.914948165,70.0000000,1280,720,minecraft:overworld,flashback_export_aligned
1,20260914-201742-flashback_export,flashback_export,199,33448820878300,74.717941455,-58.380000114,29.284414040,22.3512707,-8.4000111,0.014194830,0.978403091,-0.071849525,0.193296567,-0.924869895,-0.000000002,-0.380283713,0.055553064,0.989272356,-0.135107979,0.376204133,-0.146083221,-0.914948165,70.0000000,1280,720,minecraft:overworld,flashback_export_aligned
1,20260914-201742-flashback_export,flashback_export,200,33448828056300,74.651391850,-58.380000114,29.257057361,22.3512707,-8.4000111,0.014194830,0.978403091,-0.071849525,0.193296567,-0.924869895,-0.000000002,-0.380283713,0.055553064,0.989272356,-0.135107979,0.376204133,-0.146083221,-0.914948165,70.0000000,1280,720,minecraft:overworld,flashback_export_aligned
1,20260914-201742-flashback_export,flashback_export,201,33448865329700,74.584842250,-58.380000114,29.229700683,22.3512707,-8.4000111,0.014194830,0.978403091,-0.071849525,0.193296567,-0.924869895,-0.000000002,-0.380283713,0.055553064,0.989272356,-0.135107979,0.376204133,-0.146083221,-0.914948165,70.0000000,1280,720,minecraft:overworld,flashback_export_aligned
1,20260914-201742-flashback_export,flashback_export,202,33448886792200,74.518292644,-58.380000114,29.202344004,22.3512707,-8.4000111,0.014194830,0.978403091,-0.071849525,0.193296567,-0.924869895,-0.000000002,-0.380283713,0.055553064,0.989272356,-0.135107979,0.376204133,-0.146083221,-0.914948165,70.0000000,1280,720,minecraft:overworld,flashback_export_aligned
1,20260914-201742-flashback_export,flashback_export,203,33448906133100,74.451743038,-58.380000114,29.174987324,22.3512707,-8.4000111,0.014194830,0.978403091,-0.071849525,0.193296567,-0.924869895,-0.000000002,-0.380283713,0.055553064,0.989272356,-0.135107979,0.376204133,-0.146083221,-0.914948165,70.0000000,1280,720,minecraft:overworld,flashback_export_aligned
1,20260914-201742-flashback_export,flashback_export,204,33448927475200,74.385193440,-58.380000114,29.147630648,22.3512707,-8.4000111,0.014194830,0.978403091,-0.071849525,0.193296567,-0.924869895,-0.000000002,-0.380283713,0.055553064,0.989272356,-0.135107979,0.376204133,-0.146083221,-0.914948165,70.0000000,1280,720,minecraft:overworld,flashback_export_aligned
1,20260914-201742-flashback_export,flashback_export,205,33448949671300,74.318643833,-58.380000114,29.120273968,22.3512707,-8.4000111,0.014194830,0.978403091,-0.071849525,0.193296567,-0.924869895,-0.000000002,-0.380283713,0.055553064,0.989272356,-0.135107979,0.376204133,-0.146083221,-0.914948165,70.0000000,1280,720,minecraft:overworld,flashback_export_aligned
1,20260914-201742-flashback_export,flashback_export,206,33448974838800,74.252094226,-58.380000114,29.092917288,22.3512707,-8.4000111,0.014194830,0.978403091,-0.071849525,0.193296567,-0.924869895,-0.000000002,-0.380283713,0.055553064,0.989272356,-0.135107979,0.376204133,-0.146083221,-0.914948165,70.0000000,1280,720,minecraft:overworld,flashback_export_aligned
1,20260914-201742-flashback_export,flashback_export,207,33448998408100,74.185544629,-58.380000114,29.065560612,22.3512707,-8.4000111,0.014194830,0.978403091,-0.071849525,0.193296567,-0.924869895,-0.000000002,-0.380283713,0.055553064,0.989272356,-0.135107979,0.376204133,-0.146083221,-0.914948165,70.0000000,1280,720,minecraft:overworld,flashback_export_aligned
1,20260914-201742-flashback_export,flashback_export,208,33449018127000,74.118995025,-58.380000114,29.038203933,22.3512707,-8.4000111,0.014194830,0.978403091,-0.071849525,0.193296567,-0.924869895,-0.000000002,-0.380283713,0.055553064,0.989272356,-0.135107979,0.376204133,-0.146083221,-0.914948165,70.0000000,1280,720,minecraft:overworld,flashback_export_aligned
1,20260914-201742-flashback_export,flashback_export,209,33449038445800,74.052445422,-58.380000114,29.010847255,22.3512707,-8.4000111,0.014194830,0.978403091,-0.071849525,0.193296567,-0.924869895,-0.000000002,-0.380283713,0.055553064,0.989272356,-0.135107979,0.376204133,-0.146083221,-0.914948165,70.0000000,1280,720,minecraft:overworld,flashback_export_aligned
1,20260914-201742-flashback_export,flashback_export,210,33449058380300,73.985895819,-58.380000114,28.983490576,22.3512707,-8.4000111,0.014194830,0.978403091,-0.071849525,0.193296567,-0.924869895,-0.000000002,-0.380283713,0.055553064,0.989272356,-0.135107979,0.376204133,-0.146083221,-0.914948165,70.0000000,1280,720,minecraft:overworld,flashback_export_aligned
1,20260914-201742-flashback_export,flashback_export,211,33449079690600,73.919346216,-58.380000114,28.956133898,22.3512707,-8.4000111,0.014194830,0.978403091,-0.071849525,0.193296567,-0.924869895,-0.000000002,-0.380283713,0.055553064,0.989272356,-0.135107979,0.376204133,-0.146083221,-0.914948165,70.0000000,1280,720,minecraft:overworld,flashback_export_aligned
1,20260914-201742-flashback_export,flashback_export,212,33449099447600,73.852796613,-58.380000114,28.928777220,22.3512707,-8.4000111,0.014194830,0.978403091,-0.071849525,0.193296567,-0.924869895,-0.000000002,-0.380283713,0.055553064,0.989272356,-0.135107979,0.376204133,-0.146083221,-0.914948165,70.0000000,1280,720,minecraft:overworld,flashback_export_aligned
1,20260914-201742-flashback_export,flashback_export,213,33449120896300,73.786247008,-58.380000114,28.901420541,22.3512707,-8.4000111,0.014194830,0.978403091,-0.071849525,0.193296567,-0.924869895,-0.000000002,-0.380283713,0.055553064,0.989272356,-0.135107979,0.376204133,-0.146083221,-0.914948165,70.0000000,1280,720,minecraft:overworld,flashback_export_aligned
1,20260914-201742-flashback_export,flashback_export,214,33449139457900,73.719697403,-58.380000114,28.874063862,22.3512707,-8.4000111,0.014194830,0.978403091,-0.071849525,0.193296567,-0.924869895,-0.000000002,-0.380283713,0.055553064,0.989272356,-0.135107979,0.376204133,-0.146083221,-0.914948165,70.0000000,1280,720,minecraft:overworld,flashback_export_aligned
1,20260914-201742-flashback_export,flashback_export,215,33449158339300,73.653147799,-58.380000114,28.846707183,22.3512707,-8.4000111,0.014194830,0.978403091,-0.071849525,0.193296567,-0.924869895,-0.000000002,-0.380283713,0.055553064,0.989272356,-0.135107979,0.376204133,-0.146083221,-0.914948165,70.0000000,1280,720,minecraft:overworld,flashback_export_aligned
1,20260914-201742-flashback_export,flashback_export,216,33449183113300,73.586598198,-58.380000114,28.819350505,22.3512707,-8.4000111,0.014194830,0.978403091,-0.071849525,0.193296567,-0.924869895,-0.000000002,-0.380283713,0.055553064,0.989272356,-0.135107979,0.376204133,-0.146083221,-0.914948165,70.0000000,1280,720,minecraft:overworld,flashback_export_aligned
1,20260914-201742-flashback_export,flashback_export,217,33449202730000,73.520048592,-58.380000114,28.791993826,22.3512707,-8.4000111,0.014194830,0.978403091,-0.071849525,0.193296567,-0.924869895,-0.000000002,-0.380283713,0.055553064,0.989272356,-0.135107979,0.376204133,-0.146083221,-0.914948165,70.0000000,1280,720,minecraft:overworld,flashback_export_aligned
1,20260914-201742-flashback_export,flashback_export,218,33449207847300,73.453498986,-58.380000114,28.764637146,22.3512707,-8.4000111,0.014194830,0.978403091,-0.071849525,0.193296567,-0.924869895,-0.000000002,-0.380283713,0.055553064,0.989272356,-0.135107979,0.376204133,-0.146083221,-0.914948165,70.0000000,1280,720,minecraft:overworld,flashback_export_aligned
1,20260914-201742-flashback_export,flashback_export,219,33449241314200,73.386949387,-58.380000114,28.737280469,22.3512707,-8.4000111,0.014194830,0.978403091,-0.071849525,0.193296567,-0.924869895,-0.000000002,-0.380283713,0.055553064,0.989272356,-0.135107979,0.376204133,-0.146083221,-0.914948165,70.0000000,1280,720,minecraft:overworld,flashback_export_aligned
1,20260914-201742-flashback_export,flashback_export,220,33449262512500,73.320399781,-58.380000114,28.709923790,22.3512707,-8.4000111,0.014194830,0.978403091,-0.071849525,0.193296567,-0.924869895,-0.000000002,-0.380283713,0.055553064,0.989272356,-0.135107979,0.376204133,-0.146083221,-0.914948165,70.0000000,1280,720,minecraft:overworld,flashback_export_aligned
1,20260914-201742-flashback_export,flashback_export,221,33449281632100,73.253850176,-58.380000114,28.682567110,22.3512707,-8.4000111,0.014194830,0.978403091,-0.071849525,0.193296567,-0.924869895,-0.000000002,-0.380283713,0.055553064,0.989272356,-0.135107979,0.376204133,-0.146083221,-0.914948165,70.0000000,1280,720,minecraft:overworld,flashback_export_aligned
1,20260914-201742-flashback_export,flashback_export,222,33449301427700,73.187300577,-58.380000114,28.655210434,22.3512707,-8.4000111,0.014194830,0.978403091,-0.071849525,0.193296567,-0.924869895,-0.000000002,-0.380283713,0.055553064,0.989272356,-0.135107979,0.376204133,-0.146083221,-0.914948165,70.0000000,1280,720,minecraft:overworld,flashback_export_aligned
1,20260914-201742-flashback_export,flashback_export,223,33449321143800,73.120750972,-58.380000114,28.627853755,22.3512707,-8.4000111,0.014194830,0.978403091,-0.071849525,0.193296567,-0.924869895,-0.000000002,-0.380283713,0.055553064,0.989272356,-0.135107979,0.376204133,-0.146083221,-0.914948165,70.0000000,1280,720,minecraft:overworld,flashback_export_aligned
1,20260914-201742-flashback_export,flashback_export,224,33449339616200,73.054201367,-58.380000114,28.600497076,22.3512707,-8.4000111,0.014194830,0.978403091,-0.071849525,0.193296567,-0.924869895,-0.000000002,-0.380283713,0.055553064,0.989272356,-0.135107979,0.376204133,-0.146083221,-0.914948165,70.0000000,1280,720,minecraft:overworld,flashback_export_aligned
1,20260914-201742-flashback_export,flashback_export,225,33449360446000,72.987651766,-58.380000114,28.573140398,22.3512707,-8.4000111,0.014194830,0.978403091,-0.071849525,0.193296567,-0.924869895,-0.000000002,-0.380283713,0.055553064,0.989272356,-0.135107979,0.376204133,-0.146083221,-0.914948165,70.0000000,1280,720,minecraft:overworld,flashback_export_aligned
1,20260914-201742-flashback_export,flashback_export,226,33449380150300,72.921102162,-58.380000114,28.545783719,22.3512707,-8.4000111,0.014194830,0.978403091,-0.071849525,0.193296567,-0.924869895,-0.000000002,-0.380283713,0.055553064,0.989272356,-0.135107979,0.376204133,-0.146083221,-0.914948165,70.0000000,1280,720,minecraft:overworld,flashback_export_aligned
1,20260914-201742-flashback_export,flashback_export,227,33449386260900,72.854552557,-58.380000114,28.518427040,22.3512707,-8.4000111,0.014194830,0.978403091,-0.071849525,0.193296567,-0.924869895,-0.000000002,-0.380283713,0.055553064,0.989272356,-0.135107979,0.376204133,-0.146083221,-0.914948165,70.0000000,1280,720,minecraft:overworld,flashback_export_aligned
1,20260914-201742-flashback_export,flashback_export,228,33449420122400,72.788002956,-58.380000114,28.491070363,22.3512707,-8.4000111,0.014194830,0.978403091,-0.071849525,0.193296567,-0.924869895,-0.000000002,-0.380283713,0.055553064,0.989272356,-0.135107979,0.376204133,-0.146083221,-0.914948165,70.0000000,1280,720,minecraft:overworld,flashback_export_aligned
1,20260914-201742-flashback_export,flashback_export,229,33449439308200,72.721453351,-58.380000114,28.463713683,22.3512707,-8.4000111,0.014194830,0.978403091,-0.071849525,0.193296567,-0.924869895,-0.000000002,-0.380283713,0.055553064,0.989272356,-0.135107979,0.376204133,-0.146083221,-0.914948165,70.0000000,1280,720,minecraft:overworld,flashback_export_aligned
1,20260914-201742-flashback_export,flashback_export,230,33449457301500,72.654903746,-58.380000114,28.436357004,22.3512707,-8.4000111,0.014194830,0.978403091,-0.071849525,0.193296567,-0.924869895,-0.000000002,-0.380283713,0.055553064,0.989272356,-0.135107979,0.376204133,-0.146083221,-0.914948165,70.0000000,1280,720,minecraft:overworld,flashback_export_aligned
1,20260914-201742-flashback_export,flashback_export,231,33449479416600,72.588354145,-58.380000114,28.409000327,22.3512707,-8.4000111,0.014194830,0.978403091,-0.071849525,0.193296567,-0.924869895,-0.000000002,-0.380283713,0.055553064,0.989272356,-0.135107979,0.376204133,-0.146083221,-0.914948165,70.0000000,1280,720,minecraft:overworld,flashback_export_aligned
1,20260914-201742-flashback_export,flashback_export,232,33449498473500,72.521804540,-58.380000114,28.381643647,22.3512707,-8.4000111,0.014194830,0.978403091,-0.071849525,0.193296567,-0.924869895,-0.000000002,-0.380283713,0.055553064,0.989272356,-0.135107979,0.376204133,-0.146083221,-0.914948165,70.0000000,1280,720,minecraft:overworld,flashback_export_aligned
1,20260914-201742-flashback_export,flashback_export,233,33449515621400,72.455254934,-58.380000114,28.354286968,22.3512707,-8.4000111,0.014194830,0.978403091,-0.071849525,0.193296567,-0.924869895,-0.000000002,-0.380283713,0.055553064,0.989272356,-0.135107979,0.376204133,-0.146083221,-0.914948165,70.0000000,1280,720,minecraft:overworld,flashback_export_aligned
1,20260914-201742-flashback_export,flashback_export,234,33449535855900,72.388705335,-58.380000114,28.326930291,22.3512707,-8.4000111,0.014194830,0.978403091,-0.071849525,0.193296567,-0.924869895,-0.000000002,-0.380283713,0.055553064,0.989272356,-0.135107979,0.376204133,-0.146083221,-0.914948165,70.0000000,1280,720,minecraft:overworld,flashback_export_aligned
1,20260914-201742-flashback_export,flashback_export,235,33449555627200,72.322155730,-58.380000114,28.299573612,22.3512707,-8.4000111,0.014194830,0.978403091,-0.071849525,0.193296567,-0.924869895,-0.000000002,-0.380283713,0.055553064,0.989272356,-0.135107979,0.376204133,-0.146083221,-0.914948165,70.0000000,1280,720,minecraft:overworld,flashback_export_aligned
1,20260914-201742-flashback_export,flashback_export,236,33449573849700,72.255606124,-58.380000114,28.272216932,22.3512707,-8.4000111,0.014194830,0.978403091,-0.071849525,0.193296567,-0.924869895,-0.000000002,-0.380283713,0.055553064,0.989272356,-0.135107979,0.376204133,-0.146083221,-0.914948165,70.0000000,1280,720,minecraft:overworld,flashback_export_aligned
1,20260914-201742-flashback_export,flashback_export,237,33449581294700,72.189056525,-58.380000114,28.244860256,22.3512707,-8.4000111,0.014194830,0.978403091,-0.071849525,0.193296567,-0.924869895,-0.000000002,-0.380283713,0.055553064,0.989272356,-0.135107979,0.376204133,-0.146083221,-0.914948165,70.0000000,1280,720,minecraft:overworld,flashback_export_aligned
1,20260914-201742-flashback_export,flashback_export,238,33449611908200,72.122506919,-58.380000114,28.217503576,22.3512707,-8.4000111,0.014194830,0.978403091,-0.071849525,0.193296567,-0.924869895,-0.000000002,-0.380283713,0.055553064,0.989272356,-0.135107979,0.376204133,-0.146083221,-0.914948165,70.0000000,1280,720,minecraft:overworld,flashback_export_aligned
1,20260914-201742-flashback_export,flashback_export,239,33449631532400,72.055957313,-58.380000114,28.190146896,22.3512707,-8.4000111,0.014194830,0.978403091,-0.071849525,0.193296567,-0.924869895,-0.000000002,-0.380283713,0.055553064,0.989272356,-0.135107979,0.376204133,-0.146083221,-0.914948165,70.0000000,1280,720,minecraft:overworld,flashback_export_aligned
1,20260914-201742-flashback_export,flashback_export,240,33449651869900,71.989407714,-58.380000114,28.162790220,22.3512707,-8.4000111,0.014194830,0.978403091,-0.071849525,0.193296567,-0.924869895,-0.000000002,-0.380283713,0.055553064,0.989272356,-0.135107979,0.376204133,-0.146083221,-0.914948165,70.0000000,1280,720,minecraft:overworld,flashback_export_aligned
1,20260914-201742-flashback_export,flashback_export,241,33449670628100,71.922858109,-58.380000114,28.135433541,22.3512707,-8.4000111,0.014194830,0.978403091,-0.071849525,0.193296567,-0.924869895,-0.000000002,-0.380283713,0.055553064,0.989272356,-0.135107979,0.376204133,-0.146083221,-0.914948165,70.0000000,1280,720,minecraft:overworld,flashback_export_aligned
1,20260914-201742-flashback_export,flashback_export,242,33449689126100,71.856308503,-58.380000114,28.108076861,22.3512707,-8.4000111,0.014194830,0.978403091,-0.071849525,0.193296567,-0.924869895,-0.000000002,-0.380283713,0.055553064,0.989272356,-0.135107979,0.376204133,-0.146083221,-0.914948165,70.0000000,1280,720,minecraft:overworld,flashback_export_aligned
1,20260914-201742-flashback_export,flashback_export,243,33449713838800,71.789758904,-58.380000114,28.080720184,22.3512707,-8.4000111,0.014194830,0.978403091,-0.071849525,0.193296567,-0.924869895,-0.000000002,-0.380283713,0.055553064,0.989272356,-0.135107979,0.376204133,-0.146083221,-0.914948165,70.0000000,1280,720,minecraft:overworld,flashback_export_aligned
1,20260914-201742-flashback_export,flashback_export,244,33449732635100,71.723209298,-58.380000114,28.053363505,22.3512707,-8.4000111,0.014194830,0.978403091,-0.071849525,0.193296567,-0.924869895,-0.000000002,-0.380283713,0.055553064,0.989272356,-0.135107979,0.376204133,-0.146083221,-0.914948165,70.0000000,1280,720,minecraft:overworld,flashback_export_aligned
1,20260914-201742-flashback_export,flashback_export,245,33449750860900,71.656659692,-58.380000114,28.026006825,22.3512707,-8.4000111,0.014194830,0.978403091,-0.071849525,0.193296567,-0.924869895,-0.000000002,-0.380283713,0.055553064,0.989272356,-0.135107979,0.376204133,-0.146083221,-0.914948165,70.0000000,1280,720,minecraft:overworld,flashback_export_aligned
1,20260914-201742-flashback_export,flashback_export,246,33449770579300,71.590110093,-58.380000114,27.998650149,22.3512707,-8.4000111,0.014194830,0.978403091,-0.071849525,0.193296567,-0.924869895,-0.000000002,-0.380283713,0.055553064,0.989272356,-0.135107979,0.376204133,-0.146083221,-0.914948165,70.0000000,1280,720,minecraft:overworld,flashback_export_aligned
1,20260914-201742-flashback_export,flashback_export,247,33449790262400,71.523560488,-58.380000114,27.971293469,22.3512707,-8.4000111,0.014194830,0.978403091,-0.071849525,0.193296567,-0.924869895,-0.000000002,-0.380283713,0.055553064,0.989272356,-0.135107979,0.376204133,-0.146083221,-0.914948165,70.0000000,1280,720,minecraft:overworld,flashback_export_aligned
1,20260914-201742-flashback_export,flashback_export,248,33449810148800,71.457010884,-58.380000114,27.943936790,22.3512707,-8.4000111,0.014194830,0.978403091,-0.071849525,0.193296567,-0.924869895,-0.000000002,-0.380283713,0.055553064,0.989272356,-0.135107979,0.376204133,-0.146083221,-0.914948165,70.0000000,1280,720,minecraft:overworld,flashback_export_aligned
1,20260914-201742-flashback_export,flashback_export,249,33449830861300,71.390461283,-58.380000114,27.916580113,22.3512707,-8.4000111,0.014194830,0.978403091,-0.071849525,0.193296567,-0.924869895,-0.000000002,-0.380283713,0.055553064,0.989272356,-0.135107979,0.376204133,-0.146083221,-0.914948165,70.0000000,1280,720,minecraft:overworld,flashback_export_aligned
1,20260914-201742-flashback_export,flashback_export,250,33449850300500,71.323911679,-58.380000114,27.889223434,22.3512707,-8.4000111,0.014194830,0.978403091,-0.071849525,0.193296567,-0.924869895,-0.000000002,-0.380283713,0.055553064,0.989272356,-0.135107979,0.376204133,-0.146083221,-0.914948165,70.0000000,1280,720,minecraft:overworld,flashback_export_aligned
1,20260914-201742-flashback_export,flashback_export,251,33449870386900,71.257362075,-58.380000114,27.861866756,22.3512707,-8.4000111,0.014194830,0.978403091,-0.071849525,0.193296567,-0.924869895,-0.000000002,-0.380283713,0.055553064,0.989272356,-0.135107979,0.376204133,-0.146083221,-0.914948165,70.0000000,1280,720,minecraft:overworld,flashback_export_aligned
1,20260914-201742-flashback_export,flashback_export,252,33449875882700,71.190812472,-58.380000114,27.834510077,22.3512707,-8.4000111,0.014194830,0.978403091,-0.071849525,0.193296567,-0.924869895,-0.000000002,-0.380283713,0.055553064,0.989272356,-0.135107979,0.376204133,-0.146083221,-0.914948165,70.0000000,1280,720,minecraft:overworld,flashback_export_aligned
1,20260914-201742-flashback_export,flashback_export,253,33449908355400,71.124262868,-58.380000114,27.807153399,22.3512707,-8.4000111,0.014194830,0.978403091,-0.071849525,0.193296567,-0.924869895,-0.000000002,-0.380283713,0.055553064,0.989272356,-0.135107979,0.376204133,-0.146083221,-0.914948165,70.0000000,1280,720,minecraft:overworld,flashback_export_aligned
1,20260914-201742-flashback_export,flashback_export,254,33449915986700,71.057713265,-58.380000114,27.779796720,22.3512707,-8.4000111,0.014194830,0.978403091,-0.071849525,0.193296567,-0.924869895,-0.000000002,-0.380283713,0.055553064,0.989272356,-0.135107979,0.376204133,-0.146083221,-0.914948165,70.0000000,1280,720,minecraft:overworld,flashback_export_aligned
1,20260914-201742-flashback_export,flashback_export,255,33449950688900,70.991163662,-58.380000114,27.752440042,22.3512707,-8.4000111,0.014194830,0.978403091,-0.071849525,0.193296567,-0.924869895,-0.000000002,-0.380283713,0.055553064,0.989272356,-0.135107979,0.376204133,-0.146083221,-0.914948165,70.0000000,1280,720,minecraft:overworld,flashback_export_aligned
1,20260914-201742-flashback_export,flashback_export,256,33449969588300,70.924614055,-58.380000114,27.725083362,22.3512707,-8.4000111,0.014194830,0.978403091,-0.071849525,0.193296567,-0.924869895,-0.000000002,-0.380283713,0.055553064,0.989272356,-0.135107979,0.376204133,-0.146083221,-0.914948165,70.0000000,1280,720,minecraft:overworld,flashback_export_aligned
1,20260914-201742-flashback_export,flashback_export,257,33449988646100,70.858064449,-58.380000114,27.697726682,22.3512707,-8.4000111,0.014194830,0.978403091,-0.071849525,0.193296567,-0.924869895,-0.000000002,-0.380283713,0.055553064,0.989272356,-0.135107979,0.376204133,-0.146083221,-0.914948165,70.0000000,1280,720,minecraft:overworld,flashback_export_aligned
1,20260914-201742-flashback_export,flashback_export,258,33450008461400,70.791514851,-58.380000114,27.670370006,22.3512707,-8.4000111,0.014194830,0.978403091,-0.071849525,0.193296567,-0.924869895,-0.000000002,-0.380283713,0.055553064,0.989272356,-0.135107979,0.376204133,-0.146083221,-0.914948165,70.0000000,1280,720,minecraft:overworld,flashback_export_aligned
1,20260914-201742-flashback_export,flashback_export,259,33450026673000,70.724965246,-58.380000114,27.643013327,22.3512707,-8.4000111,0.014194830,0.978403091,-0.071849525,0.193296567,-0.924869895,-0.000000002,-0.380283713,0.055553064,0.989272356,-0.135107979,0.376204133,-0.146083221,-0.914948165,70.0000000,1280,720,minecraft:overworld,flashback_export_aligned
1,20260914-201742-flashback_export,flashback_export,260,33450043491200,70.658415642,-58.380000114,27.615656648,22.3512707,-8.4000111,0.014194830,0.978403091,-0.071849525,0.193296567,-0.924869895,-0.000000002,-0.380283713,0.055553064,0.989272356,-0.135107979,0.376204133,-0.146083221,-0.914948165,70.0000000,1280,720,minecraft:overworld,flashback_export_aligned
1,20260914-201742-flashback_export,flashback_export,261,33450049083600,70.591866041,-58.380000114,27.588299970,22.3512707,-8.4000111,0.014194830,0.978403091,-0.071849525,0.193296567,-0.924869895,-0.000000002,-0.380283713,0.055553064,0.989272356,-0.135107979,0.376204133,-0.146083221,-0.914948165,70.0000000,1280,720,minecraft:overworld,flashback_export_aligned
1,20260914-201742-flashback_export,flashback_export,262,33450080483600,70.525316435,-58.380000114,27.560943291,22.3512707,-8.4000111,0.014194830,0.978403091,-0.071849525,0.193296567,-0.924869895,-0.000000002,-0.380283713,0.055553064,0.989272356,-0.135107979,0.376204133,-0.146083221,-0.914948165,70.0000000,1280,720,minecraft:overworld,flashback_export_aligned
1,20260914-201742-flashback_export,flashback_export,263,33450099543000,70.458766828,-58.380000114,27.533586611,22.3512707,-8.4000111,0.014194830,0.978403091,-0.071849525,0.193296567,-0.924869895,-0.000000002,-0.380283713,0.055553064,0.989272356,-0.135107979,0.376204133,-0.146083221,-0.914948165,70.0000000,1280,720,minecraft:overworld,flashback_export_aligned
1,20260914-201742-flashback_export,flashback_export,264,33450119441900,70.392217230,-58.380000114,27.506229935,22.3512707,-8.4000111,0.014194830,0.978403091,-0.071849525,0.193296567,-0.924869895,-0.000000002,-0.380283713,0.055553064,0.989272356,-0.135107979,0.376204133,-0.146083221,-0.914948165,70.0000000,1280,720,minecraft:overworld,flashback_export_aligned
1,20260914-201742-flashback_export,flashback_export,265,33450139003700,70.325667624,-58.380000114,27.478873255,22.3512707,-8.4000111,0.014194830,0.978403091,-0.071849525,0.193296567,-0.924869895,-0.000000002,-0.380283713,0.055553064,0.989272356,-0.135107979,0.376204133,-0.146083221,-0.914948165,70.0000000,1280,720,minecraft:overworld,flashback_export_aligned
1,20260914-201742-flashback_export,flashback_export,266,33450157533500,70.259118018,-58.380000114,27.451516575,22.3512707,-8.4000111,0.014194830,0.978403091,-0.071849525,0.193296567,-0.924869895,-0.000000002,-0.380283713,0.055553064,0.989272356,-0.135107979,0.376204133,-0.146083221,-0.914948165,70.0000000,1280,720,minecraft:overworld,flashback_export_aligned
1,20260914-201742-flashback_export,flashback_export,267,33450177431400,70.192568420,-58.380000114,27.424159899,22.3512707,-8.4000111,0.014194830,0.978403091,-0.071849525,0.193296567,-0.924869895,-0.000000002,-0.380283713,0.055553064,0.989272356,-0.135107979,0.376204133,-0.146083221,-0.914948165,70.0000000,1280,720,minecraft:overworld,flashback_export_aligned
1,20260914-201742-flashback_export,flashback_export,268,33450198243500,70.126018814,-58.380000114,27.396803219,22.3512707,-8.4000111,0.014194830,0.978403091,-0.071849525,0.193296567,-0.924869895,-0.000000002,-0.380283713,0.055553064,0.989272356,-0.135107979,0.376204133,-0.146083221,-0.914948165,70.0000000,1280,720,minecraft:overworld,flashback_export_aligned
1,20260914-201742-flashback_export,flashback_export,269,33450219042000,70.059469208,-58.380000114,27.369446540,22.3512707,-8.4000111,0.014194830,0.978403091,-0.071849525,0.193296567,-0.924869895,-0.000000002,-0.380283713,0.055553064,0.989272356,-0.135107979,0.376204133,-0.146083221,-0.914948165,70.0000000,1280,720,minecraft:overworld,flashback_export_aligned
1,20260914-201742-flashback_export,flashback_export,270,33450240580800,69.992919609,-58.380000114,27.342089863,22.3512707,-8.4000111,0.014194830,0.978403091,-0.071849525,0.193296567,-0.924869895,-0.000000002,-0.380283713,0.055553064,0.989272356,-0.135107979,0.376204133,-0.146083221,-0.914948165,70.0000000,1280,720,minecraft:overworld,flashback_export_aligned
1,20260914-201742-flashback_export,flashback_export,271,33450261326200,69.926370005,-58.380000114,27.314733184,22.3512707,-8.4000111,0.014194830,0.978403091,-0.071849525,0.193296567,-0.924869895,-0.000000002,-0.380283713,0.055553064,0.989272356,-0.135107979,0.376204133,-0.146083221,-0.914948165,70.0000000,1280,720,minecraft:overworld,flashback_export_aligned
1,20260914-201742-flashback_export,flashback_export,272,33450280272400,69.859820400,-58.380000114,27.287376505,22.3512707,-8.4000111,0.014194830,0.978403091,-0.071849525,0.193296567,-0.924869895,-0.000000002,-0.380283713,0.055553064,0.989272356,-0.135107979,0.376204133,-0.146083221,-0.914948165,70.0000000,1280,720,minecraft:overworld,flashback_export_aligned
1,20260914-201742-flashback_export,flashback_export,273,33450300148100,69.793270799,-58.380000114,27.260019828,22.3512707,-8.4000111,0.014194830,0.978403091,-0.071849525,0.193296567,-0.924869895,-0.000000002,-0.380283713,0.055553064,0.989272356,-0.135107979,0.376204133,-0.146083221,-0.914948165,70.0000000,1280,720,minecraft:overworld,flashback_export_aligned
1,20260914-201742-flashback_export,flashback_export,274,33450318210500,69.726721193,-58.380000114,27.232663148,22.3512707,-8.4000111,0.014194830,0.978403091,-0.071849525,0.193296567,-0.924869895,-0.000000002,-0.380283713,0.055553064,0.989272356,-0.135107979,0.376204133,-0.146083221,-0.914948165,70.0000000,1280,720,minecraft:overworld,flashback_export_aligned
1,20260914-201742-flashback_export,flashback_export,275,33450337870000,69.660171588,-58.380000114,27.205306469,22.3512707,-8.4000111,0.014194830,0.978403091,-0.071849525,0.193296567,-0.924869895,-0.000000002,-0.380283713,0.055553064,0.989272356,-0.135107979,0.376204133,-0.146083221,-0.914948165,70.0000000,1280,720,minecraft:overworld,flashback_export_aligned
1,20260914-201742-flashback_export,flashback_export,276,33450343224700,69.593621988,-58.380000114,27.177949792,22.3512707,-8.4000111,0.014194830,0.978403091,-0.071849525,0.193296567,-0.924869895,-0.000000002,-0.380283713,0.055553064,0.989272356,-0.135107979,0.376204133,-0.146083221,-0.914948165,70.0000000,1280,720,minecraft:overworld,flashback_export_aligned
1,20260914-201742-flashback_export,flashback_export,277,33450374259300,69.527072383,-58.380000114,27.150593112,22.3512707,-8.4000111,0.014194830,0.978403091,-0.071849525,0.193296567,-0.924869895,-0.000000002,-0.380283713,0.055553064,0.989272356,-0.135107979,0.376204133,-0.146083221,-0.914948165,70.0000000,1280,720,minecraft:overworld,flashback_export_aligned
1,20260914-201742-flashback_export,flashback_export,278,33450393364600,69.460522777,-58.380000114,27.123236433,22.3512707,-8.4000111,0.014194830,0.978403091,-0.071849525,0.193296567,-0.924869895,-0.000000002,-0.380283713,0.055553064,0.989272356,-0.135107979,0.376204133,-0.146083221,-0.914948165,70.0000000,1280,720,minecraft:overworld,flashback_export_aligned
1,20260914-201742-flashback_export,flashback_export,279,33450415457100,69.393973178,-58.380000114,27.095879756,22.3512707,-8.4000111,0.014194830,0.978403091,-0.071849525,0.193296567,-0.924869895,-0.000000002,-0.380283713,0.055553064,0.989272356,-0.135107979,0.376204133,-0.146083221,-0.914948165,70.0000000,1280,720,minecraft:overworld,flashback_export_aligned
1,20260914-201742-flashback_export,flashback_export,280,33450433986900,69.327423572,-58.380000114,27.068523077,22.3512707,-8.4000111,0.014194830,0.978403091,-0.071849525,0.193296567,-0.924869895,-0.000000002,-0.380283713,0.055553064,0.989272356,-0.135107979,0.376204133,-0.146083221,-0.914948165,70.0000000,1280,720,minecraft:overworld,flashback_export_aligned
1,20260914-201742-flashback_export,flashback_export,281,33450451990900,69.260873966,-58.380000114,27.041166397,22.3512707,-8.4000111,0.014194830,0.978403091,-0.071849525,0.193296567,-0.924869895,-0.000000002,-0.380283713,0.055553064,0.989272356,-0.135107979,0.376204133,-0.146083221,-0.914948165,70.0000000,1280,720,minecraft:overworld,flashback_export_aligned
1,20260914-201742-flashback_export,flashback_export,282,33450472860200,69.194324368,-58.380000114,27.013809721,22.3512707,-8.4000111,0.014194830,0.978403091,-0.071849525,0.193296567,-0.924869895,-0.000000002,-0.380283713,0.055553064,0.989272356,-0.135107979,0.376204133,-0.146083221,-0.914948165,70.0000000,1280,720,minecraft:overworld,flashback_export_aligned
1,20260914-201742-flashback_export,flashback_export,283,33450491778800,69.127774762,-58.380000114,26.986453041,22.3512707,-8.4000111,0.014194830,0.978403091,-0.071849525,0.193296567,-0.924869895,-0.000000002,-0.380283713,0.055553064,0.989272356,-0.135107979,0.376204133,-0.146083221,-0.914948165,70.0000000,1280,720,minecraft:overworld,flashback_export_aligned
1,20260914-201742-flashback_export,flashback_export,284,33450510977200,69.061225156,-58.380000114,26.959096362,22.3512707,-8.4000111,0.014194830,0.978403091,-0.071849525,0.193296567,-0.924869895,-0.000000002,-0.380283713,0.055553064,0.989272356,-0.135107979,0.376204133,-0.146083221,-0.914948165,70.0000000,1280,720,minecraft:overworld,flashback_export_aligned
1,20260914-201742-flashback_export,flashback_export,285,33450532262000,68.994675557,-58.380000114,26.931739685,22.3512707,-8.4000111,0.014194830,0.978403091,-0.071849525,0.193296567,-0.924869895,-0.000000002,-0.380283713,0.055553064,0.989272356,-0.135107979,0.376204133,-0.146083221,-0.914948165,70.0000000,1280,720,minecraft:overworld,flashback_export_aligned
1,20260914-201742-flashback_export,flashback_export,286,33450550858400,68.928125952,-58.380000114,26.904383006,22.3512707,-8.4000111,0.014194830,0.978403091,-0.071849525,0.193296567,-0.924869895,-0.000000002,-0.380283713,0.055553064,0.989272356,-0.135107979,0.376204133,-0.146083221,-0.914948165,70.0000000,1280,720,minecraft:overworld,flashback_export_aligned
1,20260914-201742-flashback_export,flashback_export,287,33450570664600,68.861576347,-58.380000114,26.877026327,22.3512707,-8.4000111,0.014194830,0.978403091,-0.071849525,0.193296567,-0.924869895,-0.000000002,-0.380283713,0.055553064,0.989272356,-0.135107979,0.376204133,-0.146083221,-0.914948165,70.0000000,1280,720,minecraft:overworld,flashback_export_aligned
1,20260914-201742-flashback_export,flashback_export,288,33450578081900,68.795026747,-58.380000114,26.849669649,22.3512707,-8.4000111,0.014194830,0.978403091,-0.071849525,0.193296567,-0.924869895,-0.000000002,-0.380283713,0.055553064,0.989272356,-0.135107979,0.376204133,-0.146083221,-0.914948165,70.0000000,1280,720,minecraft:overworld,flashback_export_aligned
1,20260914-201742-flashback_export,flashback_export,289,33450607232400,68.728477142,-58.380000114,26.822312970,22.3512707,-8.4000111,0.014194830,0.978403091,-0.071849525,0.193296567,-0.924869895,-0.000000002,-0.380283713,0.055553064,0.989272356,-0.135107979,0.376204133,-0.146083221,-0.914948165,70.0000000,1280,720,minecraft:overworld,flashback_export_aligned
1,20260914-201742-flashback_export,flashback_export,290,33450628049200,68.661927538,-58.380000114,26.794956291,22.3512707,-8.4000111,0.014194830,0.978403091,-0.071849525,0.193296567,-0.924869895,-0.000000002,-0.380283713,0.055553064,0.989272356,-0.135107979,0.376204133,-0.146083221,-0.914948165,70.0000000,1280,720,minecraft:overworld,flashback_export_aligned
1,20260914-201742-flashback_export,flashback_export,291,33450648052600,68.595377936,-58.380000114,26.767599614,22.3512707,-8.4000111,0.014194830,0.978403091,-0.071849525,0.193296567,-0.924869895,-0.000000002,-0.380283713,0.055553064,0.989272356,-0.135107979,0.376204133,-0.146083221,-0.914948165,70.0000000,1280,720,minecraft:overworld,flashback_export_aligned
1,20260914-201742-flashback_export,flashback_export,292,33450667381900,68.528828330,-58.380000114,26.740242934,22.3512707,-8.4000111,0.014194830,0.978403091,-0.071849525,0.193296567,-0.924869895,-0.000000002,-0.380283713,0.055553064,0.989272356,-0.135107979,0.376204133,-0.146083221,-0.914948165,70.0000000,1280,720,minecraft:overworld,flashback_export_aligned
1,20260914-201742-flashback_export,flashback_export,293,33450683961100,68.462278724,-58.380000114,26.712886255,22.3512707,-8.4000111,0.014194830,0.978403091,-0.071849525,0.193296567,-0.924869895,-0.000000002,-0.380283713,0.055553064,0.989272356,-0.135107979,0.376204133,-0.146083221,-0.914948165,70.0000000,1280,720,minecraft:overworld,flashback_export_aligned
1,20260914-201742-flashback_export,flashback_export,294,33450688951900,68.395729126,-58.380000114,26.685529578,22.3512707,-8.4000111,0.014194830,0.978403091,-0.071849525,0.193296567,-0.924869895,-0.000000002,-0.380283713,0.055553064,0.989272356,-0.135107979,0.376204133,-0.146083221,-0.914948165,70.0000000,1280,720,minecraft:overworld,flashback_export_aligned
1,20260914-201742-flashback_export,flashback_export,295,33450728799200,68.329179522,-58.380000114,26.658172899,22.3512707,-8.4000111,0.014194830,0.978403091,-0.071849525,0.193296567,-0.924869895,-0.000000002,-0.380283713,0.055553064,0.989272356,-0.135107979,0.376204133,-0.146083221,-0.914948165,70.0000000,1280,720,minecraft:overworld,flashback_export_aligned
1,20260914-201742-flashback_export,flashback_export,296,33450747571200,68.262629918,-58.380000114,26.630816221,22.3512707,-8.4000111,0.014194830,0.978403091,-0.071849525,0.193296567,-0.924869895,-0.000000002,-0.380283713,0.055553064,0.989272356,-0.135107979,0.376204133,-0.146083221,-0.914948165,70.0000000,1280,720,minecraft:overworld,flashback_export_aligned
1,20260914-201742-flashback_export,flashback_export,297,33450767784700,68.196080315,-58.380000114,26.603459542,22.3512707,-8.4000111,0.014194830,0.978403091,-0.071849525,0.193296567,-0.924869895,-0.000000002,-0.380283713,0.055553064,0.989272356,-0.135107979,0.376204133,-0.146083221,-0.914948165,70.0000000,1280,720,minecraft:overworld,flashback_export_aligned
1,20260914-201742-flashback_export,flashback_export,298,33450787120400,68.129530708,-58.380000114,26.576102862,22.3512707,-8.4000111,0.014194830,0.978403091,-0.071849525,0.193296567,-0.924869895,-0.000000002,-0.380283713,0.055553064,0.989272356,-0.135107979,0.376204133,-0.146083221,-0.914948165,70.0000000,1280,720,minecraft:overworld,flashback_export_aligned
1,20260914-201742-flashback_export,flashback_export,299,33450806081700,68.062981100,-58.380000114,26.548746182,22.3512707,-8.4000111,0.014194830,0.978403091,-0.071849525,0.193296567,-0.924869895,-0.000000002,-0.380283713,0.055553064,0.989272356,-0.135107979,0.376204133,-0.146083221,-0.914948165,70.0000000,1280,720,minecraft:overworld,flashback_export_aligned
1,20260914-201742-flashback_export,flashback_export,300,33450826068200,67.996431505,-58.380000114,26.521389507,22.3512707,-8.4000111,0.014194830,0.978403091,-0.071849525,0.193296567,-0.924869895,-0.000000002,-0.380283713,0.055553064,0.989272356,-0.135107979,0.376204133,-0.146083221,-0.914948165,70.0000000,1280,720,minecraft:overworld,flashback_export_aligned
1,20260914-201742-flashback_export,flashback_export,301,33450844686300,67.929881897,-58.380000114,26.494032826,22.3512707,-8.4000111,0.014194830,0.978403091,-0.071849525,0.193296567,-0.924869895,-0.000000002,-0.380283713,0.055553064,0.989272356,-0.135107979,0.376204133,-0.146083221,-0.914948165,70.0000000,1280,720,minecraft:overworld,flashback_export_aligned
1,20260914-201742-flashback_export,flashback_export,302,33450864076000,67.863332290,-58.380000114,26.466676146,22.3512707,-8.4000111,0.014194830,0.978403091,-0.071849525,0.193296567,-0.924869895,-0.000000002,-0.380283713,0.055553064,0.989272356,-0.135107979,0.376204133,-0.146083221,-0.914948165,70.0000000,1280,720,minecraft:overworld,flashback_export_aligned
1,20260914-201742-flashback_export,flashback_export,303,33450884572300,67.796782694,-58.380000114,26.439319471,22.3512707,-8.4000111,0.014194830,0.978403091,-0.071849525,0.193296567,-0.924869895,-0.000000002,-0.380283713,0.055553064,0.989272356,-0.135107979,0.376204133,-0.146083221,-0.914948165,70.0000000,1280,720,minecraft:overworld,flashback_export_aligned
1,20260914-201742-flashback_export,flashback_export,304,33450903965200,67.730233088,-58.380000114,26.411962791,22.3512707,-8.4000111,0.014194830,0.978403091,-0.071849525,0.193296567,-0.924869895,-0.000000002,-0.380283713,0.055553064,0.989272356,-0.135107979,0.376204133,-0.146083221,-0.914948165,70.0000000,1280,720,minecraft:overworld,flashback_export_aligned
1,20260914-201742-flashback_export,flashback_export,305,33450921272200,67.663683481,-58.380000114,26.384606111,22.3512707,-8.4000111,0.014194830,0.978403091,-0.071849525,0.193296567,-0.924869895,-0.000000002,-0.380283713,0.055553064,0.989272356,-0.135107979,0.376204133,-0.146083221,-0.914948165,70.0000000,1280,720,minecraft:overworld,flashback_export_aligned
1,20260914-201742-flashback_export,flashback_export,306,33450940881500,67.597133884,-58.380000114,26.357249435,22.3512707,-8.4000111,0.014194830,0.978403091,-0.071849525,0.193296567,-0.924869895,-0.000000002,-0.380283713,0.055553064,0.989272356,-0.135107979,0.376204133,-0.146083221,-0.914948165,70.0000000,1280,720,minecraft:overworld,flashback_export_aligned
1,20260914-201742-flashback_export,flashback_export,307,33450958609800,67.530584280,-58.380000114,26.329892757,22.3512707,-8.4000111,0.014194830,0.978403091,-0.071849525,0.193296567,-0.924869895,-0.000000002,-0.380283713,0.055553064,0.989272356,-0.135107979,0.376204133,-0.146083221,-0.914948165,70.0000000,1280,720,minecraft:overworld,flashback_export_aligned
1,20260914-201742-flashback_export,flashback_export,308,33450965173800,67.464034676,-58.380000114,26.302536078,22.3512707,-8.4000111,0.014194830,0.978403091,-0.071849525,0.193296567,-0.924869895,-0.000000002,-0.380283713,0.055553064,0.989272356,-0.135107979,0.376204133,-0.146083221,-0.914948165,70.0000000,1280,720,minecraft:overworld,flashback_export_aligned
1,20260914-201742-flashback_export,flashback_export,309,33450997669800,67.397485073,-58.380000114,26.275179400,22.3512707,-8.4000111,0.014194830,0.978403091,-0.071849525,0.193296567,-0.924869895,-0.000000002,-0.380283713,0.055553064,0.989272356,-0.135107979,0.376204133,-0.146083221,-0.914948165,70.0000000,1280,720,minecraft:overworld,flashback_export_aligned
1,20260914-201742-flashback_export,flashback_export,310,33451017036000,67.330935470,-58.380000114,26.247822721,22.3512707,-8.4000111,0.014194830,0.978403091,-0.071849525,0.193296567,-0.924869895,-0.000000002,-0.380283713,0.055553064,0.989272356,-0.135107979,0.376204133,-0.146083221,-0.914948165,70.0000000,1280,720,minecraft:overworld,flashback_export_aligned
1,20260914-201742-flashback_export,flashback_export,311,33451035613600,67.264385866,-58.380000114,26.220466042,22.3512707,-8.4000111,0.014194830,0.978403091,-0.071849525,0.193296567,-0.924869895,-0.000000002,-0.380283713,0.055553064,0.989272356,-0.135107979,0.376204133,-0.146083221,-0.914948165,70.0000000,1280,720,minecraft:overworld,flashback_export_aligned
1,20260914-201742-flashback_export,flashback_export,312,33451056026700,67.197836263,-58.380000114,26.193109364,22.3512707,-8.4000111,0.014194830,0.978403091,-0.071849525,0.193296567,-0.924869895,-0.000000002,-0.380283713,0.055553064,0.989272356,-0.135107979,0.376204133,-0.146083221,-0.914948165,70.0000000,1280,720,minecraft:overworld,flashback_export_aligned
1,20260914-201742-flashback_export,flashback_export,313,33451075287700,67.131286657,-58.380000114,26.165752684,22.3512707,-8.4000111,0.014194830,0.978403091,-0.071849525,0.193296567,-0.924869895,-0.000000002,-0.380283713,0.055553064,0.989272356,-0.135107979,0.376204133,-0.146083221,-0.914948165,70.0000000,1280,720,minecraft:overworld,flashback_export_aligned
1,20260914-201742-flashback_export,flashback_export,314,33451096416600,67.064737050,-58.380000114,26.138396005,22.3512707,-8.4000111,0.014194830,0.978403091,-0.071849525,0.193296567,-0.924869895,-0.000000002,-0.380283713,0.055553064,0.989272356,-0.135107979,0.376204133,-0.146083221,-0.914948165,70.0000000,1280,720,minecraft:overworld,flashback_export_aligned
1,20260914-201742-flashback_export,flashback_export,315,33451117829800,66.998187452,-58.380000114,26.111039328,22.3512707,-8.4000111,0.014194830,0.978403091,-0.071849525,0.193296567,-0.924869895,-0.000000002,-0.380283713,0.055553064,0.989272356,-0.135107979,0.376204133,-0.146083221,-0.914948165,70.0000000,1280,720,minecraft:overworld,flashback_export_aligned
1,20260914-201742-flashback_export,flashback_export,316,33451137447700,66.931637846,-58.380000114,26.083682649,22.3512707,-8.4000111,0.014194830,0.978403091,-0.071849525,0.193296567,-0.924869895,-0.000000002,-0.380283713,0.055553064,0.989272356,-0.135107979,0.376204133,-0.146083221,-0.914948165,70.0000000,1280,720,minecraft:overworld,flashback_export_aligned
1,20260914-201742-flashback_export,flashback_export,317,33451156119700,66.865088241,-58.380000114,26.056325969,22.3512707,-8.4000111,0.014194830,0.978403091,-0.071849525,0.193296567,-0.924869895,-0.000000002,-0.380283713,0.055553064,0.989272356,-0.135107979,0.376204133,-0.146083221,-0.914948165,70.0000000,1280,720,minecraft:overworld,flashback_export_aligned
1,20260914-201742-flashback_export,flashback_export,318,33451177877300,66.798538642,-58.380000114,26.028969293,22.3512707,-8.4000111,0.014194830,0.978403091,-0.071849525,0.193296567,-0.924869895,-0.000000002,-0.380283713,0.055553064,0.989272356,-0.135107979,0.376204133,-0.146083221,-0.914948165,70.0000000,1280,720,minecraft:overworld,flashback_export_aligned
1,20260914-201742-flashback_export,flashback_export,319,33451200713600,66.731989037,-58.380000114,26.001612614,22.3512707,-8.4000111,0.014194830,0.978403091,-0.071849525,0.193296567,-0.924869895,-0.000000002,-0.380283713,0.055553064,0.989272356,-0.135107979,0.376204133,-0.146083221,-0.914948165,70.0000000,1280,720,minecraft:overworld,flashback_export_aligned
1,20260914-201742-flashback_export,flashback_export,320,33451222824100,66.665439432,-58.380000114,25.974255934,22.3512707,-8.4000111,0.014194830,0.978403091,-0.071849525,0.193296567,-0.924869895,-0.000000002,-0.380283713,0.055553064,0.989272356,-0.135107979,0.376204133,-0.146083221,-0.914948165,70.0000000,1280,720,minecraft:overworld,flashback_export_aligned
1,20260914-201742-flashback_export,flashback_export,321,33451244097000,66.598889831,-58.380000114,25.946899257,22.3512707,-8.4000111,0.014194830,0.978403091,-0.071849525,0.193296567,-0.924869895,-0.000000002,-0.380283713,0.055553064,0.989272356,-0.135107979,0.376204133,-0.146083221,-0.914948165,70.0000000,1280,720,minecraft:overworld,flashback_export_aligned
1,20260914-201742-flashback_export,flashback_export,322,33451264680900,66.532340225,-58.380000114,25.919542577,22.3512707,-8.4000111,0.014194830,0.978403091,-0.071849525,0.193296567,-0.924869895,-0.000000002,-0.380283713,0.055553064,0.989272356,-0.135107979,0.376204133,-0.146083221,-0.914948165,70.0000000,1280,720,minecraft:overworld,flashback_export_aligned
1,20260914-201742-flashback_export,flashback_export,323,33451284280400,66.465790619,-58.380000114,25.892185898,22.3512707,-8.4000111,0.014194830,0.978403091,-0.071849525,0.193296567,-0.924869895,-0.000000002,-0.380283713,0.055553064,0.989272356,-0.135107979,0.376204133,-0.146083221,-0.914948165,70.0000000,1280,720,minecraft:overworld,flashback_export_aligned
1,20260914-201742-flashback_export,flashback_export,324,33451306108400,66.399241021,-58.380000114,25.864829221,22.3512707,-8.4000111,0.014194830,0.978403091,-0.071849525,0.193296567,-0.924869895,-0.000000002,-0.380283713,0.055553064,0.989272356,-0.135107979,0.376204133,-0.146083221,-0.914948165,70.0000000,1280,720,minecraft:overworld,flashback_export_aligned
1,20260914-201742-flashback_export,flashback_export,325,33451325727700,66.332691415,-58.380000114,25.837472542,22.3512707,-8.4000111,0.014194830,0.978403091,-0.071849525,0.193296567,-0.924869895,-0.000000002,-0.380283713,0.055553064,0.989272356,-0.135107979,0.376204133,-0.146083221,-0.914948165,70.0000000,1280,720,minecraft:overworld,flashback_export_aligned
1,20260914-201742-flashback_export,flashback_export,326,33451347315600,66.266141809,-58.380000114,25.810115862,22.3512707,-8.4000111,0.014194830,0.978403091,-0.071849525,0.193296567,-0.924869895,-0.000000002,-0.380283713,0.055553064,0.989272356,-0.135107979,0.376204133,-0.146083221,-0.914948165,70.0000000,1280,720,minecraft:overworld,flashback_export_aligned
1,20260914-201742-flashback_export,flashback_export,327,33451368762700,66.199592210,-58.380000114,25.782759186,22.3512707,-8.4000111,0.014194830,0.978403091,-0.071849525,0.193296567,-0.924869895,-0.000000002,-0.380283713,0.055553064,0.989272356,-0.135107979,0.376204133,-0.146083221,-0.914948165,70.0000000,1280,720,minecraft:overworld,flashback_export_aligned
1,20260914-201742-flashback_export,flashback_export,328,33451389562400,66.133042605,-58.380000114,25.755402506,22.3512707,-8.4000111,0.014194830,0.978403091,-0.071849525,0.193296567,-0.924869895,-0.000000002,-0.380283713,0.055553064,0.989272356,-0.135107979,0.376204133,-0.146083221,-0.914948165,70.0000000,1280,720,minecraft:overworld,flashback_export_aligned
1,20260914-201742-flashback_export,flashback_export,329,33451408717500,66.066492999,-58.380000114,25.728045827,22.3512707,-8.4000111,0.014194830,0.978403091,-0.071849525,0.193296567,-0.924869895,-0.000000002,-0.380283713,0.055553064,0.989272356,-0.135107979,0.376204133,-0.146083221,-0.914948165,70.0000000,1280,720,minecraft:overworld,flashback_export_aligned
1,20260914-201742-flashback_export,flashback_export,330,33451434312700,65.999943400,-58.380000114,25.700689150,22.3512707,-8.4000111,0.014194830,0.978403091,-0.071849525,0.193296567,-0.924869895,-0.000000002,-0.380283713,0.055553064,0.989272356,-0.135107979,0.376204133,-0.146083221,-0.914948165,70.0000000,1280,720,minecraft:overworld,flashback_export_aligned
1,20260914-201742-flashback_export,flashback_export,331,33451454575600,65.933393797,-58.380000114,25.673332472,22.3512707,-8.4000111,0.014194830,0.978403091,-0.071849525,0.193296567,-0.924869895,-0.000000002,-0.380283713,0.055553064,0.989272356,-0.135107979,0.376204133,-0.146083221,-0.914948165,70.0000000,1280,720,minecraft:overworld,flashback_export_aligned
1,20260914-201742-flashback_export,flashback_export,332,33451473371500,65.866844194,-58.380000114,25.645975793,22.3512707,-8.4000111,0.014194830,0.978403091,-0.071849525,0.193296567,-0.924869895,-0.000000002,-0.380283713,0.055553064,0.989272356,-0.135107979,0.376204133,-0.146083221,-0.914948165,70.0000000,1280,720,minecraft:overworld,flashback_export_aligned
1,20260914-201742-flashback_export,flashback_export,333,33451493874100,65.800294590,-58.380000114,25.618619114,22.3512707,-8.4000111,0.014194830,0.978403091,-0.071849525,0.193296567,-0.924869895,-0.000000002,-0.380283713,0.055553064,0.989272356,-0.135107979,0.376204133,-0.146083221,-0.914948165,70.0000000,1280,720,minecraft:overworld,flashback_export_aligned
1,20260914-201742-flashback_export,flashback_export,334,33451514080600,65.733744987,-58.380000114,25.591262436,22.3512707,-8.4000111,0.014194830,0.978403091,-0.071849525,0.193296567,-0.924869895,-0.000000002,-0.380283713,0.055553064,0.989272356,-0.135107979,0.376204133,-0.146083221,-0.914948165,70.0000000,1280,720,minecraft:overworld,flashback_export_aligned
1,20260914-201742-flashback_export,flashback_export,335,33451533524100,65.667195384,-58.380000114,25.563905758,22.3512707,-8.4000111,0.014194830,0.978403091,-0.071849525,0.193296567,-0.924869895,-0.000000002,-0.380283713,0.055553064,0.989272356,-0.135107979,0.376204133,-0.146083221,-0.914948165,70.0000000,1280,720,minecraft:overworld,flashback_export_aligned
1,20260914-201742-flashback_export,flashback_export,336,33451555297000,65.600645779,-58.380000114,25.536549079,22.3512707,-8.4000111,0.014194830,0.978403091,-0.071849525,0.193296567,-0.924869895,-0.000000002,-0.380283713,0.055553064,0.989272356,-0.135107979,0.376204133,-0.146083221,-0.914948165,70.0000000,1280,720,minecraft:overworld,flashback_export_aligned
1,20260914-201742-flashback_export,flashback_export,337,33451575756800,65.534096176,-58.380000114,25.509192400,22.3512707,-8.4000111,0.014194830,0.978403091,-0.071849525,0.193296567,-0.924869895,-0.000000002,-0.380283713,0.055553064,0.989272356,-0.135107979,0.376204133,-0.146083221,-0.914948165,70.0000000,1280,720,minecraft:overworld,flashback_export_aligned
1,20260914-201742-flashback_export,flashback_export,338,33451601068500,65.467546574,-58.380000114,25.481835722,22.3512707,-8.4000111,0.014194830,0.978403091,-0.071849525,0.193296567,-0.924869895,-0.000000002,-0.380283713,0.055553064,0.989272356,-0.135107979,0.376204133,-0.146083221,-0.914948165,70.0000000,1280,720,minecraft:overworld,flashback_export_aligned
1,20260914-201742-flashback_export,flashback_export,339,33451623439700,65.400996969,-58.380000114,25.454479043,22.3512707,-8.4000111,0.014194830,0.978403091,-0.071849525,0.193296567,-0.924869895,-0.000000002,-0.380283713,0.055553064,0.989272356,-0.135107979,0.376204133,-0.146083221,-0.914948165,70.0000000,1280,720,minecraft:overworld,flashback_export_aligned
1,20260914-201742-flashback_export,flashback_export,340,33451644318500,65.334447364,-58.380000114,25.427122364,22.3512707,-8.4000111,0.014194830,0.978403091,-0.071849525,0.193296567,-0.924869895,-0.000000002,-0.380283713,0.055553064,0.989272356,-0.135107979,0.376204133,-0.146083221,-0.914948165,70.0000000,1280,720,minecraft:overworld,flashback_export_aligned
1,20260914-201742-flashback_export,flashback_export,341,33451665491600,65.267897759,-58.380000114,25.399765685,22.3512707,-8.4000111,0.014194830,0.978403091,-0.071849525,0.193296567,-0.924869895,-0.000000002,-0.380283713,0.055553064,0.989272356,-0.135107979,0.376204133,-0.146083221,-0.914948165,70.0000000,1280,720,minecraft:overworld,flashback_export_aligned
1,20260914-201742-flashback_export,flashback_export,342,33451688181900,65.201348158,-58.380000114,25.372409007,22.3512707,-8.4000111,0.014194830,0.978403091,-0.071849525,0.193296567,-0.924869895,-0.000000002,-0.380283713,0.055553064,0.989272356,-0.135107979,0.376204133,-0.146083221,-0.914948165,70.0000000,1280,720,minecraft:overworld,flashback_export_aligned
1,20260914-201742-flashback_export,flashback_export,343,33451714511700,65.134798553,-58.380000114,25.345052328,22.3512707,-8.4000111,0.014194830,0.978403091,-0.071849525,0.193296567,-0.924869895,-0.000000002,-0.380283713,0.055553064,0.989272356,-0.135107979,0.376204133,-0.146083221,-0.914948165,70.0000000,1280,720,minecraft:overworld,flashback_export_aligned
1,20260914-201742-flashback_export,flashback_export,344,33451736314200,65.068248949,-58.380000114,25.317695649,22.3512707,-8.4000111,0.014194830,0.978403091,-0.071849525,0.193296567,-0.924869895,-0.000000002,-0.380283713,0.055553064,0.989272356,-0.135107979,0.376204133,-0.146083221,-0.914948165,70.0000000,1280,720,minecraft:overworld,flashback_export_aligned
1,20260914-201742-flashback_export,flashback_export,345,33451759691800,65.001699348,-58.380000114,25.290338972,22.3512707,-8.4000111,0.014194830,0.978403091,-0.071849525,0.193296567,-0.924869895,-0.000000002,-0.380283713,0.055553064,0.989272356,-0.135107979,0.376204133,-0.146083221,-0.914948165,70.0000000,1280,720,minecraft:overworld,flashback_export_aligned
1,20260914-201742-flashback_export,flashback_export,346,33451781889100,64.935149744,-58.380000114,25.262982293,22.3512707,-8.4000111,0.014194830,0.978403091,-0.071849525,0.193296567,-0.924869895,-0.000000002,-0.380283713,0.055553064,0.989272356,-0.135107979,0.376204133,-0.146083221,-0.914948165,70.0000000,1280,720,minecraft:overworld,flashback_export_aligned
1,20260914-201742-flashback_export,flashback_export,347,33451801439800,64.868600140,-58.380000114,25.235625614,22.3512707,-8.4000111,0.014194830,0.978403091,-0.071849525,0.193296567,-0.924869895,-0.000000002,-0.380283713,0.055553064,0.989272356,-0.135107979,0.376204133,-0.146083221,-0.914948165,70.0000000,1280,720,minecraft:overworld,flashback_export_aligned
1,20260914-201742-flashback_export,flashback_export,348,33451825010400,64.802050537,-58.380000114,25.208268936,22.3512707,-8.4000111,0.014194830,0.978403091,-0.071849525,0.193296567,-0.924869895,-0.000000002,-0.380283713,0.055553064,0.989272356,-0.135107979,0.376204133,-0.146083221,-0.914948165,70.0000000,1280,720,minecraft:overworld,flashback_export_aligned
1,20260914-201742-flashback_export,flashback_export,349,33451845201100,64.735500930,-58.380000114,25.180912256,22.3512707,-8.4000111,0.014194830,0.978403091,-0.071849525,0.193296567,-0.924869895,-0.000000002,-0.380283713,0.055553064,0.989272356,-0.135107979,0.376204133,-0.146083221,-0.914948165,70.0000000,1280,720,minecraft:overworld,flashback_export_aligned
1,20260914-201742-flashback_export,flashback_export,350,33451865163400,64.668951323,-58.380000114,25.153555576,22.3512707,-8.4000111,0.014194830,0.978403091,-0.071849525,0.193296567,-0.924869895,-0.000000002,-0.380283713,0.055553064,0.989272356,-0.135107979,0.376204133,-0.146083221,-0.914948165,70.0000000,1280,720,minecraft:overworld,flashback_export_aligned
1,20260914-201742-flashback_export,flashback_export,351,33451886700800,64.602401727,-58.380000114,25.126198900,22.3512707,-8.4000111,0.014194830,0.978403091,-0.071849525,0.193296567,-0.924869895,-0.000000002,-0.380283713,0.055553064,0.989272356,-0.135107979,0.376204133,-0.146083221,-0.914948165,70.0000000,1280,720,minecraft:overworld,flashback_export_aligned
1,20260914-201742-flashback_export,flashback_export,352,33451906863500,64.535852123,-58.380000114,25.098842222,22.3512707,-8.4000111,0.014194830,0.978403091,-0.071849525,0.193296567,-0.924869895,-0.000000002,-0.380283713,0.055553064,0.989272356,-0.135107979,0.376204133,-0.146083221,-0.914948165,70.0000000,1280,720,minecraft:overworld,flashback_export_aligned
1,20260914-201742-flashback_export,flashback_export,353,33451926881400,64.469302519,-58.380000114,25.071485543,22.3512707,-8.4000111,0.014194830,0.978403091,-0.071849525,0.193296567,-0.924869895,-0.000000002,-0.380283713,0.055553064,0.989272356,-0.135107979,0.376204133,-0.146083221,-0.914948165,70.0000000,1280,720,minecraft:overworld,flashback_export_aligned
1,20260914-201742-flashback_export,flashback_export,354,33451951650400,64.402752916,-58.380000114,25.044128865,22.3512707,-8.4000111,0.014194830,0.978403091,-0.071849525,0.193296567,-0.924869895,-0.000000002,-0.380283713,0.055553064,0.989272356,-0.135107979,0.376204133,-0.146083221,-0.914948165,70.0000000,1280,720,minecraft:overworld,flashback_export_aligned
1,20260914-201742-flashback_export,flashback_export,355,33451972902600,64.336203309,-58.380000114,25.016772184,22.3512707,-8.4000111,0.014194830,0.978403091,-0.071849525,0.193296567,-0.924869895,-0.000000002,-0.380283713,0.055553064,0.989272356,-0.135107979,0.376204133,-0.146083221,-0.914948165,70.0000000,1280,720,minecraft:overworld,flashback_export_aligned
1,20260914-201742-flashback_export,flashback_export,356,33451992861700,64.269653701,-58.380000114,24.989415504,22.3512707,-8.4000111,0.014194830,0.978403091,-0.071849525,0.193296567,-0.924869895,-0.000000002,-0.380283713,0.055553064,0.989272356,-0.135107979,0.376204133,-0.146083221,-0.914948165,70.0000000,1280,720,minecraft:overworld,flashback_export_aligned
1,20260914-201742-flashback_export,flashback_export,357,33452022451900,64.203104106,-58.380000114,24.962058829,22.3512707,-8.4000111,0.014194830,0.978403091,-0.071849525,0.193296567,-0.924869895,-0.000000002,-0.380283713,0.055553064,0.989272356,-0.135107979,0.376204133,-0.146083221,-0.914948165,70.0000000,1280,720,minecraft:overworld,flashback_export_aligned
1,20260914-201742-flashback_export,flashback_export,358,33452045093400,64.136554498,-58.380000114,24.934702149,22.3512707,-8.4000111,0.014194830,0.978403091,-0.071849525,0.193296567,-0.924869895,-0.000000002,-0.380283713,0.055553064,0.989272356,-0.135107979,0.376204133,-0.146083221,-0.914948165,70.0000000,1280,720,minecraft:overworld,flashback_export_aligned
1,20260914-201742-flashback_export,flashback_export,359,33452069892400,64.070004891,-58.380000114,24.907345469,22.3512707,-8.4000111,0.014194830,0.978403091,-0.071849525,0.193296567,-0.924869895,-0.000000002,-0.380283713,0.055553064,0.989272356,-0.135107979,0.376204133,-0.146083221,-0.914948165,70.0000000,1280,720,minecraft:overworld,flashback_export_aligned
1,20260914-201742-flashback_export,flashback_export,360,33452102013400,64.003455295,-58.380000114,24.879988793,22.3512707,-8.4000111,0.014194830,0.978403091,-0.071849525,0.193296567,-0.924869895,-0.000000002,-0.380283713,0.055553064,0.989272356,-0.135107979,0.376204133,-0.146083221,-0.914948165,70.0000000,1280,720,minecraft:overworld,flashback_export_aligned
1,20260914-201742-flashback_export,flashback_export,361,33452125029500,63.936905690,-58.380000114,24.852632114,22.3512707,-8.4000111,0.014194830,0.978403091,-0.071849525,0.193296567,-0.924869895,-0.000000002,-0.380283713,0.055553064,0.989272356,-0.135107979,0.376204133,-0.146083221,-0.914948165,70.0000000,1280,720,minecraft:overworld,flashback_export_aligned
1,20260914-201742-flashback_export,flashback_export,362,33452147590400,63.870356084,-58.380000114,24.825275435,22.3512707,-8.4000111,0.014194830,0.978403091,-0.071849525,0.193296567,-0.924869895,-0.000000002,-0.380283713,0.055553064,0.989272356,-0.135107979,0.376204133,-0.146083221,-0.914948165,70.0000000,1280,720,minecraft:overworld,flashback_export_aligned
1,20260914-201742-flashback_export,flashback_export,363,33452169181600,63.803806485,-58.380000114,24.797918758,22.3512707,-8.4000111,0.014194830,0.978403091,-0.071849525,0.193296567,-0.924869895,-0.000000002,-0.380283713,0.055553064,0.989272356,-0.135107979,0.376204133,-0.146083221,-0.914948165,70.0000000,1280,720,minecraft:overworld,flashback_export_aligned
1,20260914-201742-flashback_export,flashback_export,364,33452189087600,63.737256876,-58.380000114,24.770562077,22.3512707,-8.4000111,0.014194830,0.978403091,-0.071849525,0.193296567,-0.924869895,-0.000000002,-0.380283713,0.055553064,0.989272356,-0.135107979,0.376204133,-0.146083221,-0.914948165,70.0000000,1280,720,minecraft:overworld,flashback_export_aligned
1,20260914-201742-flashback_export,flashback_export,365,33452209429900,63.670707267,-58.380000114,24.743205396,22.3512707,-8.4000111,0.014194830,0.978403091,-0.071849525,0.193296567,-0.924869895,-0.000000002,-0.380283713,0.055553064,0.989272356,-0.135107979,0.376204133,-0.146083221,-0.914948165,70.0000000,1280,720,minecraft:overworld,flashback_export_aligned
1,20260914-201742-flashback_export,flashback_export,366,33452234738300,63.604157674,-58.380000114,24.715848722,22.3512707,-8.4000111,0.014194830,0.978403091,-0.071849525,0.193296567,-0.924869895,-0.000000002,-0.380283713,0.055553064,0.989272356,-0.135107979,0.376204133,-0.146083221,-0.914948165,70.0000000,1280,720,minecraft:overworld,flashback_export_aligned
1,20260914-201742-flashback_export,flashback_export,367,33452253997800,63.537608066,-58.380000114,24.688492041,22.3512707,-8.4000111,0.014194830,0.978403091,-0.071849525,0.193296567,-0.924869895,-0.000000002,-0.380283713,0.055553064,0.989272356,-0.135107979,0.376204133,-0.146083221,-0.914948165,70.0000000,1280,720,minecraft:overworld,flashback_export_aligned
1,20260914-201742-flashback_export,flashback_export,368,33452273108000,63.471058457,-58.380000114,24.661135361,22.3512707,-8.4000111,0.014194830,0.978403091,-0.071849525,0.193296567,-0.924869895,-0.000000002,-0.380283713,0.055553064,0.989272356,-0.135107979,0.376204133,-0.146083221,-0.914948165,70.0000000,1280,720,minecraft:overworld,flashback_export_aligned
1,20260914-201742-flashback_export,flashback_export,369,33452293669900,63.404508864,-58.380000114,24.633778686,22.3512707,-8.4000111,0.014194830,0.978403091,-0.071849525,0.193296567,-0.924869895,-0.000000002,-0.380283713,0.055553064,0.989272356,-0.135107979,0.376204133,-0.146083221,-0.914948165,70.0000000,1280,720,minecraft:overworld,flashback_export_aligned
1,20260914-201742-flashback_export,flashback_export,370,33452313896100,63.337959255,-58.380000114,24.606422006,22.3512707,-8.4000111,0.014194830,0.978403091,-0.071849525,0.193296567,-0.924869895,-0.000000002,-0.380283713,0.055553064,0.989272356,-0.135107979,0.376204133,-0.146083221,-0.914948165,70.0000000,1280,720,minecraft:overworld,flashback_export_aligned
1,20260914-201742-flashback_export,flashback_export,371,33452332521400,63.271409646,-58.380000114,24.579065325,22.3512707,-8.4000111,0.014194830,0.978403091,-0.071849525,0.193296567,-0.924869895,-0.000000002,-0.380283713,0.055553064,0.989272356,-0.135107979,0.376204133,-0.146083221,-0.914948165,70.0000000,1280,720,minecraft:overworld,flashback_export_aligned
1,20260914-201742-flashback_export,flashback_export,372,33452354249100,63.204860053,-58.380000114,24.551708651,22.3512707,-8.4000111,0.014194830,0.978403091,-0.071849525,0.193296567,-0.924869895,-0.000000002,-0.380283713,0.055553064,0.989272356,-0.135107979,0.376204133,-0.146083221,-0.914948165,70.0000000,1280,720,minecraft:overworld,flashback_export_aligned
1,20260914-201742-flashback_export,flashback_export,373,33452373535300,63.138310444,-58.380000114,24.524351970,22.3512707,-8.4000111,0.014194830,0.978403091,-0.071849525,0.193296567,-0.924869895,-0.000000002,-0.380283713,0.055553064,0.989272356,-0.135107979,0.376204133,-0.146083221,-0.914948165,70.0000000,1280,720,minecraft:overworld,flashback_export_aligned
1,20260914-201742-flashback_export,flashback_export,374,33452392488900,63.071760835,-58.380000114,24.496995289,22.3512707,-8.4000111,0.014194830,0.978403091,-0.071849525,0.193296567,-0.924869895,-0.000000002,-0.380283713,0.055553064,0.989272356,-0.135107979,0.376204133,-0.146083221,-0.914948165,70.0000000,1280,720,minecraft:overworld,flashback_export_aligned
1,20260914-201742-flashback_export,flashback_export,375,33452416277800,63.005211243,-58.380000114,24.469638615,22.3512707,-8.4000111,0.014194830,0.978403091,-0.071849525,0.193296567,-0.924869895,-0.000000002,-0.380283713,0.055553064,0.989272356,-0.135107979,0.376204133,-0.146083221,-0.914948165,70.0000000,1280,720,minecraft:overworld,flashback_export_aligned
1,20260914-201742-flashback_export,flashback_export,376,33452436855500,62.938661635,-58.380000114,24.442281934,22.3512707,-8.4000111,0.014194830,0.978403091,-0.071849525,0.193296567,-0.924869895,-0.000000002,-0.380283713,0.055553064,0.989272356,-0.135107979,0.376204133,-0.146083221,-0.914948165,70.0000000,1280,720,minecraft:overworld,flashback_export_aligned
1,20260914-201742-flashback_export,flashback_export,377,33452456696200,62.872112026,-58.380000114,24.414925254,22.3512707,-8.4000111,0.014194830,0.978403091,-0.071849525,0.193296567,-0.924869895,-0.000000002,-0.380283713,0.055553064,0.989272356,-0.135107979,0.376204133,-0.146083221,-0.914948165,70.0000000,1280,720,minecraft:overworld,flashback_export_aligned
1,20260914-201742-flashback_export,flashback_export,378,33452476985700,62.805562433,-58.380000114,24.387568579,22.3512707,-8.4000111,0.014194830,0.978403091,-0.071849525,0.193296567,-0.924869895,-0.000000002,-0.380283713,0.055553064,0.989272356,-0.135107979,0.376204133,-0.146083221,-0.914948165,70.0000000,1280,720,minecraft:overworld,flashback_export_aligned
1,20260914-201742-flashback_export,flashback_export,379,33452498070700,62.739012823,-58.380000114,24.360211899,22.3512707,-8.4000111,0.014194830,0.978403091,-0.071849525,0.193296567,-0.924869895,-0.000000002,-0.380283713,0.055553064,0.989272356,-0.135107979,0.376204133,-0.146083221,-0.914948165,70.0000000,1280,720,minecraft:overworld,flashback_export_aligned
1,20260914-201742-flashback_export,flashback_export,380,33452517584000,62.672463214,-58.380000114,24.332855218,22.3512707,-8.4000111,0.014194830,0.978403091,-0.071849525,0.193296567,-0.924869895,-0.000000002,-0.380283713,0.055553064,0.989272356,-0.135107979,0.376204133,-0.146083221,-0.914948165,70.0000000,1280,720,minecraft:overworld,flashback_export_aligned
1,20260914-201742-flashback_export,flashback_export,381,33452538541700,62.605913622,-58.380000114,24.305498544,22.3512707,-8.4000111,0.014194830,0.978403091,-0.071849525,0.193296567,-0.924869895,-0.000000002,-0.380283713,0.055553064,0.989272356,-0.135107979,0.376204133,-0.146083221,-0.914948165,70.0000000,1280,720,minecraft:overworld,flashback_export_aligned
1,20260914-201742-flashback_export,flashback_export,382,33452559015700,62.539364016,-58.380000114,24.278141864,22.3512707,-8.4000111,0.014194830,0.978403091,-0.071849525,0.193296567,-0.924869895,-0.000000002,-0.380283713,0.055553064,0.989272356,-0.135107979,0.376204133,-0.146083221,-0.914948165,70.0000000,1280,720,minecraft:overworld,flashback_export_aligned
1,20260914-201742-flashback_export,flashback_export,383,33452580412200,62.472814410,-58.380000114,24.250785184,22.3512707,-8.4000111,0.014194830,0.978403091,-0.071849525,0.193296567,-0.924869895,-0.000000002,-0.380283713,0.055553064,0.989272356,-0.135107979,0.376204133,-0.146083221,-0.914948165,70.0000000,1280,720,minecraft:overworld,flashback_export_aligned
1,20260914-201742-flashback_export,flashback_export,384,33452602103400,62.406264812,-58.380000114,24.223428508,22.3512707,-8.4000111,0.014194830,0.978403091,-0.071849525,0.193296567,-0.924869895,-0.000000002,-0.380283713,0.055553064,0.989272356,-0.135107979,0.376204133,-0.146083221,-0.914948165,70.0000000,1280,720,minecraft:overworld,flashback_export_aligned
1,20260914-201742-flashback_export,flashback_export,385,33452623545300,62.339715208,-58.380000114,24.196071830,22.3512707,-8.4000111,0.014194830,0.978403091,-0.071849525,0.193296567,-0.924869895,-0.000000002,-0.380283713,0.055553064,0.989272356,-0.135107979,0.376204133,-0.146083221,-0.914948165,70.0000000,1280,720,minecraft:overworld,flashback_export_aligned
1,20260914-201742-flashback_export,flashback_export,386,33452652232400,62.273165605,-58.380000114,24.168715151,22.3512707,-8.4000111,0.014194830,0.978403091,-0.071849525,0.193296567,-0.924869895,-0.000000002,-0.380283713,0.055553064,0.989272356,-0.135107979,0.376204133,-0.146083221,-0.914948165,70.0000000,1280,720,minecraft:overworld,flashback_export_aligned
1,20260914-201742-flashback_export,flashback_export,387,33452683540500,62.206616001,-58.380000114,24.141358472,22.3512707,-8.4000111,0.014194830,0.978403091,-0.071849525,0.193296567,-0.924869895,-0.000000002,-0.380283713,0.055553064,0.989272356,-0.135107979,0.376204133,-0.146083221,-0.914948165,70.0000000,1280,720,minecraft:overworld,flashback_export_aligned
1,20260914-201742-flashback_export,flashback_export,388,33452715585100,62.140066398,-58.380000114,24.114001794,22.3512707,-8.4000111,0.014194830,0.978403091,-0.071849525,0.193296567,-0.924869895,-0.000000002,-0.380283713,0.055553064,0.989272356,-0.135107979,0.376204133,-0.146083221,-0.914948165,70.0000000,1280,720,minecraft:overworld,flashback_export_aligned
1,20260914-201742-flashback_export,flashback_export,389,33452744165300,62.073516794,-58.380000114,24.086645115,22.3512707,-8.4000111,0.014194830,0.978403091,-0.071849525,0.193296567,-0.924869895,-0.000000002,-0.380283713,0.055553064,0.989272356,-0.135107979,0.376204133,-0.146083221,-0.914948165,70.0000000,1280,720,minecraft:overworld,flashback_export_aligned
1,20260914-201742-flashback_export,flashback_export,390,33452770935800,62.006967191,-58.380000114,24.059288437,22.3512707,-8.4000111,0.014194830,0.978403091,-0.071849525,0.193296567,-0.924869895,-0.000000002,-0.380283713,0.055553064,0.989272356,-0.135107979,0.376204133,-0.146083221,-0.914948165,70.0000000,1280,720,minecraft:overworld,flashback_export_aligned
1,20260914-201742-flashback_export,flashback_export,391,33452792578000,61.940417582,-58.380000114,24.031931756,22.3512707,-8.4000111,0.014194830,0.978403091,-0.071849525,0.193296567,-0.924869895,-0.000000002,-0.380283713,0.055553064,0.989272356,-0.135107979,0.376204133,-0.146083221,-0.914948165,70.0000000,1280,720,minecraft:overworld,flashback_export_aligned
1,20260914-201742-flashback_export,flashback_export,392,33452816226200,61.873867974,-58.380000114,24.004575076,22.3512707,-8.4000111,0.014194830,0.978403091,-0.071849525,0.193296567,-0.924869895,-0.000000002,-0.380283713,0.055553064,0.989272356,-0.135107979,0.376204133,-0.146083221,-0.914948165,70.0000000,1280,720,minecraft:overworld,flashback_export_aligned
1,20260914-201742-flashback_export,flashback_export,393,33452838002300,61.807318380,-58.380000114,23.977218401,22.3512707,-8.4000111,0.014194830,0.978403091,-0.071849525,0.193296567,-0.924869895,-0.000000002,-0.380283713,0.055553064,0.989272356,-0.135107979,0.376204133,-0.146083221,-0.914948165,70.0000000,1280,720,minecraft:overworld,flashback_export_aligned
1,20260914-201742-flashback_export,flashback_export,394,33452858378300,61.740768771,-58.380000114,23.949861720,22.3512707,-8.4000111,0.014194830,0.978403091,-0.071849525,0.193296567,-0.924869895,-0.000000002,-0.380283713,0.055553064,0.989272356,-0.135107979,0.376204133,-0.146083221,-0.914948165,70.0000000,1280,720,minecraft:overworld,flashback_export_aligned
1,20260914-201742-flashback_export,flashback_export,395,33452880852100,61.674219162,-58.380000114,23.922505039,22.3512707,-8.4000111,0.014194830,0.978403091,-0.071849525,0.193296567,-0.924869895,-0.000000002,-0.380283713,0.055553064,0.989272356,-0.135107979,0.376204133,-0.146083221,-0.914948165,70.0000000,1280,720,minecraft:overworld,flashback_export_aligned
1,20260914-201742-flashback_export,flashback_export,396,33452903352800,61.607669570,-58.380000114,23.895148365,22.3512707,-8.4000111,0.014194830,0.978403091,-0.071849525,0.193296567,-0.924869895,-0.000000002,-0.380283713,0.055553064,0.989272356,-0.135107979,0.376204133,-0.146083221,-0.914948165,70.0000000,1280,720,minecraft:overworld,flashback_export_aligned
1,20260914-201742-flashback_export,flashback_export,397,33452923741000,61.549752635,-58.380000114,23.871340335,22.3512707,-8.4000111,0.014194830,0.978403091,-0.071849525,0.193296567,-0.924869895,-0.000000002,-0.380283713,0.055553064,0.989272356,-0.135107979,0.376204133,-0.146083221,-0.914948165,70.0000000,1280,720,minecraft:overworld,flashback_export_aligned
1,20260914-201742-flashback_export,flashback_export,398,33452944718500,61.491835700,-58.380000114,23.847532305,22.3512707,-8.4000111,0.014194830,0.978403091,-0.071849525,0.193296567,-0.924869895,-0.000000002,-0.380283713,0.055553064,0.989272356,-0.135107979,0.376204133,-0.146083221,-0.914948165,70.0000000,1280,720,minecraft:overworld,flashback_export_aligned
1,20260914-201742-flashback_export,flashback_export,399,33452966788300,61.408020759,-58.380000114,23.813078330,22.3512707,-8.4000111,0.014194830,0.978403091,-0.071849525,0.193296567,-0.924869895,-0.000000002,-0.380283713,0.055553064,0.989272356,-0.135107979,0.376204133,-0.146083221,-0.914948165,70.0000000,1280,720,minecraft:overworld,flashback_export_aligned
1,20260914-201742-flashback_export,flashback_export,400,33452986869100,61.371684924,-58.380000114,23.798141685,22.3512707,-8.4000111,0.014194830,0.978403091,-0.071849525,0.193296567,-0.924869895,-0.000000002,-0.380283713,0.055553064,0.989272356,-0.135107979,0.376204133,-0.146083221,-0.914948165,70.0000000,1280,720,minecraft:overworld,flashback_export_aligned
1,20260914-201742-flashback_export,flashback_export,401,33453006829400,61.335349089,-58.380000114,23.783205041,22.3512707,-8.4000111,0.014194830,0.978403091,-0.071849525,0.193296567,-0.924869895,-0.000000002,-0.380283713,0.055553064,0.989272356,-0.135107979,0.376204133,-0.146083221,-0.914948165,70.0000000,1280,720,minecraft:overworld,flashback_export_aligned
1,20260914-201742-flashback_export,flashback_export,402,33453030361300,61.299012496,-58.380000114,23.768268085,22.3512707,-8.4000111,0.014194830,0.978403091,-0.071849525,0.193296567,-0.924869895,-0.000000002,-0.380283713,0.055553064,0.989272356,-0.135107979,0.376204133,-0.146083221,-0.914948165,70.0000000,1280,720,minecraft:overworld,flashback_export_aligned
1,20260914-201742-flashback_export,flashback_export,403,33453050446200,61.281143384,-58.380000114,23.760922593,22.3512707,-8.4000111,0.014194830,0.978403091,-0.071849525,0.193296567,-0.924869895,-0.000000002,-0.380283713,0.055553064,0.989272356,-0.135107979,0.376204133,-0.146083221,-0.914948165,70.0000000,1280,720,minecraft:overworld,flashback_export_aligned
1,20260914-201742-flashback_export,flashback_export,404,33453070788900,61.263274272,-58.380000114,23.753577102,22.3512707,-8.4000111,0.014194830,0.978403091,-0.071849525,0.193296567,-0.924869895,-0.000000002,-0.380283713,0.055553064,0.989272356,-0.135107979,0.376204133,-0.146083221,-0.914948165,70.0000000,1280,720,minecraft:overworld,flashback_export_aligned
1,20260914-201742-flashback_export,flashback_export,405,33453090120200,61.239493977,-58.380000114,23.743801689,22.3512707,-8.4000111,0.014194830,0.978403091,-0.071849525,0.193296567,-0.924869895,-0.000000002,-0.380283713,0.055553064,0.989272356,-0.135107979,0.376204133,-0.146083221,-0.914948165,70.0000000,1280,720,minecraft:overworld,flashback_export_aligned
1,20260914-201742-flashback_export,flashback_export,406,33453110697900,61.237178623,-58.380000114,23.742849911,22.3512707,-8.4000111,0.014194830,0.978403091,-0.071849525,0.193296567,-0.924869895,-0.000000002,-0.380283713,0.055553064,0.989272356,-0.135107979,0.376204133,-0.146083221,-0.914948165,70.0000000,1280,720,minecraft:overworld,flashback_export_aligned
1,20260914-201742-flashback_export,flashback_export,407,33453130976300,61.234863268,-58.380000114,23.741898134,22.3512707,-8.4000111,0.014194830,0.978403091,-0.071849525,0.193296567,-0.924869895,-0.000000002,-0.380283713,0.055553064,0.989272356,-0.135107979,0.376204133,-0.146083221,-0.914948165,70.0000000,1280,720,minecraft:overworld,flashback_export_aligned
1,20260914-201742-flashback_export,flashback_export,408,33453152266600,61.206996863,-58.380000114,23.730443035,22.3512707,-8.4000111,0.014194830,0.978403091,-0.071849525,0.193296567,-0.924869895,-0.000000002,-0.380283713,0.055553064,0.989272356,-0.135107979,0.376204133,-0.146083221,-0.914948165,70.0000000,1280,720,minecraft:overworld,flashback_export_aligned
1,20260914-201742-flashback_export,flashback_export,409,33453171835700,61.235492093,-58.380000114,23.742156626,22.3512707,-8.4000111,0.014194830,0.978403091,-0.071849525,0.193296567,-0.924869895,-0.000000002,-0.380283713,0.055553064,0.989272356,-0.135107979,0.376204133,-0.146083221,-0.914948165,70.0000000,1280,720,minecraft:overworld,flashback_export_aligned
1,20260914-201742-flashback_export,flashback_export,410,33453190823200,61.263987324,-58.380000114,23.753870217,22.3512707,-8.4000111,0.014194830,0.978403091,-0.071849525,0.193296567,-0.924869895,-0.000000002,-0.380283713,0.055553064,0.989272356,-0.135107979,0.376204133,-0.146083221,-0.914948165,70.0000000,1280,720,minecraft:overworld,flashback_export_aligned
1,20260914-201742-flashback_export,flashback_export,411,33453213772700,61.279893983,-58.380000114,23.760409000,22.3512707,-8.4000111,0.014194830,0.978403091,-0.071849525,0.193296567,-0.924869895,-0.000000002,-0.380283713,0.055553064,0.989272356,-0.135107979,0.376204133,-0.146083221,-0.914948165,70.0000000,1280,720,minecraft:overworld,flashback_export_aligned
1,20260914-201742-flashback_export,flashback_export,412,33453233843700,61.325665897,-58.380000114,23.779224552,22.3512707,-8.4000111,0.014194830,0.978403091,-0.071849525,0.193296567,-0.924869895,-0.000000002,-0.380283713,0.055553064,0.989272356,-0.135107979,0.376204133,-0.146083221,-0.914948165,70.0000000,1280,720,minecraft:overworld,flashback_export_aligned
1,20260914-201742-flashback_export,flashback_export,413,33453255885100,61.371437812,-58.380000114,23.798040104,22.3512707,-8.4000111,0.014194830,0.978403091,-0.071849525,0.193296567,-0.924869895,-0.000000002,-0.380283713,0.055553064,0.989272356,-0.135107979,0.376204133,-0.146083221,-0.914948165,70.0000000,1280,720,minecraft:overworld,flashback_export_aligned
1,20260914-201742-flashback_export,flashback_export,414,33453280130700,61.410336363,-58.380000114,23.814030210,22.3512707,-8.4000111,0.014194830,0.978403091,-0.071849525,0.193296567,-0.924869895,-0.000000002,-0.380283713,0.055553064,0.989272356,-0.135107979,0.376204133,-0.146083221,-0.914948165,70.0000000,1280,720,minecraft:overworld,flashback_export_aligned
1,20260914-201742-flashback_export,flashback_export,415,33453300132900,61.465541348,-58.380000114,23.836723433,22.3512707,-8.4000111,0.014194830,0.978403091,-0.071849525,0.193296567,-0.924869895,-0.000000002,-0.380283713,0.055553064,0.989272356,-0.135107979,0.376204133,-0.146083221,-0.914948165,70.0000000,1280,720,minecraft:overworld,flashback_export_aligned
1,20260914-201742-flashback_export,flashback_export,416,33453319728800,61.520746332,-58.380000114,23.859416656,22.3512707,-8.4000111,0.014194830,0.978403091,-0.071849525,0.193296567,-0.924869895,-0.000000002,-0.380283713,0.055553064,0.989272356,-0.135107979,0.376204133,-0.146083221,-0.914948165,70.0000000,1280,720,minecraft:overworld,flashback_export_aligned
1,20260914-201742-flashback_export,flashback_export,417,33453347225000,61.572198458,-58.380000114,23.880567184,22.3512707,-8.4000111,0.014194830,0.978403091,-0.071849525,0.193296567,-0.924869895,-0.000000002,-0.380283713,0.055553064,0.989272356,-0.135107979,0.376204133,-0.146083221,-0.914948165,70.0000000,1280,720,minecraft:overworld,flashback_export_aligned
1,20260914-201742-flashback_export,flashback_export,418,33453368877500,61.632553899,-58.380000114,23.905377617,22.3512707,-8.4000111,0.014194830,0.978403091,-0.071849525,0.193296567,-0.924869895,-0.000000002,-0.380283713,0.055553064,0.989272356,-0.135107979,0.376204133,-0.146083221,-0.914948165,70.0000000,1280,720,minecraft:overworld,flashback_export_aligned
1,20260914-201742-flashback_export,flashback_export,419,33453389465000,61.692909341,-58.380000114,23.930188049,22.3512707,-8.4000111,0.014194830,0.978403091,-0.071849525,0.193296567,-0.924869895,-0.000000002,-0.380283713,0.055553064,0.989272356,-0.135107979,0.376204133,-0.146083221,-0.914948165,70.0000000,1280,720,minecraft:overworld,flashback_export_aligned
1,20260914-201742-flashback_export,flashback_export,420,33453415286400,61.751215719,-58.380000114,23.954156168,22.3512707,-8.4000111,0.014194830,0.978403091,-0.071849525,0.193296567,-0.924869895,-0.000000002,-0.380283713,0.055553064,0.989272356,-0.135107979,0.376204133,-0.146083221,-0.914948165,70.0000000,1280,720,minecraft:overworld,flashback_export_aligned
1,20260914-201742-flashback_export,flashback_export,421,33453436598300,61.814383311,-58.380000114,23.980122596,22.3512707,-8.4000111,0.014194830,0.978403091,-0.071849525,0.193296567,-0.924869895,-0.000000002,-0.380283713,0.055553064,0.989272356,-0.135107979,0.376204133,-0.146083221,-0.914948165,70.0000000,1280,720,minecraft:overworld,flashback_export_aligned
1,20260914-201742-flashback_export,flashback_export,422,33453465330600,61.877550903,-58.380000114,24.006089024,22.3512707,-8.4000111,0.014194830,0.978403091,-0.071849525,0.193296567,-0.924869895,-0.000000002,-0.380283713,0.055553064,0.989272356,-0.135107979,0.376204133,-0.146083221,-0.914948165,70.0000000,1280,720,minecraft:overworld,flashback_export_aligned
1,20260914-201742-flashback_export,flashback_export,423,33453489942800,61.939599702,-58.380000114,24.031595549,22.3512707,-8.4000111,0.014194830,0.978403091,-0.071849525,0.193296567,-0.924869895,-0.000000002,-0.380283713,0.055553064,0.989272356,-0.135107979,0.376204133,-0.146083221,-0.914948165,70.0000000,1280,720,minecraft:overworld,flashback_export_aligned
1,20260914-201742-flashback_export,flashback_export,424,33453512459600,62.004099125,-58.380000114,24.058109455,22.3512707,-8.4000111,0.014194830,0.978403091,-0.071849525,0.193296567,-0.924869895,-0.000000002,-0.380283713,0.055553064,0.989272356,-0.135107979,0.376204133,-0.146083221,-0.914948165,70.0000000,1280,720,minecraft:overworld,flashback_export_aligned
1,20260914-201742-flashback_export,flashback_export,425,33453533474900,62.068598548,-58.380000114,24.084623362,22.3512707,-8.4000111,0.014194830,0.978403091,-0.071849525,0.193296567,-0.924869895,-0.000000002,-0.380283713,0.055553064,0.989272356,-0.135107979,0.376204133,-0.146083221,-0.914948165,70.0000000,1280,720,minecraft:overworld,flashback_export_aligned
1,20260914-201742-flashback_export,flashback_export,426,33453558177500,62.133097916,-58.380000114,24.111137246,22.3512707,-8.4000111,0.014194830,0.978403091,-0.071849525,0.193296567,-0.924869895,-0.000000002,-0.380283713,0.055553064,0.989272356,-0.135107979,0.376204133,-0.146083221,-0.914948165,70.0000000,1280,720,minecraft:overworld,flashback_export_aligned
1,20260914-201742-flashback_export,flashback_export,427,33453580688900,62.198639289,-58.380000114,24.138079470,22.3512707,-8.4000111,0.014194830,0.978403091,-0.071849525,0.193296567,-0.924869895,-0.000000002,-0.380283713,0.055553064,0.989272356,-0.135107979,0.376204133,-0.146083221,-0.914948165,70.0000000,1280,720,minecraft:overworld,flashback_export_aligned
1,20260914-201742-flashback_export,flashback_export,428,33453600413000,62.264180662,-58.380000114,24.165021693,22.3512707,-8.4000111,0.014194830,0.978403091,-0.071849525,0.193296567,-0.924869895,-0.000000002,-0.380283713,0.055553064,0.989272356,-0.135107979,0.376204133,-0.146083221,-0.914948165,70.0000000,1280,720,minecraft:overworld,flashback_export_aligned
1,20260914-201742-flashback_export,flashback_export,429,33453622875900,62.329388501,-58.380000114,24.191826809,22.3512707,-8.4000111,0.014194830,0.978403091,-0.071849525,0.193296567,-0.924869895,-0.000000002,-0.380283713,0.055553064,0.989272356,-0.135107979,0.376204133,-0.146083221,-0.914948165,70.0000000,1280,720,minecraft:overworld,flashback_export_aligned
1,20260914-201742-flashback_export,flashback_export,430,33453642065000,62.395332357,-58.380000114,24.218934482,22.3512707,-8.4000111,0.014194830,0.978403091,-0.071849525,0.193296567,-0.924869895,-0.000000002,-0.380283713,0.055553064,0.989272356,-0.135107979,0.376204133,-0.146083221,-0.914948165,70.0000000,1280,720,minecraft:overworld,flashback_export_aligned
1,20260914-201742-flashback_export,flashback_export,431,33453663020300,62.461276212,-58.380000114,24.246042155,22.3512707,-8.4000111,0.014194830,0.978403091,-0.071849525,0.193296567,-0.924869895,-0.000000002,-0.380283713,0.055553064,0.989272356,-0.135107979,0.376204133,-0.146083221,-0.914948165,70.0000000,1280,720,minecraft:overworld,flashback_export_aligned
1,20260914-201742-flashback_export,flashback_export,432,33453685951800,62.527203720,-58.380000114,24.273143107,22.3512707,-8.4000111,0.014194830,0.978403091,-0.071849525,0.193296567,-0.924869895,-0.000000002,-0.380283713,0.055553064,0.989272356,-0.135107979,0.376204133,-0.146083221,-0.914948165,70.0000000,1280,720,minecraft:overworld,flashback_export_aligned
1,20260914-201742-flashback_export,flashback_export,433,33453706954700,62.593450876,-58.380000114,24.300375458,22.3512707,-8.4000111,0.014194830,0.978403091,-0.071849525,0.193296567,-0.924869895,-0.000000002,-0.380283713,0.055553064,0.989272356,-0.135107979,0.376204133,-0.146083221,-0.914948165,70.0000000,1280,720,minecraft:overworld,flashback_export_aligned
1,20260914-201742-flashback_export,flashback_export,434,33453731188000,62.659698032,-58.380000114,24.327607809,22.3512707,-8.4000111,0.014194830,0.978403091,-0.071849525,0.193296567,-0.924869895,-0.000000002,-0.380283713,0.055553064,0.989272356,-0.135107979,0.376204133,-0.146083221,-0.914948165,70.0000000,1280,720,minecraft:overworld,flashback_export_aligned
1,20260914-201742-flashback_export,flashback_export,435,33453752544600,62.725851389,-58.380000114,24.354801601,22.3512707,-8.4000111,0.014194830,0.978403091,-0.071849525,0.193296567,-0.924869895,-0.000000002,-0.380283713,0.055553064,0.989272356,-0.135107979,0.376204133,-0.146083221,-0.914948165,70.0000000,1280,720,minecraft:overworld,flashback_export_aligned
1,20260914-201742-flashback_export,flashback_export,436,33453771038200,62.792238845,-58.380000114,24.382091625,22.3512707,-8.4000111,0.014194830,0.978403091,-0.071849525,0.193296567,-0.924869895,-0.000000002,-0.380283713,0.055553064,0.989272356,-0.135107979,0.376204133,-0.146083221,-0.914948165,70.0000000,1280,720,minecraft:overworld,flashback_export_aligned
1,20260914-201742-flashback_export,flashback_export,437,33453789233200,62.858626300,-58.380000114,24.409381649,22.3512707,-8.4000111,0.014194830,0.978403091,-0.071849525,0.193296567,-0.924869895,-0.000000002,-0.380283713,0.055553064,0.989272356,-0.135107979,0.376204133,-0.146083221,-0.914948165,70.0000000,1280,720,minecraft:overworld,flashback_export_aligned
1,20260914-201742-flashback_export,flashback_export,438,33453812566800,62.924953576,-58.380000114,24.436646936,22.3512707,-8.4000111,0.014194830,0.978403091,-0.071849525,0.193296567,-0.924869895,-0.000000002,-0.380283713,0.055553064,0.989272356,-0.135107979,0.376204133,-0.146083221,-0.914948165,70.0000000,1280,720,minecraft:overworld,flashback_export_aligned
1,20260914-201742-flashback_export,flashback_export,439,33453831643400,62.991413577,-58.380000114,24.463966781,22.3512707,-8.4000111,0.014194830,0.978403091,-0.071849525,0.193296567,-0.924869895,-0.000000002,-0.380283713,0.055553064,0.989272356,-0.135107979,0.376204133,-0.146083221,-0.914948165,70.0000000,1280,720,minecraft:overworld,flashback_export_aligned
1,20260914-201742-flashback_export,flashback_export,440,33453850429200,63.057873578,-58.380000114,24.491286626,22.3512707,-8.4000111,0.014194830,0.978403091,-0.071849525,0.193296567,-0.924869895,-0.000000002,-0.380283713,0.055553064,0.989272356,-0.135107979,0.376204133,-0.146083221,-0.914948165,70.0000000,1280,720,minecraft:overworld,flashback_export_aligned
1,20260914-201742-flashback_export,flashback_export,441,33453872624300,63.124303931,-58.380000114,24.518594284,22.3512707,-8.4000111,0.014194830,0.978403091,-0.071849525,0.193296567,-0.924869895,-0.000000002,-0.380283713,0.055553064,0.989272356,-0.135107979,0.376204133,-0.146083221,-0.914948165,70.0000000,1280,720,minecraft:overworld,flashback_export_aligned
1,20260914-201742-flashback_export,flashback_export,442,33453892333200,63.190804912,-58.380000114,24.545930976,22.3512707,-8.4000111,0.014194830,0.978403091,-0.071849525,0.193296567,-0.924869895,-0.000000002,-0.380283713,0.055553064,0.989272356,-0.135107979,0.376204133,-0.146083221,-0.914948165,70.0000000,1280,720,minecraft:overworld,flashback_export_aligned
1,20260914-201742-flashback_export,flashback_export,443,33453913032900,63.257305893,-58.380000114,24.573267667,22.3512707,-8.4000111,0.014194830,0.978403091,-0.071849525,0.193296567,-0.924869895,-0.000000002,-0.380283713,0.055553064,0.989272356,-0.135107979,0.376204133,-0.146083221,-0.914948165,70.0000000,1280,720,minecraft:overworld,flashback_export_aligned
1,20260914-201742-flashback_export,flashback_export,444,33453935386700,63.323789784,-58.380000114,24.600597333,22.3512707,-8.4000111,0.014194830,0.978403091,-0.071849525,0.193296567,-0.924869895,-0.000000002,-0.380283713,0.055553064,0.989272356,-0.135107979,0.376204133,-0.146083221,-0.914948165,70.0000000,1280,720,minecraft:overworld,flashback_export_aligned
1,20260914-201742-flashback_export,flashback_export,445,33453955045500,63.390312842,-58.380000114,24.627943099,22.3512707,-8.4000111,0.014194830,0.978403091,-0.071849525,0.193296567,-0.924869895,-0.000000002,-0.380283713,0.055553064,0.989272356,-0.135107979,0.376204133,-0.146083221,-0.914948165,70.0000000,1280,720,minecraft:overworld,flashback_export_aligned
1,20260914-201742-flashback_export,flashback_export,446,33453974036800,63.456835901,-58.380000114,24.655288866,22.3512707,-8.4000111,0.014194830,0.978403091,-0.071849525,0.193296567,-0.924869895,-0.000000002,-0.380283713,0.055553064,0.989272356,-0.135107979,0.376204133,-0.146083221,-0.914948165,70.0000000,1280,720,minecraft:overworld,flashback_export_aligned
1,20260914-201742-flashback_export,flashback_export,447,33453998299900,63.523349620,-58.380000114,24.682630794,22.3512707,-8.4000111,0.014194830,0.978403091,-0.071849525,0.193296567,-0.924869895,-0.000000002,-0.380283713,0.055553064,0.989272356,-0.135107979,0.376204133,-0.146083221,-0.914948165,70.0000000,1280,720,minecraft:overworld,flashback_export_aligned
1,20260914-201742-flashback_export,flashback_export,448,33454019309800,63.589884732,-58.380000114,24.709981515,22.3512707,-8.4000111,0.014194830,0.978403091,-0.071849525,0.193296567,-0.924869895,-0.000000002,-0.380283713,0.055553064,0.989272356,-0.135107979,0.376204133,-0.146083221,-0.914948165,70.0000000,1280,720,minecraft:overworld,flashback_export_aligned
1,20260914-201742-flashback_export,flashback_export,449,33454039107100,63.656419845,-58.380000114,24.737332237,22.3512707,-8.4000111,0.014194830,0.978403091,-0.071849525,0.193296567,-0.924869895,-0.000000002,-0.380283713,0.055553064,0.989272356,-0.135107979,0.376204133,-0.146083221,-0.914948165,70.0000000,1280,720,minecraft:overworld,flashback_export_aligned
1,20260914-201742-flashback_export,flashback_export,450,33454067491100,63.722949850,-58.380000114,24.764680859,22.3512707,-8.4000111,0.014194830,0.978403091,-0.071849525,0.193296567,-0.924869895,-0.000000002,-0.380283713,0.055553064,0.989272356,-0.135107979,0.376204133,-0.146083221,-0.914948165,70.0000000,1280,720,minecraft:overworld,flashback_export_aligned
1,20260914-201742-flashback_export,flashback_export,451,33454087419200,63.789491675,-58.380000114,24.792034340,22.3512707,-8.4000111,0.014194830,0.978403091,-0.071849525,0.193296567,-0.924869895,-0.000000002,-0.380283713,0.055553064,0.989272356,-0.135107979,0.376204133,-0.146083221,-0.914948165,70.0000000,1280,720,minecraft:overworld,flashback_export_aligned
1,20260914-201742-flashback_export,flashback_export,452,33454106261800,63.856033501,-58.380000114,24.819387821,22.3512707,-8.4000111,0.014194830,0.978403091,-0.071849525,0.193296567,-0.924869895,-0.000000002,-0.380283713,0.055553064,0.989272356,-0.135107979,0.376204133,-0.146083221,-0.914948165,70.0000000,1280,720,minecraft:overworld,flashback_export_aligned
1,20260914-201742-flashback_export,flashback_export,453,33454125976500,63.922572136,-58.380000114,24.846739991,22.3512707,-8.4000111,0.014194830,0.978403091,-0.071849525,0.193296567,-0.924869895,-0.000000002,-0.380283713,0.055553064,0.989272356,-0.135107979,0.376204133,-0.146083221,-0.914948165,70.0000000,1280,720,minecraft:overworld,flashback_export_aligned
1,20260914-201742-flashback_export,flashback_export,454,33454145144300,63.989117448,-58.380000114,24.874094906,22.3512707,-8.4000111,0.014194830,0.978403091,-0.071849525,0.193296567,-0.924869895,-0.000000002,-0.380283713,0.055553064,0.989272356,-0.135107979,0.376204133,-0.146083221,-0.914948165,70.0000000,1280,720,minecraft:overworld,flashback_export_aligned
1,20260914-201742-flashback_export,flashback_export,455,33454165833200,64.055662761,-58.380000114,24.901449820,22.3512707,-8.4000111,0.014194830,0.978403091,-0.071849525,0.193296567,-0.924869895,-0.000000002,-0.380283713,0.055553064,0.989272356,-0.135107979,0.376204133,-0.146083221,-0.914948165,70.0000000,1280,720,minecraft:overworld,flashback_export_aligned
1,20260914-201742-flashback_export,flashback_export,456,33454189910000,64.122206464,-58.380000114,24.928804074,22.3512707,-8.4000111,0.014194830,0.978403091,-0.071849525,0.193296567,-0.924869895,-0.000000002,-0.380283713,0.055553064,0.989272356,-0.135107979,0.376204133,-0.146083221,-0.914948165,70.0000000,1280,720,minecraft:overworld,flashback_export_aligned
1,20260914-201742-flashback_export,flashback_export,457,33454210536500,64.188753695,-58.380000114,24.956159777,22.3512707,-8.4000111,0.014194830,0.978403091,-0.071849525,0.193296567,-0.924869895,-0.000000002,-0.380283713,0.055553064,0.989272356,-0.135107979,0.376204133,-0.146083221,-0.914948165,70.0000000,1280,720,minecraft:overworld,flashback_export_aligned
1,20260914-201742-flashback_export,flashback_export,458,33454230770600,64.255300927,-58.380000114,24.983515481,22.3512707,-8.4000111,0.014194830,0.978403091,-0.071849525,0.193296567,-0.924869895,-0.000000002,-0.380283713,0.055553064,0.989272356,-0.135107979,0.376204133,-0.146083221,-0.914948165,70.0000000,1280,720,minecraft:overworld,flashback_export_aligned
1,20260914-201742-flashback_export,flashback_export,459,33454250928200,64.321847367,-58.380000114,25.010870859,22.3512707,-8.4000111,0.014194830,0.978403091,-0.071849525,0.193296567,-0.924869895,-0.000000002,-0.380283713,0.055553064,0.989272356,-0.135107979,0.376204133,-0.146083221,-0.914948165,70.0000000,1280,720,minecraft:overworld,flashback_export_aligned
1,20260914-201742-flashback_export,flashback_export,460,33454270146100,64.388395693,-58.380000114,25.038227012,22.3512707,-8.4000111,0.014194830,0.978403091,-0.071849525,0.193296567,-0.924869895,-0.000000002,-0.380283713,0.055553064,0.989272356,-0.135107979,0.376204133,-0.146083221,-0.914948165,70.0000000,1280,720,minecraft:overworld,flashback_export_aligned
1,20260914-201742-flashback_export,flashback_export,461,33454289052000,64.454944019,-58.380000114,25.065583166,22.3512707,-8.4000111,0.014194830,0.978403091,-0.071849525,0.193296567,-0.924869895,-0.000000002,-0.380283713,0.055553064,0.989272356,-0.135107979,0.376204133,-0.146083221,-0.914948165,70.0000000,1280,720,minecraft:overworld,flashback_export_aligned
1,20260914-201742-flashback_export,flashback_export,462,33454309179000,64.521491860,-58.380000114,25.092939120,22.3512707,-8.4000111,0.014194830,0.978403091,-0.071849525,0.193296567,-0.924869895,-0.000000002,-0.380283713,0.055553064,0.989272356,-0.135107979,0.376204133,-0.146083221,-0.914948165,70.0000000,1280,720,minecraft:overworld,flashback_export_aligned
1,20260914-201742-flashback_export,flashback_export,463,33454328766400,64.588040772,-58.380000114,25.120295514,22.3512707,-8.4000111,0.014194830,0.978403091,-0.071849525,0.193296567,-0.924869895,-0.000000002,-0.380283713,0.055553064,0.989272356,-0.135107979,0.376204133,-0.146083221,-0.914948165,70.0000000,1280,720,minecraft:overworld,flashback_export_aligned
1,20260914-201742-flashback_export,flashback_export,464,33454347736000,64.654589685,-58.380000114,25.147651909,22.3512707,-8.4000111,0.014194830,0.978403091,-0.071849525,0.193296567,-0.924869895,-0.000000002,-0.380283713,0.055553064,0.989272356,-0.135107979,0.376204133,-0.146083221,-0.914948165,70.0000000,1280,720,minecraft:overworld,flashback_export_aligned
1,20260914-201742-flashback_export,flashback_export,465,33454369195700,64.721138313,-58.380000114,25.175008186,22.3512707,-8.4000111,0.014194830,0.978403091,-0.071849525,0.193296567,-0.924869895,-0.000000002,-0.380283713,0.055553064,0.989272356,-0.135107979,0.376204133,-0.146083221,-0.914948165,70.0000000,1280,720,minecraft:overworld,flashback_export_aligned
1,20260914-201742-flashback_export,flashback_export,466,33454387936400,64.787687536,-58.380000114,25.202364708,22.3512707,-8.4000111,0.014194830,0.978403091,-0.071849525,0.193296567,-0.924869895,-0.000000002,-0.380283713,0.055553064,0.989272356,-0.135107979,0.376204133,-0.146083221,-0.914948165,70.0000000,1280,720,minecraft:overworld,flashback_export_aligned
1,20260914-201742-flashback_export,flashback_export,467,33454406377500,64.854236759,-58.380000114,25.229721231,22.3512707,-8.4000111,0.014194830,0.978403091,-0.071849525,0.193296567,-0.924869895,-0.000000002,-0.380283713,0.055553064,0.989272356,-0.135107979,0.376204133,-0.146083221,-0.914948165,70.0000000,1280,720,minecraft:overworld,flashback_export_aligned
1,20260914-201742-flashback_export,flashback_export,468,33454426654400,64.920785836,-58.380000114,25.257077693,22.3512707,-8.4000111,0.014194830,0.978403091,-0.071849525,0.193296567,-0.924869895,-0.000000002,-0.380283713,0.055553064,0.989272356,-0.135107979,0.376204133,-0.146083221,-0.914948165,70.0000000,1280,720,minecraft:overworld,flashback_export_aligned
1,20260914-201742-flashback_export,flashback_export,469,33454445522400,64.987335228,-58.380000114,25.284434284,22.3512707,-8.4000111,0.014194830,0.978403091,-0.071849525,0.193296567,-0.924869895,-0.000000002,-0.380283713,0.055553064,0.989272356,-0.135107979,0.376204133,-0.146083221,-0.914948165,70.0000000,1280,720,minecraft:overworld,flashback_export_aligned
1,20260914-201742-flashback_export,flashback_export,470,33454463673800,65.053884620,-58.380000114,25.311790876,22.3512707,-8.4000111,0.014194830,0.978403091,-0.071849525,0.193296567,-0.924869895,-0.000000002,-0.380283713,0.055553064,0.989272356,-0.135107979,0.376204133,-0.146083221,-0.914948165,70.0000000,1280,720,minecraft:overworld,flashback_export_aligned
1,20260914-201742-flashback_export,flashback_export,471,33454484394900,65.120433944,-58.380000114,25.339147440,22.3512707,-8.4000111,0.014194830,0.978403091,-0.071849525,0.193296567,-0.924869895,-0.000000002,-0.380283713,0.055553064,0.989272356,-0.135107979,0.376204133,-0.146083221,-0.914948165,70.0000000,1280,720,minecraft:overworld,flashback_export_aligned
1,20260914-201742-flashback_export,flashback_export,472,33454502606100,65.186983435,-58.380000114,25.366504072,22.3512707,-8.4000111,0.014194830,0.978403091,-0.071849525,0.193296567,-0.924869895,-0.000000002,-0.380283713,0.055553064,0.989272356,-0.135107979,0.376204133,-0.146083221,-0.914948165,70.0000000,1280,720,minecraft:overworld,flashback_export_aligned
1,20260914-201742-flashback_export,flashback_export,473,33454521461600,65.253532927,-58.380000114,25.393860705,22.3512707,-8.4000111,0.014194830,0.978403091,-0.071849525,0.193296567,-0.924869895,-0.000000002,-0.380283713,0.055553064,0.989272356,-0.135107979,0.376204133,-0.146083221,-0.914948165,70.0000000,1280,720,minecraft:overworld,flashback_export_aligned
1,20260914-201742-flashback_export,flashback_export,474,33454542973200,65.320082371,-58.380000114,25.421217318,22.3512707,-8.4000111,0.014194830,0.978403091,-0.071849525,0.193296567,-0.924869895,-0.000000002,-0.380283713,0.055553064,0.989272356,-0.135107979,0.376204133,-0.146083221,-0.914948165,70.0000000,1280,720,minecraft:overworld,flashback_export_aligned
1,20260914-201742-flashback_export,flashback_export,475,33454564579400,65.386631914,-58.380000114,25.448573971,22.3512707,-8.4000111,0.014194830,0.978403091,-0.071849525,0.193296567,-0.924869895,-0.000000002,-0.380283713,0.055553064,0.989272356,-0.135107979,0.376204133,-0.146083221,-0.914948165,70.0000000,1280,720,minecraft:overworld,flashback_export_aligned
1,20260914-201742-flashback_export,flashback_export,476,33454584210200,65.453181458,-58.380000114,25.475930625,22.3512707,-8.4000111,0.014194830,0.978403091,-0.071849525,0.193296567,-0.924869895,-0.000000002,-0.380283713,0.055553064,0.989272356,-0.135107979,0.376204133,-0.146083221,-0.914948165,70.0000000,1280,720,minecraft:overworld,flashback_export_aligned
1,20260914-201742-flashback_export,flashback_export,477,33454605642400,65.519730972,-58.380000114,25.503287267,22.3512707,-8.4000111,0.014194830,0.978403091,-0.071849525,0.193296567,-0.924869895,-0.000000002,-0.380283713,0.055553064,0.989272356,-0.135107979,0.376204133,-0.146083221,-0.914948165,70.0000000,1280,720,minecraft:overworld,flashback_export_aligned
1,20260914-201742-flashback_export,flashback_export,478,33454625253900,65.586280543,-58.380000114,25.530643932,22.3512707,-8.4000111,0.014194830,0.978403091,-0.071849525,0.193296567,-0.924869895,-0.000000002,-0.380283713,0.055553064,0.989272356,-0.135107979,0.376204133,-0.146083221,-0.914948165,70.0000000,1280,720,minecraft:overworld,flashback_export_aligned
1,20260914-201742-flashback_export,flashback_export,479,33454646865000,65.652830114,-58.380000114,25.558000597,22.3512707,-8.4000111,0.014194830,0.978403091,-0.071849525,0.193296567,-0.924869895,-0.000000002,-0.380283713,0.055553064,0.989272356,-0.135107979,0.376204133,-0.146083221,-0.914948165,70.0000000,1280,720,minecraft:overworld,flashback_export_aligned
1,20260914-201742-flashback_export,flashback_export,480,33454668162400,65.719379668,-58.380000114,25.585357256,22.3512707,-8.4000111,0.014194830,0.978403091,-0.071849525,0.193296567,-0.924869895,-0.000000002,-0.380283713,0.055553064,0.989272356,-0.135107979,0.376204133,-0.146083221,-0.914948165,70.0000000,1280,720,minecraft:overworld,flashback_export_aligned
1,20260914-201742-flashback_export,flashback_export,481,33454687629100,65.785929256,-58.380000114,25.612713928,22.3512707,-8.4000111,0.014194830,0.978403091,-0.071849525,0.193296567,-0.924869895,-0.000000002,-0.380283713,0.055553064,0.989272356,-0.135107979,0.376204133,-0.146083221,-0.914948165,70.0000000,1280,720,minecraft:overworld,flashback_export_aligned
1,20260914-201742-flashback_export,flashback_export,482,33454709365100,65.852478844,-58.380000114,25.640070600,22.3512707,-8.4000111,0.014194830,0.978403091,-0.071849525,0.193296567,-0.924869895,-0.000000002,-0.380283713,0.055553064,0.989272356,-0.135107979,0.376204133,-0.146083221,-0.914948165,70.0000000,1280,720,minecraft:overworld,flashback_export_aligned
1,20260914-201742-flashback_export,flashback_export,483,33454734884200,65.919028416,-58.380000114,25.667427266,22.3512707,-8.4000111,0.014194830,0.978403091,-0.071849525,0.193296567,-0.924869895,-0.000000002,-0.380283713,0.055553064,0.989272356,-0.135107979,0.376204133,-0.146083221,-0.914948165,70.0000000,1280,720,minecraft:overworld,flashback_export_aligned
1,20260914-201742-flashback_export,flashback_export,484,33454755446700,65.985578012,-58.380000114,25.694783941,22.3512707,-8.4000111,0.014194830,0.978403091,-0.071849525,0.193296567,-0.924869895,-0.000000002,-0.380283713,0.055553064,0.989272356,-0.135107979,0.376204133,-0.146083221,-0.914948165,70.0000000,1280,720,minecraft:overworld,flashback_export_aligned
1,20260914-201742-flashback_export,flashback_export,485,33454776400400,66.052127608,-58.380000114,25.722140617,22.3512707,-8.4000111,0.014194830,0.978403091,-0.071849525,0.193296567,-0.924869895,-0.000000002,-0.380283713,0.055553064,0.989272356,-0.135107979,0.376204133,-0.146083221,-0.914948165,70.0000000,1280,720,minecraft:overworld,flashback_export_aligned
1,20260914-201742-flashback_export,flashback_export,486,33454799707800,66.118677192,-58.380000114,25.749497287,22.3512707,-8.4000111,0.014194830,0.978403091,-0.071849525,0.193296567,-0.924869895,-0.000000002,-0.380283713,0.055553064,0.989272356,-0.135107979,0.376204133,-0.146083221,-0.914948165,70.0000000,1280,720,minecraft:overworld,flashback_export_aligned
1,20260914-201742-flashback_export,flashback_export,487,33454818864800,66.185226793,-58.380000114,25.776853965,22.3512707,-8.4000111,0.014194830,0.978403091,-0.071849525,0.193296567,-0.924869895,-0.000000002,-0.380283713,0.055553064,0.989272356,-0.135107979,0.376204133,-0.146083221,-0.914948165,70.0000000,1280,720,minecraft:overworld,flashback_export_aligned
1,20260914-201742-flashback_export,flashback_export,488,33454837626300,66.251776393,-58.380000114,25.804210642,22.3512707,-8.4000111,0.014194830,0.978403091,-0.071849525,0.193296567,-0.924869895,-0.000000002,-0.380283713,0.055553064,0.989272356,-0.135107979,0.376204133,-0.146083221,-0.914948165,70.0000000,1280,720,minecraft:overworld,flashback_export_aligned
1,20260914-201742-flashback_export,flashback_export,489,33454865646300,66.318325984,-58.380000114,25.831567315,22.3512707,-8.4000111,0.014194830,0.978403091,-0.071849525,0.193296567,-0.924869895,-0.000000002,-0.380283713,0.055553064,0.989272356,-0.135107979,0.376204133,-0.146083221,-0.914948165,70.0000000,1280,720,minecraft:overworld,flashback_export_aligned
1,20260914-201742-flashback_export,flashback_export,490,33454888367300,66.384875586,-58.380000114,25.858923993,22.3512707,-8.4000111,0.014194830,0.978403091,-0.071849525,0.193296567,-0.924869895,-0.000000002,-0.380283713,0.055553064,0.989272356,-0.135107979,0.376204133,-0.146083221,-0.914948165,70.0000000,1280,720,minecraft:overworld,flashback_export_aligned
1,20260914-201742-flashback_export,flashback_export,491,33454910382800,66.451425188,-58.380000114,25.886280671,22.3512707,-8.4000111,0.014194830,0.978403091,-0.071849525,0.193296567,-0.924869895,-0.000000002,-0.380283713,0.055553064,0.989272356,-0.135107979,0.376204133,-0.146083221,-0.914948165,70.0000000,1280,720,minecraft:overworld,flashback_export_aligned
1,20260914-201742-flashback_export,flashback_export,492,33454935673500,66.517974784,-58.380000114,25.913637347,22.3512707,-8.4000111,0.014194830,0.978403091,-0.071849525,0.193296567,-0.924869895,-0.000000002,-0.380283713,0.055553064,0.989272356,-0.135107979,0.376204133,-0.146083221,-0.914948165,70.0000000,1280,720,minecraft:overworld,flashback_export_aligned
1,20260914-201742-flashback_export,flashback_export,493,33454957124100,66.584524389,-58.380000114,25.940994026,22.3512707,-8.4000111,0.014194830,0.978403091,-0.071849525,0.193296567,-0.924869895,-0.000000002,-0.380283713,0.055553064,0.989272356,-0.135107979,0.376204133,-0.146083221,-0.914948165,70.0000000,1280,720,minecraft:overworld,flashback_export_aligned
1,20260914-201742-flashback_export,flashback_export,494,33454982525400,66.651073993,-58.380000114,25.968350705,22.3512707,-8.4000111,0.014194830,0.978403091,-0.071849525,0.193296567,-0.924869895,-0.000000002,-0.380283713,0.055553064,0.989272356,-0.135107979,0.376204133,-0.146083221,-0.914948165,70.0000000,1280,720,minecraft:overworld,flashback_export_aligned
1,20260914-201742-flashback_export,flashback_export,495,33455005500700,66.717623589,-58.380000114,25.995707380,22.3512707,-8.4000111,0.014194830,0.978403091,-0.071849525,0.193296567,-0.924869895,-0.000000002,-0.380283713,0.055553064,0.989272356,-0.135107979,0.376204133,-0.146083221,-0.914948165,70.0000000,1280,720,minecraft:overworld,flashback_export_aligned
1,20260914-201742-flashback_export,flashback_export,496,33455026856000,66.784173193,-58.380000114,26.023064059,22.3512707,-8.4000111,0.014194830,0.978403091,-0.071849525,0.193296567,-0.924869895,-0.000000002,-0.380283713,0.055553064,0.989272356,-0.135107979,0.376204133,-0.146083221,-0.914948165,70.0000000,1280,720,minecraft:overworld,flashback_export_aligned
1,20260914-201742-flashback_export,flashback_export,497,33455047583300,66.850722797,-58.380000114,26.050420738,22.3512707,-8.4000111,0.014194830,0.978403091,-0.071849525,0.193296567,-0.924869895,-0.000000002,-0.380283713,0.055553064,0.989272356,-0.135107979,0.376204133,-0.146083221,-0.914948165,70.0000000,1280,720,minecraft:overworld,flashback_export_aligned
1,20260914-201742-flashback_export,flashback_export,498,33455069368400,66.917272397,-58.380000114,26.077777415,22.3512707,-8.4000111,0.014194830,0.978403091,-0.071849525,0.193296567,-0.924869895,-0.000000002,-0.380283713,0.055553064,0.989272356,-0.135107979,0.376204133,-0.146083221,-0.914948165,70.0000000,1280,720,minecraft:overworld,flashback_export_aligned
1,20260914-201742-flashback_export,flashback_export,499,33455091923400,66.983822001,-58.380000114,26.105134094,22.3512707,-8.4000111,0.014194830,0.978403091,-0.071849525,0.193296567,-0.924869895,-0.000000002,-0.380283713,0.055553064,0.989272356,-0.135107979,0.376204133,-0.146083221,-0.914948165,70.0000000,1280,720,minecraft:overworld,flashback_export_aligned
1,20260914-201742-flashback_export,flashback_export,500,33455098428900,67.050371605,-58.380000114,26.132490772,22.3512707,-8.4000111,0.014194830,0.978403091,-0.071849525,0.193296567,-0.924869895,-0.000000002,-0.380283713,0.055553064,0.989272356,-0.135107979,0.376204133,-0.146083221,-0.914948165,70.0000000,1280,720,minecraft:overworld,flashback_export_aligned
1,20260914-201742-flashback_export,flashback_export,501,33455138305700,67.116921206,-58.380000114,26.159847450,22.3512707,-8.4000111,0.014194830,0.978403091,-0.071849525,0.193296567,-0.924869895,-0.000000002,-0.380283713,0.055553064,0.989272356,-0.135107979,0.376204133,-0.146083221,-0.914948165,70.0000000,1280,720,minecraft:overworld,flashback_export_aligned
1,20260914-201742-flashback_export,flashback_export,502,33455161353300,67.183470808,-58.380000114,26.187204128,22.3512707,-8.4000111,0.014194830,0.978403091,-0.071849525,0.193296567,-0.924869895,-0.000000002,-0.380283713,0.055553064,0.989272356,-0.135107979,0.376204133,-0.146083221,-0.914948165,70.0000000,1280,720,minecraft:overworld,flashback_export_aligned
1,20260914-201742-flashback_export,flashback_export,503,33455186461200,67.250020411,-58.380000114,26.214560806,22.3512707,-8.4000111,0.014194830,0.978403091,-0.071849525,0.193296567,-0.924869895,-0.000000002,-0.380283713,0.055553064,0.989272356,-0.135107979,0.376204133,-0.146083221,-0.914948165,70.0000000,1280,720,minecraft:overworld,flashback_export_aligned
1,20260914-201742-flashback_export,flashback_export,504,33455211131200,67.316570015,-58.380000114,26.241917485,22.3512707,-8.4000111,0.014194830,0.978403091,-0.071849525,0.193296567,-0.924869895,-0.000000002,-0.380283713,0.055553064,0.989272356,-0.135107979,0.376204133,-0.146083221,-0.914948165,70.0000000,1280,720,minecraft:overworld,flashback_export_aligned
1,20260914-201742-flashback_export,flashback_export,505,33455235055900,67.383119620,-58.380000114,26.269274164,22.3512707,-8.4000111,0.014194830,0.978403091,-0.071849525,0.193296567,-0.924869895,-0.000000002,-0.380283713,0.055553064,0.989272356,-0.135107979,0.376204133,-0.146083221,-0.914948165,70.0000000,1280,720,minecraft:overworld,flashback_export_aligned
1,20260914-201742-flashback_export,flashback_export,506,33455257876300,67.449669225,-58.380000114,26.296630843,22.3512707,-8.4000111,0.014194830,0.978403091,-0.071849525,0.193296567,-0.924869895,-0.000000002,-0.380283713,0.055553064,0.989272356,-0.135107979,0.376204133,-0.146083221,-0.914948165,70.0000000,1280,720,minecraft:overworld,flashback_export_aligned
1,20260914-201742-flashback_export,flashback_export,507,33455288306300,67.516218825,-58.380000114,26.323987520,22.3512707,-8.4000111,0.014194830,0.978403091,-0.071849525,0.193296567,-0.924869895,-0.000000002,-0.380283713,0.055553064,0.989272356,-0.135107979,0.376204133,-0.146083221,-0.914948165,70.0000000,1280,720,minecraft:overworld,flashback_export_aligned
1,20260914-201742-flashback_export,flashback_export,508,33455314861300,67.582768428,-58.380000114,26.351344199,22.3512707,-8.4000111,0.014194830,0.978403091,-0.071849525,0.193296567,-0.924869895,-0.000000002,-0.380283713,0.055553064,0.989272356,-0.135107979,0.376204133,-0.146083221,-0.914948165,70.0000000,1280,720,minecraft:overworld,flashback_export_aligned
1,20260914-201742-flashback_export,flashback_export,509,33455335911300,67.649318031,-58.380000114,26.378700877,22.3512707,-8.4000111,0.014194830,0.978403091,-0.071849525,0.193296567,-0.924869895,-0.000000002,-0.380283713,0.055553064,0.989272356,-0.135107979,0.376204133,-0.146083221,-0.914948165,70.0000000,1280,720,minecraft:overworld,flashback_export_aligned
1,20260914-201742-flashback_export,flashback_export,510,33455359173000,67.715867635,-58.380000114,26.406057556,22.3512707,-8.4000111,0.014194830,0.978403091,-0.071849525,0.193296567,-0.924869895,-0.000000002,-0.380283713,0.055553064,0.989272356,-0.135107979,0.376204133,-0.146083221,-0.914948165,70.0000000,1280,720,minecraft:overworld,flashback_export_aligned
1,20260914-201742-flashback_export,flashback_export,511,33455380878600,67.782417238,-58.380000114,26.433414234,22.3512707,-8.4000111,0.014194830,0.978403091,-0.071849525,0.193296567,-0.924869895,-0.000000002,-0.380283713,0.055553064,0.989272356,-0.135107979,0.376204133,-0.146083221,-0.914948165,70.0000000,1280,720,minecraft:overworld,flashback_export_aligned
1,20260914-201742-flashback_export,flashback_export,512,33455400397600,67.848966841,-58.380000114,26.460770912,22.3512707,-8.4000111,0.014194830,0.978403091,-0.071849525,0.193296567,-0.924869895,-0.000000002,-0.380283713,0.055553064,0.989272356,-0.135107979,0.376204133,-0.146083221,-0.914948165,70.0000000,1280,720,minecraft:overworld,flashback_export_aligned
1,20260914-201742-flashback_export,flashback_export,513,33455423419700,67.915516446,-58.380000114,26.488127592,22.3512707,-8.4000111,0.014194830,0.978403091,-0.071849525,0.193296567,-0.924869895,-0.000000002,-0.380283713,0.055553064,0.989272356,-0.135107979,0.376204133,-0.146083221,-0.914948165,70.0000000,1280,720,minecraft:overworld,flashback_export_aligned
1,20260914-201742-flashback_export,flashback_export,514,33455443481100,67.982066052,-58.380000114,26.515484271,22.3512707,-8.4000111,0.014194830,0.978403091,-0.071849525,0.193296567,-0.924869895,-0.000000002,-0.380283713,0.055553064,0.989272356,-0.135107979,0.376204133,-0.146083221,-0.914948165,70.0000000,1280,720,minecraft:overworld,flashback_export_aligned
1,20260914-201742-flashback_export,flashback_export,515,33455467199600,68.048615658,-58.380000114,26.542840951,22.3512707,-8.4000111,0.014194830,0.978403091,-0.071849525,0.193296567,-0.924869895,-0.000000002,-0.380283713,0.055553064,0.989272356,-0.135107979,0.376204133,-0.146083221,-0.914948165,70.0000000,1280,720,minecraft:overworld,flashback_export_aligned
1,20260914-201742-flashback_export,flashback_export,516,33455491084100,68.115165256,-58.380000114,26.570197627,22.3512707,-8.4000111,0.014194830,0.978403091,-0.071849525,0.193296567,-0.924869895,-0.000000002,-0.380283713,0.055553064,0.989272356,-0.135107979,0.376204133,-0.146083221,-0.914948165,70.0000000,1280,720,minecraft:overworld,flashback_export_aligned
1,20260914-201742-flashback_export,flashback_export,517,33455513750100,68.181714860,-58.380000114,26.597554306,22.3512707,-8.4000111,0.014194830,0.978403091,-0.071849525,0.193296567,-0.924869895,-0.000000002,-0.380283713,0.055553064,0.989272356,-0.135107979,0.376204133,-0.146083221,-0.914948165,70.0000000,1280,720,minecraft:overworld,flashback_export_aligned
1,20260914-201742-flashback_export,flashback_export,518,33455536634600,68.248264463,-58.380000114,26.624910984,22.3512707,-8.4000111,0.014194830,0.978403091,-0.071849525,0.193296567,-0.924869895,-0.000000002,-0.380283713,0.055553064,0.989272356,-0.135107979,0.376204133,-0.146083221,-0.914948165,70.0000000,1280,720,minecraft:overworld,flashback_export_aligned
1,20260914-201742-flashback_export,flashback_export,519,33455559032400,68.314814066,-58.380000114,26.652267663,22.3512707,-8.4000111,0.014194830,0.978403091,-0.071849525,0.193296567,-0.924869895,-0.000000002,-0.380283713,0.055553064,0.989272356,-0.135107979,0.376204133,-0.146083221,-0.914948165,70.0000000,1280,720,minecraft:overworld,flashback_export_aligned
1,20260914-201742-flashback_export,flashback_export,520,33455582026900,68.381363673,-58.380000114,26.679624342,22.3512707,-8.4000111,0.014194830,0.978403091,-0.071849525,0.193296567,-0.924869895,-0.000000002,-0.380283713,0.055553064,0.989272356,-0.135107979,0.376204133,-0.146083221,-0.914948165,70.0000000,1280,720,minecraft:overworld,flashback_export_aligned
1,20260914-201742-flashback_export,flashback_export,521,33455602044400,68.447913279,-58.380000114,26.706981022,22.3512707,-8.4000111,0.014194830,0.978403091,-0.071849525,0.193296567,-0.924869895,-0.000000002,-0.380283713,0.055553064,0.989272356,-0.135107979,0.376204133,-0.146083221,-0.914948165,70.0000000,1280,720,minecraft:overworld,flashback_export_aligned
1,20260914-201742-flashback_export,flashback_export,522,33455625621500,68.514462877,-58.380000114,26.734337698,22.3512707,-8.4000111,0.014194830,0.978403091,-0.071849525,0.193296567,-0.924869895,-0.000000002,-0.380283713,0.055553064,0.989272356,-0.135107979,0.376204133,-0.146083221,-0.914948165,70.0000000,1280,720,minecraft:overworld,flashback_export_aligned
1,20260914-201742-flashback_export,flashback_export,523,33455648626700,68.581012481,-58.380000114,26.761694377,22.3512707,-8.4000111,0.014194830,0.978403091,-0.071849525,0.193296567,-0.924869895,-0.000000002,-0.380283713,0.055553064,0.989272356,-0.135107979,0.376204133,-0.146083221,-0.914948165,70.0000000,1280,720,minecraft:overworld,flashback_export_aligned
1,20260914-201742-flashback_export,flashback_export,524,33455669718300,68.647562084,-58.380000114,26.789051056,22.3512707,-8.4000111,0.014194830,0.978403091,-0.071849525,0.193296567,-0.924869895,-0.000000002,-0.380283713,0.055553064,0.989272356,-0.135107979,0.376204133,-0.146083221,-0.914948165,70.0000000,1280,720,minecraft:overworld,flashback_export_aligned
1,20260914-201742-flashback_export,flashback_export,525,33455692300500,68.714111687,-58.380000114,26.816407734,22.3512707,-8.4000111,0.014194830,0.978403091,-0.071849525,0.193296567,-0.924869895,-0.000000002,-0.380283713,0.055553064,0.989272356,-0.135107979,0.376204133,-0.146083221,-0.914948165,70.0000000,1280,720,minecraft:overworld,flashback_export_aligned
1,20260914-201742-flashback_export,flashback_export,526,33455716958300,68.780661291,-58.380000114,26.843764413,22.3512707,-8.4000111,0.014194830,0.978403091,-0.071849525,0.193296567,-0.924869895,-0.000000002,-0.380283713,0.055553064,0.989272356,-0.135107979,0.376204133,-0.146083221,-0.914948165,70.0000000,1280,720,minecraft:overworld,flashback_export_aligned
1,20260914-201742-flashback_export,flashback_export,527,33455741625900,68.847210895,-58.380000114,26.871121091,22.3512707,-8.4000111,0.014194830,0.978403091,-0.071849525,0.193296567,-0.924869895,-0.000000002,-0.380283713,0.055553064,0.989272356,-0.135107979,0.376204133,-0.146083221,-0.914948165,70.0000000,1280,720,minecraft:overworld,flashback_export_aligned
1,20260914-201742-flashback_export,flashback_export,528,33455766335100,68.913760498,-58.380000114,26.898477770,22.3512707,-8.4000111,0.014194830,0.978403091,-0.071849525,0.193296567,-0.924869895,-0.000000002,-0.380283713,0.055553064,0.989272356,-0.135107979,0.376204133,-0.146083221,-0.914948165,70.0000000,1280,720,minecraft:overworld,flashback_export_aligned
1,20260914-201742-flashback_export,flashback_export,529,33455787319100,68.980310104,-58.380000114,26.925834449,22.3512707,-8.4000111,0.014194830,0.978403091,-0.071849525,0.193296567,-0.924869895,-0.000000002,-0.380283713,0.055553064,0.989272356,-0.135107979,0.376204133,-0.146083221,-0.914948165,70.0000000,1280,720,minecraft:overworld,flashback_export_aligned
1,20260914-201742-flashback_export,flashback_export,530,33455807346600,69.046859710,-58.380000114,26.953191129,22.3512707,-8.4000111,0.014194830,0.978403091,-0.071849525,0.193296567,-0.924869895,-0.000000002,-0.380283713,0.055553064,0.989272356,-0.135107979,0.376204133,-0.146083221,-0.914948165,70.0000000,1280,720,minecraft:overworld,flashback_export_aligned
1,20260914-201742-flashback_export,flashback_export,531,33455830388500,69.113409308,-58.380000114,26.980547805,22.3512707,-8.4000111,0.014194830,0.978403091,-0.071849525,0.193296567,-0.924869895,-0.000000002,-0.380283713,0.055553064,0.989272356,-0.135107979,0.376204133,-0.146083221,-0.914948165,70.0000000,1280,720,minecraft:overworld,flashback_export_aligned
1,20260914-201742-flashback_export,flashback_export,532,33455850274700,69.179958914,-58.380000114,27.007904485,22.3512707,-8.4000111,0.014194830,0.978403091,-0.071849525,0.193296567,-0.924869895,-0.000000002,-0.380283713,0.055553064,0.989272356,-0.135107979,0.376204133,-0.146083221,-0.914948165,70.0000000,1280,720,minecraft:overworld,flashback_export_aligned
1,20260914-201742-flashback_export,flashback_export,533,33455856607000,69.246508520,-58.380000114,27.035261165,22.3512707,-8.4000111,0.014194830,0.978403091,-0.071849525,0.193296567,-0.924869895,-0.000000002,-0.380283713,0.055553064,0.989272356,-0.135107979,0.376204133,-0.146083221,-0.914948165,70.0000000,1280,720,minecraft:overworld,flashback_export_aligned
1,20260914-201742-flashback_export,flashback_export,534,33455891654500,69.313058119,-58.380000114,27.062617841,22.3512707,-8.4000111,0.014194830,0.978403091,-0.071849525,0.193296567,-0.924869895,-0.000000002,-0.380283713,0.055553064,0.989272356,-0.135107979,0.376204133,-0.146083221,-0.914948165,70.0000000,1280,720,minecraft:overworld,flashback_export_aligned
1,20260914-201742-flashback_export,flashback_export,535,33455912889200,69.379607724,-58.380000114,27.089974520,22.3512707,-8.4000111,0.014194830,0.978403091,-0.071849525,0.193296567,-0.924869895,-0.000000002,-0.380283713,0.055553064,0.989272356,-0.135107979,0.376204133,-0.146083221,-0.914948165,70.0000000,1280,720,minecraft:overworld,flashback_export_aligned
1,20260914-201742-flashback_export,flashback_export,536,33455933178300,69.446157328,-58.380000114,27.117331199,22.3512707,-8.4000111,0.014194830,0.978403091,-0.071849525,0.193296567,-0.924869895,-0.000000002,-0.380283713,0.055553064,0.989272356,-0.135107979,0.376204133,-0.146083221,-0.914948165,70.0000000,1280,720,minecraft:overworld,flashback_export_aligned
1,20260914-201742-flashback_export,flashback_export,537,33455954743500,69.512706929,-58.380000114,27.144687877,22.3512707,-8.4000111,0.014194830,0.978403091,-0.071849525,0.193296567,-0.924869895,-0.000000002,-0.380283713,0.055553064,0.989272356,-0.135107979,0.376204133,-0.146083221,-0.914948165,70.0000000,1280,720,minecraft:overworld,flashback_export_aligned
1,20260914-201742-flashback_export,flashback_export,538,33455973200700,69.579256533,-58.380000114,27.172044555,22.3512707,-8.4000111,0.014194830,0.978403091,-0.071849525,0.193296567,-0.924869895,-0.000000002,-0.380283713,0.055553064,0.989272356,-0.135107979,0.376204133,-0.146083221,-0.914948165,70.0000000,1280,720,minecraft:overworld,flashback_export_aligned
1,20260914-201742-flashback_export,flashback_export,539,33455993067800,69.645806137,-58.380000114,27.199401234,22.3512707,-8.4000111,0.014194830,0.978403091,-0.071849525,0.193296567,-0.924869895,-0.000000002,-0.380283713,0.055553064,0.989272356,-0.135107979,0.376204133,-0.146083221,-0.914948165,70.0000000,1280,720,minecraft:overworld,flashback_export_aligned
1,20260914-201742-flashback_export,flashback_export,540,33456014993700,69.712355740,-58.380000114,27.226757912,22.3512707,-8.4000111,0.014194830,0.978403091,-0.071849525,0.193296567,-0.924869895,-0.000000002,-0.380283713,0.055553064,0.989272356,-0.135107979,0.376204133,-0.146083221,-0.914948165,70.0000000,1280,720,minecraft:overworld,flashback_export_aligned
1,20260914-201742-flashback_export,flashback_export,541,33456033916200,69.778905344,-58.380000114,27.254114591,22.3512707,-8.4000111,0.014194830,0.978403091,-0.071849525,0.193296567,-0.924869895,-0.000000002,-0.380283713,0.055553064,0.989272356,-0.135107979,0.376204133,-0.146083221,-0.914948165,70.0000000,1280,720,minecraft:overworld,flashback_export_aligned
1,20260914-201742-flashback_export,flashback_export,542,33456052628900,69.845454949,-58.380000114,27.281471271,22.3512707,-8.4000111,0.014194830,0.978403091,-0.071849525,0.193296567,-0.924869895,-0.000000002,-0.380283713,0.055553064,0.989272356,-0.135107979,0.376204133,-0.146083221,-0.914948165,70.0000000,1280,720,minecraft:overworld,flashback_export_aligned
1,20260914-201742-flashback_export,flashback_export,543,33456073601800,69.912004550,-58.380000114,27.308827948,22.3512707,-8.4000111,0.014194830,0.978403091,-0.071849525,0.193296567,-0.924869895,-0.000000002,-0.380283713,0.055553064,0.989272356,-0.135107979,0.376204133,-0.146083221,-0.914948165,70.0000000,1280,720,minecraft:overworld,flashback_export_aligned
1,20260914-201742-flashback_export,flashback_export,544,33456092327400,69.978554155,-58.380000114,27.336184627,22.3512707,-8.4000111,0.014194830,0.978403091,-0.071849525,0.193296567,-0.924869895,-0.000000002,-0.380283713,0.055553064,0.989272356,-0.135107979,0.376204133,-0.146083221,-0.914948165,70.0000000,1280,720,minecraft:overworld,flashback_export_aligned
1,20260914-201742-flashback_export,flashback_export,545,33456115525300,70.045103760,-58.380000114,27.363541306,22.3512707,-8.4000111,0.014194830,0.978403091,-0.071849525,0.193296567,-0.924869895,-0.000000002,-0.380283713,0.055553064,0.989272356,-0.135107979,0.376204133,-0.146083221,-0.914948165,70.0000000,1280,720,minecraft:overworld,flashback_export_aligned
1,20260914-201742-flashback_export,flashback_export,546,33456136597200,70.111653361,-58.380000114,27.390897984,22.3512707,-8.4000111,0.014194830,0.978403091,-0.071849525,0.193296567,-0.924869895,-0.000000002,-0.380283713,0.055553064,0.989272356,-0.135107979,0.376204133,-0.146083221,-0.914948165,70.0000000,1280,720,minecraft:overworld,flashback_export_aligned
1,20260914-201742-flashback_export,flashback_export,547,33456155950700,70.178202966,-58.380000114,27.418254663,22.3512707,-8.4000111,0.014194830,0.978403091,-0.071849525,0.193296567,-0.924869895,-0.000000002,-0.380283713,0.055553064,0.989272356,-0.135107979,0.376204133,-0.146083221,-0.914948165,70.0000000,1280,720,minecraft:overworld,flashback_export_aligned
1,20260914-201742-flashback_export,flashback_export,548,33456175048500,70.244752572,-58.380000114,27.445611343,22.3512707,-8.4000111,0.014194830,0.978403091,-0.071849525,0.193296567,-0.924869895,-0.000000002,-0.380283713,0.055553064,0.989272356,-0.135107979,0.376204133,-0.146083221,-0.914948165,70.0000000,1280,720,minecraft:overworld,flashback_export_aligned
1,20260914-201742-flashback_export,flashback_export,549,33456199509000,70.311302171,-58.380000114,27.472968019,22.3512707,-8.4000111,0.014194830,0.978403091,-0.071849525,0.193296567,-0.924869895,-0.000000002,-0.380283713,0.055553064,0.989272356,-0.135107979,0.376204133,-0.146083221,-0.914948165,70.0000000,1280,720,minecraft:overworld,flashback_export_aligned
1,20260914-201742-flashback_export,flashback_export,550,33456217931200,70.377851776,-58.380000114,27.500324698,22.3512707,-8.4000111,0.014194830,0.978403091,-0.071849525,0.193296567,-0.924869895,-0.000000002,-0.380283713,0.055553064,0.989272356,-0.135107979,0.376204133,-0.146083221,-0.914948165,70.0000000,1280,720,minecraft:overworld,flashback_export_aligned
1,20260914-201742-flashback_export,flashback_export,551,33456236018600,70.444401381,-58.380000114,27.527681378,22.3512707,-8.4000111,0.014194830,0.978403091,-0.071849525,0.193296567,-0.924869895,-0.000000002,-0.380283713,0.055553064,0.989272356,-0.135107979,0.376204133,-0.146083221,-0.914948165,70.0000000,1280,720,minecraft:overworld,flashback_export_aligned
1,20260914-201742-flashback_export,flashback_export,552,33456258285300,70.510950982,-58.380000114,27.555038055,22.3512707,-8.4000111,0.014194830,0.978403091,-0.071849525,0.193296567,-0.924869895,-0.000000002,-0.380283713,0.055553064,0.989272356,-0.135107979,0.376204133,-0.146083221,-0.914948165,70.0000000,1280,720,minecraft:overworld,flashback_export_aligned
1,20260914-201742-flashback_export,flashback_export,553,33456278040700,70.577500587,-58.380000114,27.582394735,22.3512707,-8.4000111,0.014194830,0.978403091,-0.071849525,0.193296567,-0.924869895,-0.000000002,-0.380283713,0.055553064,0.989272356,-0.135107979,0.376204133,-0.146083221,-0.914948165,70.0000000,1280,720,minecraft:overworld,flashback_export_aligned
1,20260914-201742-flashback_export,flashback_export,554,33456297075400,70.644050193,-58.380000114,27.609751414,22.3512707,-8.4000111,0.014194830,0.978403091,-0.071849525,0.193296567,-0.924869895,-0.000000002,-0.380283713,0.055553064,0.989272356,-0.135107979,0.376204133,-0.146083221,-0.914948165,70.0000000,1280,720,minecraft:overworld,flashback_export_aligned
1,20260914-201742-flashback_export,flashback_export,555,33456318481700,70.710599792,-58.380000114,27.637108091,22.3512707,-8.4000111,0.014194830,0.978403091,-0.071849525,0.193296567,-0.924869895,-0.000000002,-0.380283713,0.055553064,0.989272356,-0.135107979,0.376204133,-0.146083221,-0.914948165,70.0000000,1280,720,minecraft:overworld,flashback_export_aligned
1,20260914-201742-flashback_export,flashback_export,556,33456336607900,70.777149398,-58.380000114,27.664464770,22.3512707,-8.4000111,0.014194830,0.978403091,-0.071849525,0.193296567,-0.924869895,-0.000000002,-0.380283713,0.055553064,0.989272356,-0.135107979,0.376204133,-0.146083221,-0.914948165,70.0000000,1280,720,minecraft:overworld,flashback_export_aligned
1,20260914-201742-flashback_export,flashback_export,557,33456354924100,70.843699004,-58.380000114,27.691821450,22.3512707,-8.4000111,0.014194830,0.978403091,-0.071849525,0.193296567,-0.924869895,-0.000000002,-0.380283713,0.055553064,0.989272356,-0.135107979,0.376204133,-0.146083221,-0.914948165,70.0000000,1280,720,minecraft:overworld,flashback_export_aligned
1,20260914-201742-flashback_export,flashback_export,558,33456374694300,70.910248602,-58.380000114,27.719178126,22.3512707,-8.4000111,0.014194830,0.978403091,-0.071849525,0.193296567,-0.924869895,-0.000000002,-0.380283713,0.055553064,0.989272356,-0.135107979,0.376204133,-0.146083221,-0.914948165,70.0000000,1280,720,minecraft:overworld,flashback_export_aligned
1,20260914-201742-flashback_export,flashback_export,559,33456394907500,70.976798208,-58.380000114,27.746534806,22.3512707,-8.4000111,0.014194830,0.978403091,-0.071849525,0.193296567,-0.924869895,-0.000000002,-0.380283713,0.055553064,0.989272356,-0.135107979,0.376204133,-0.146083221,-0.914948165,70.0000000,1280,720,minecraft:overworld,flashback_export_aligned
1,20260914-201742-flashback_export,flashback_export,560,33456414428900,71.043347814,-58.380000114,27.773891485,22.3512707,-8.4000111,0.014194830,0.978403091,-0.071849525,0.193296567,-0.924869895,-0.000000002,-0.380283713,0.055553064,0.989272356,-0.135107979,0.376204133,-0.146083221,-0.914948165,70.0000000,1280,720,minecraft:overworld,flashback_export_aligned
1,20260914-201742-flashback_export,flashback_export,561,33456436462800,71.109897413,-58.380000114,27.801248162,22.3512707,-8.4000111,0.014194830,0.978403091,-0.071849525,0.193296567,-0.924869895,-0.000000002,-0.380283713,0.055553064,0.989272356,-0.135107979,0.376204133,-0.146083221,-0.914948165,70.0000000,1280,720,minecraft:overworld,flashback_export_aligned
1,20260914-201742-flashback_export,flashback_export,562,33456456050400,71.176447018,-58.380000114,27.828604841,22.3512707,-8.4000111,0.014194830,0.978403091,-0.071849525,0.193296567,-0.924869895,-0.000000002,-0.380283713,0.055553064,0.989272356,-0.135107979,0.376204133,-0.146083221,-0.914948165,70.0000000,1280,720,minecraft:overworld,flashback_export_aligned
1,20260914-201742-flashback_export,flashback_export,563,33456475165000,71.242996623,-58.380000114,27.855961520,22.3512707,-8.4000111,0.014194830,0.978403091,-0.071849525,0.193296567,-0.924869895,-0.000000002,-0.380283713,0.055553064,0.989272356,-0.135107979,0.376204133,-0.146083221,-0.914948165,70.0000000,1280,720,minecraft:overworld,flashback_export_aligned
1,20260914-201742-flashback_export,flashback_export,564,33456500142700,71.309546223,-58.380000114,27.883318198,22.3512707,-8.4000111,0.014194830,0.978403091,-0.071849525,0.193296567,-0.924869895,-0.000000002,-0.380283713,0.055553064,0.989272356,-0.135107979,0.376204133,-0.146083221,-0.914948165,70.0000000,1280,720,minecraft:overworld,flashback_export_aligned
1,20260914-201742-flashback_export,flashback_export,565,33456520489400,71.376095830,-58.380000114,27.910674877,22.3512707,-8.4000111,0.014194830,0.978403091,-0.071849525,0.193296567,-0.924869895,-0.000000002,-0.380283713,0.055553064,0.989272356,-0.135107979,0.376204133,-0.146083221,-0.914948165,70.0000000,1280,720,minecraft:overworld,flashback_export_aligned
1,20260914-201742-flashback_export,flashback_export,566,33456539973800,71.442645436,-58.380000114,27.938031557,22.3512707,-8.4000111,0.014194830,0.978403091,-0.071849525,0.193296567,-0.924869895,-0.000000002,-0.380283713,0.055553064,0.989272356,-0.135107979,0.376204133,-0.146083221,-0.914948165,70.0000000,1280,720,minecraft:overworld,flashback_export_aligned
1,20260914-201742-flashback_export,flashback_export,567,33456565004200,71.509195034,-58.380000114,27.965388233,22.3512707,-8.4000111,0.014194830,0.978403091,-0.071849525,0.193296567,-0.924869895,-0.000000002,-0.380283713,0.055553064,0.989272356,-0.135107979,0.376204133,-0.146083221,-0.914948165,70.0000000,1280,720,minecraft:overworld,flashback_export_aligned
1,20260914-201742-flashback_export,flashback_export,568,33456585821700,71.575744639,-58.380000114,27.992744912,22.3512707,-8.4000111,0.014194830,0.978403091,-0.071849525,0.193296567,-0.924869895,-0.000000002,-0.380283713,0.055553064,0.989272356,-0.135107979,0.376204133,-0.146083221,-0.914948165,70.0000000,1280,720,minecraft:overworld,flashback_export_aligned
1,20260914-201742-flashback_export,flashback_export,569,33456607087200,71.642294243,-58.380000114,28.020101592,22.3512707,-8.4000111,0.014194830,0.978403091,-0.071849525,0.193296567,-0.924869895,-0.000000002,-0.380283713,0.055553064,0.989272356,-0.135107979,0.376204133,-0.146083221,-0.914948165,70.0000000,1280,720,minecraft:overworld,flashback_export_aligned
1,20260914-201742-flashback_export,flashback_export,570,33456631893600,71.708843844,-58.380000114,28.047458269,22.3512707,-8.4000111,0.014194830,0.978403091,-0.071849525,0.193296567,-0.924869895,-0.000000002,-0.380283713,0.055553064,0.989272356,-0.135107979,0.376204133,-0.146083221,-0.914948165,70.0000000,1280,720,minecraft:overworld,flashback_export_aligned
1,20260914-201742-flashback_export,flashback_export,571,33456652766400,71.775393448,-58.380000114,28.074814948,22.3512707,-8.4000111,0.014194830,0.978403091,-0.071849525,0.193296567,-0.924869895,-0.000000002,-0.380283713,0.055553064,0.989272356,-0.135107979,0.376204133,-0.146083221,-0.914948165,70.0000000,1280,720,minecraft:overworld,flashback_export_aligned
1,20260914-201742-flashback_export,flashback_export,572,33456675087300,71.841943052,-58.380000114,28.102171626,22.3512707,-8.4000111,0.014194830,0.978403091,-0.071849525,0.193296567,-0.924869895,-0.000000002,-0.380283713,0.055553064,0.989272356,-0.135107979,0.376204133,-0.146083221,-0.914948165,70.0000000,1280,720,minecraft:overworld,flashback_export_aligned
1,20260914-201742-flashback_export,flashback_export,573,33456705861400,71.908492655,-58.380000114,28.129528305,22.3512707,-8.4000111,0.014194830,0.978403091,-0.071849525,0.193296567,-0.924869895,-0.000000002,-0.380283713,0.055553064,0.989272356,-0.135107979,0.376204133,-0.146083221,-0.914948165,70.0000000,1280,720,minecraft:overworld,flashback_export_aligned
1,20260914-201742-flashback_export,flashback_export,574,33456731401400,71.975042260,-58.380000114,28.156884984,22.3512707,-8.4000111,0.014194830,0.978403091,-0.071849525,0.193296567,-0.924869895,-0.000000002,-0.380283713,0.055553064,0.989272356,-0.135107979,0.376204133,-0.146083221,-0.914948165,70.0000000,1280,720,minecraft:overworld,flashback_export_aligned
1,20260914-201742-flashback_export,flashback_export,575,33456754364000,72.041591864,-58.380000114,28.184241663,22.3512707,-8.4000111,0.014194830,0.978403091,-0.071849525,0.193296567,-0.924869895,-0.000000002,-0.380283713,0.055553064,0.989272356,-0.135107979,0.376204133,-0.146083221,-0.914948165,70.0000000,1280,720,minecraft:overworld,flashback_export_aligned
1,20260914-201742-flashback_export,flashback_export,576,33456775856000,72.108141465,-58.380000114,28.211598340,22.3512707,-8.4000111,0.014194830,0.978403091,-0.071849525,0.193296567,-0.924869895,-0.000000002,-0.380283713,0.055553064,0.989272356,-0.135107979,0.376204133,-0.146083221,-0.914948165,70.0000000,1280,720,minecraft:overworld,flashback_export_aligned
1,20260914-201742-flashback_export,flashback_export,577,33456796096100,72.174691071,-58.380000114,28.238955020,22.3512707,-8.4000111,0.014194830,0.978403091,-0.071849525,0.193296567,-0.924869895,-0.000000002,-0.380283713,0.055553064,0.989272356,-0.135107979,0.376204133,-0.146083221,-0.914948165,70.0000000,1280,720,minecraft:overworld,flashback_export_aligned
1,20260914-201742-flashback_export,flashback_export,578,33456815039500,72.241240677,-58.380000114,28.266311699,22.3512707,-8.4000111,0.014194830,0.978403091,-0.071849525,0.193296567,-0.924869895,-0.000000002,-0.380283713,0.055553064,0.989272356,-0.135107979,0.376204133,-0.146083221,-0.914948165,70.0000000,1280,720,minecraft:overworld,flashback_export_aligned
1,20260914-201742-flashback_export,flashback_export,579,33456835236600,72.307790276,-58.380000114,28.293668376,22.3512707,-8.4000111,0.014194830,0.978403091,-0.071849525,0.193296567,-0.924869895,-0.000000002,-0.380283713,0.055553064,0.989272356,-0.135107979,0.376204133,-0.146083221,-0.914948165,70.0000000,1280,720,minecraft:overworld,flashback_export_aligned
1,20260914-201742-flashback_export,flashback_export,580,33456855891100,72.374339881,-58.380000114,28.321025055,22.3512707,-8.4000111,0.014194830,0.978403091,-0.071849525,0.193296567,-0.924869895,-0.000000002,-0.380283713,0.055553064,0.989272356,-0.135107979,0.376204133,-0.146083221,-0.914948165,70.0000000,1280,720,minecraft:overworld,flashback_export_aligned
1,20260914-201742-flashback_export,flashback_export,581,33456874068000,72.440889487,-58.380000114,28.348381735,22.3512707,-8.4000111,0.014194830,0.978403091,-0.071849525,0.193296567,-0.924869895,-0.000000002,-0.380283713,0.055553064,0.989272356,-0.135107979,0.376204133,-0.146083221,-0.914948165,70.0000000,1280,720,minecraft:overworld,flashback_export_aligned
1,20260914-201742-flashback_export,flashback_export,582,33456897891800,72.507439086,-58.380000114,28.375738412,22.3512707,-8.4000111,0.014194830,0.978403091,-0.071849525,0.193296567,-0.924869895,-0.000000002,-0.380283713,0.055553064,0.989272356,-0.135107979,0.376204133,-0.146083221,-0.914948165,70.0000000,1280,720,minecraft:overworld,flashback_export_aligned
1,20260914-201742-flashback_export,flashback_export,583,33456916600200,72.573988690,-58.380000114,28.403095091,22.3512707,-8.4000111,0.014194830,0.978403091,-0.071849525,0.193296567,-0.924869895,-0.000000002,-0.380283713,0.055553064,0.989272356,-0.135107979,0.376204133,-0.146083221,-0.914948165,70.0000000,1280,720,minecraft:overworld,flashback_export_aligned
1,20260914-201742-flashback_export,flashback_export,584,33456934459000,72.640538295,-58.380000114,28.430451769,22.3512707,-8.4000111,0.014194830,0.978403091,-0.071849525,0.193296567,-0.924869895,-0.000000002,-0.380283713,0.055553064,0.989272356,-0.135107979,0.376204133,-0.146083221,-0.914948165,70.0000000,1280,720,minecraft:overworld,flashback_export_aligned
1,20260914-201742-flashback_export,flashback_export,585,33456954444800,72.707087897,-58.380000114,28.457808447,22.3512707,-8.4000111,0.014194830,0.978403091,-0.071849525,0.193296567,-0.924869895,-0.000000002,-0.380283713,0.055553064,0.989272356,-0.135107979,0.376204133,-0.146083221,-0.914948165,70.0000000,1280,720,minecraft:overworld,flashback_export_aligned
1,20260914-201742-flashback_export,flashback_export,586,33456973561100,72.773637501,-58.380000114,28.485165126,22.3512707,-8.4000111,0.014194830,0.978403091,-0.071849525,0.193296567,-0.924869895,-0.000000002,-0.380283713,0.055553064,0.989272356,-0.135107979,0.376204133,-0.146083221,-0.914948165,70.0000000,1280,720,minecraft:overworld,flashback_export_aligned
1,20260914-201742-flashback_export,flashback_export,587,33456992915000,72.840187105,-58.380000114,28.512521805,22.3512707,-8.4000111,0.014194830,0.978403091,-0.071849525,0.193296567,-0.924869895,-0.000000002,-0.380283713,0.055553064,0.989272356,-0.135107979,0.376204133,-0.146083221,-0.914948165,70.0000000,1280,720,minecraft:overworld,flashback_export_aligned
1,20260914-201742-flashback_export,flashback_export,588,33457016058700,72.906736707,-58.380000114,28.539878483,22.3512707,-8.4000111,0.014194830,0.978403091,-0.071849525,0.193296567,-0.924869895,-0.000000002,-0.380283713,0.055553064,0.989272356,-0.135107979,0.376204133,-0.146083221,-0.914948165,70.0000000,1280,720,minecraft:overworld,flashback_export_aligned
1,20260914-201742-flashback_export,flashback_export,589,33457034327100,72.973286311,-58.380000114,28.567235162,22.3512707,-8.4000111,0.014194830,0.978403091,-0.071849525,0.193296567,-0.924869895,-0.000000002,-0.380283713,0.055553064,0.989272356,-0.135107979,0.376204133,-0.146083221,-0.914948165,70.0000000,1280,720,minecraft:overworld,flashback_export_aligned
1,20260914-201742-flashback_export,flashback_export,590,33457052712800,73.039835916,-58.380000114,28.594591841,22.3512707,-8.4000111,0.014194830,0.978403091,-0.071849525,0.193296567,-0.924869895,-0.000000002,-0.380283713,0.055553064,0.989272356,-0.135107979,0.376204133,-0.146083221,-0.914948165,70.0000000,1280,720,minecraft:overworld,flashback_export_aligned
1,20260914-201742-flashback_export,flashback_export,591,33457081007300,73.106385518,-58.380000114,28.621948519,22.3512707,-8.4000111,0.014194830,0.978403091,-0.071849525,0.193296567,-0.924869895,-0.000000002,-0.380283713,0.055553064,0.989272356,-0.135107979,0.376204133,-0.146083221,-0.914948165,70.0000000,1280,720,minecraft:overworld,flashback_export_aligned
1,20260914-201742-flashback_export,flashback_export,592,33457099555000,73.172935122,-58.380000114,28.649305198,22.3512707,-8.4000111,0.014194830,0.978403091,-0.071849525,0.193296567,-0.924869895,-0.000000002,-0.380283713,0.055553064,0.989272356,-0.135107979,0.376204133,-0.146083221,-0.914948165,70.0000000,1280,720,minecraft:overworld,flashback_export_aligned
1,20260914-201742-flashback_export,flashback_export,593,33457124348200,73.239484726,-58.380000114,28.676661876,22.3512707,-8.4000111,0.014194830,0.978403091,-0.071849525,0.193296567,-0.924869895,-0.000000002,-0.380283713,0.055553064,0.989272356,-0.135107979,0.376204133,-0.146083221,-0.914948165,70.0000000,1280,720,minecraft:overworld,flashback_export_aligned
1,20260914-201742-flashback_export,flashback_export,594,33457148550000,73.306034328,-58.380000114,28.704018554,22.3512707,-8.4000111,0.014194830,0.978403091,-0.071849525,0.193296567,-0.924869895,-0.000000002,-0.380283713,0.055553064,0.989272356,-0.135107979,0.376204133,-0.146083221,-0.914948165,70.0000000,1280,720,minecraft:overworld,flashback_export_aligned
1,20260914-201742-flashback_export,flashback_export,595,33457168037100,73.372583931,-58.380000114,28.731375233,22.3512707,-8.4000111,0.014194830,0.978403091,-0.071849525,0.193296567,-0.924869895,-0.000000002,-0.380283713,0.055553064,0.989272356,-0.135107979,0.376204133,-0.146083221,-0.914948165,70.0000000,1280,720,minecraft:overworld,flashback_export_aligned
1,20260914-201742-flashback_export,flashback_export,596,33457187319100,73.439133534,-58.380000114,28.758731911,22.3512707,-8.4000111,0.014194830,0.978403091,-0.071849525,0.193296567,-0.924869895,-0.000000002,-0.380283713,0.055553064,0.989272356,-0.135107979,0.376204133,-0.146083221,-0.914948165,70.0000000,1280,720,minecraft:overworld,flashback_export_aligned
1,20260914-201742-flashback_export,flashback_export,597,33457207850600,73.505683139,-58.380000114,28.786088590,22.3512707,-8.4000111,0.014194830,0.978403091,-0.071849525,0.193296567,-0.924869895,-0.000000002,-0.380283713,0.055553064,0.989272356,-0.135107979,0.376204133,-0.146083221,-0.914948165,70.0000000,1280,720,minecraft:overworld,flashback_export_aligned
1,20260914-201742-flashback_export,flashback_export,598,33457227841100,73.572232743,-58.380000114,28.813445269,22.3512707,-8.4000111,0.014194830,0.978403091,-0.071849525,0.193296567,-0.924869895,-0.000000002,-0.380283713,0.055553064,0.989272356,-0.135107979,0.376204133,-0.146083221,-0.914948165,70.0000000,1280,720,minecraft:overworld,flashback_export_aligned
1,20260914-201742-flashback_export,flashback_export,599,33457246000900,73.638782347,-58.380000114,28.840801948,22.3512707,-8.4000111,0.014194830,0.978403091,-0.071849525,0.193296567,-0.924869895,-0.000000002,-0.380283713,0.055553064,0.989272356,-0.135107979,0.376204133,-0.146083221,-0.914948165,70.0000000,1280,720,minecraft:overworld,flashback_export_aligned
1,20260914-201742-flashback_export,flashback_export,600,33457251185600,73.705331949,-58.380000114,28.868158626,22.3512707,-8.4000111,0.014194830,0.978403091,-0.071849525,0.193296567,-0.924869895,-0.000000002,-0.380283713,0.055553064,0.989272356,-0.135107979,0.376204133,-0.146083221,-0.914948165,70.0000000,1280,720,minecraft:overworld,flashback_export_aligned
1,20260914-201742-flashback_export,flashback_export,601,33457283433500,73.771881558,-58.380000114,28.895515306,22.3512707,-8.4000111,0.014194830,0.978403091,-0.071849525,0.193296567,-0.924869895,-0.000000002,-0.380283713,0.055553064,0.989272356,-0.135107979,0.376204133,-0.146083221,-0.914948165,70.0000000,1280,720,minecraft:overworld,flashback_export_aligned
1,20260914-201742-flashback_export,flashback_export,602,33457303269100,73.838431167,-58.380000114,28.922871987,22.3512707,-8.4000111,0.014194830,0.978403091,-0.071849525,0.193296567,-0.924869895,-0.000000002,-0.380283713,0.055553064,0.989272356,-0.135107979,0.376204133,-0.146083221,-0.914948165,70.0000000,1280,720,minecraft:overworld,flashback_export_aligned
1,20260914-201742-flashback_export,flashback_export,603,33457325381200,73.904980759,-58.380000114,28.950228661,22.3512707,-8.4000111,0.014194830,0.978403091,-0.071849525,0.193296567,-0.924869895,-0.000000002,-0.380283713,0.055553064,0.989272356,-0.135107979,0.376204133,-0.146083221,-0.914948165,70.0000000,1280,720,minecraft:overworld,flashback_export_aligned
1,20260914-201742-flashback_export,flashback_export,604,33457343955500,73.971530366,-58.380000114,28.977585341,22.3512707,-8.4000111,0.014194830,0.978403091,-0.071849525,0.193296567,-0.924869895,-0.000000002,-0.380283713,0.055553064,0.989272356,-0.135107979,0.376204133,-0.146083221,-0.914948165,70.0000000,1280,720,minecraft:overworld,flashback_export_aligned
1,20260914-201742-flashback_export,flashback_export,605,33457365167600,74.038079972,-58.380000114,29.004942021,22.3512707,-8.4000111,0.014194830,0.978403091,-0.071849525,0.193296567,-0.924869895,-0.000000002,-0.380283713,0.055553064,0.989272356,-0.135107979,0.376204133,-0.146083221,-0.914948165,70.0000000,1280,720,minecraft:overworld,flashback_export_aligned
1,20260914-201742-flashback_export,flashback_export,606,33457386707100,74.104629570,-58.380000114,29.032298697,22.3512707,-8.4000111,0.014194830,0.978403091,-0.071849525,0.193296567,-0.924869895,-0.000000002,-0.380283713,0.055553064,0.989272356,-0.135107979,0.376204133,-0.146083221,-0.914948165,70.0000000,1280,720,minecraft:overworld,flashback_export_aligned
1,20260914-201742-flashback_export,flashback_export,607,33457405428400,74.171179173,-58.380000114,29.059655375,22.3512707,-8.4000111,0.014194830,0.978403091,-0.071849525,0.193296567,-0.924869895,-0.000000002,-0.380283713,0.055553064,0.989272356,-0.135107979,0.376204133,-0.146083221,-0.914948165,70.0000000,1280,720,minecraft:overworld,flashback_export_aligned
1,20260914-201742-flashback_export,flashback_export,608,33457423878300,74.237728775,-58.380000114,29.087012053,22.3512707,-8.4000111,0.014194830,0.978403091,-0.071849525,0.193296567,-0.924869895,-0.000000002,-0.380283713,0.055553064,0.989272356,-0.135107979,0.376204133,-0.146083221,-0.914948165,70.0000000,1280,720,minecraft:overworld,flashback_export_aligned
1,20260914-201742-flashback_export,flashback_export,609,33457445066500,74.304278380,-58.380000114,29.114368733,22.3512707,-8.4000111,0.014194830,0.978403091,-0.071849525,0.193296567,-0.924869895,-0.000000002,-0.380283713,0.055553064,0.989272356,-0.135107979,0.376204133,-0.146083221,-0.914948165,70.0000000,1280,720,minecraft:overworld,flashback_export_aligned
1,20260914-201742-flashback_export,flashback_export,610,33457465924000,74.370827988,-58.380000114,29.141725413,22.3512707,-8.4000111,0.014194830,0.978403091,-0.071849525,0.193296567,-0.924869895,-0.000000002,-0.380283713,0.055553064,0.989272356,-0.135107979,0.376204133,-0.146083221,-0.914948165,70.0000000,1280,720,minecraft:overworld,flashback_export_aligned
1,20260914-201742-flashback_export,flashback_export,611,33457485146200,74.437377595,-58.380000114,29.169082093,22.3512707,-8.4000111,0.014194830,0.978403091,-0.071849525,0.193296567,-0.924869895,-0.000000002,-0.380283713,0.055553064,0.989272356,-0.135107979,0.376204133,-0.146083221,-0.914948165,70.0000000,1280,720,minecraft:overworld,flashback_export_aligned
1,20260914-201742-flashback_export,flashback_export,612,33457506550500,74.503927191,-58.380000114,29.196438768,22.3512707,-8.4000111,0.014194830,0.978403091,-0.071849525,0.193296567,-0.924869895,-0.000000002,-0.380283713,0.055553064,0.989272356,-0.135107979,0.376204133,-0.146083221,-0.914948165,70.0000000,1280,720,minecraft:overworld,flashback_export_aligned
1,20260914-201742-flashback_export,flashback_export,613,33457525559800,74.570476798,-58.380000114,29.223795449,22.3512707,-8.4000111,0.014194830,0.978403091,-0.071849525,0.193296567,-0.924869895,-0.000000002,-0.380283713,0.055553064,0.989272356,-0.135107979,0.376204133,-0.146083221,-0.914948165,70.0000000,1280,720,minecraft:overworld,flashback_export_aligned
1,20260914-201742-flashback_export,flashback_export,614,33457531460800,74.637026406,-58.380000114,29.251152129,22.3512707,-8.4000111,0.014194830,0.978403091,-0.071849525,0.193296567,-0.924869895,-0.000000002,-0.380283713,0.055553064,0.989272356,-0.135107979,0.376204133,-0.146083221,-0.914948165,70.0000000,1280,720,minecraft:overworld,flashback_export_aligned
1,20260914-201742-flashback_export,flashback_export,615,33457566945800,74.703576001,-58.380000114,29.278508804,22.3512707,-8.4000111,0.014194830,0.978403091,-0.071849525,0.193296567,-0.924869895,-0.000000002,-0.380283713,0.055553064,0.989272356,-0.135107979,0.376204133,-0.146083221,-0.914948165,70.0000000,1280,720,minecraft:overworld,flashback_export_aligned
1,20260914-201742-flashback_export,flashback_export,616,33457586436300,74.770125607,-58.380000114,29.305865483,22.3512707,-8.4000111,0.014194830,0.978403091,-0.071849525,0.193296567,-0.924869895,-0.000000002,-0.380283713,0.055553064,0.989272356,-0.135107979,0.376204133,-0.146083221,-0.914948165,70.0000000,1280,720,minecraft:overworld,flashback_export_aligned
1,20260914-201742-flashback_export,flashback_export,617,33457609131700,74.836675212,-58.380000114,29.333222163,22.3512707,-8.4000111,0.014194830,0.978403091,-0.071849525,0.193296567,-0.924869895,-0.000000002,-0.380283713,0.055553064,0.989272356,-0.135107979,0.376204133,-0.146083221,-0.914948165,70.0000000,1280,720,minecraft:overworld,flashback_export_aligned
1,20260914-201742-flashback_export,flashback_export,618,33457634938400,74.903224812,-58.380000114,29.360578840,22.3512707,-8.4000111,0.014194830,0.978403091,-0.071849525,0.193296567,-0.924869895,-0.000000002,-0.380283713,0.055553064,0.989272356,-0.135107979,0.376204133,-0.146083221,-0.914948165,70.0000000,1280,720,minecraft:overworld,flashback_export_aligned
1,20260914-201742-flashback_export,flashback_export,619,33457660689700,74.969774414,-58.380000114,29.387935518,22.3512707,-8.4000111,0.014194830,0.978403091,-0.071849525,0.193296567,-0.924869895,-0.000000002,-0.380283713,0.055553064,0.989272356,-0.135107979,0.376204133,-0.146083221,-0.914948165,70.0000000,1280,720,minecraft:overworld,flashback_export_aligned
1,20260914-201742-flashback_export,flashback_export,620,33457683099300,75.036324017,-58.380000114,29.415292196,22.3512707,-8.4000111,0.014194830,0.978403091,-0.071849525,0.193296567,-0.924869895,-0.000000002,-0.380283713,0.055553064,0.989272356,-0.135107979,0.376204133,-0.146083221,-0.914948165,70.0000000,1280,720,minecraft:overworld,flashback_export_aligned
1,20260914-201742-flashback_export,flashback_export,621,33457710501300,75.102873622,-58.380000114,29.442648875,22.3512707,-8.4000111,0.014194830,0.978403091,-0.071849525,0.193296567,-0.924869895,-0.000000002,-0.380283713,0.055553064,0.989272356,-0.135107979,0.376204133,-0.146083221,-0.914948165,70.0000000,1280,720,minecraft:overworld,flashback_export_aligned
1,20260914-201742-flashback_export,flashback_export,622,33457734999000,75.169423227,-58.380000114,29.470005554,22.3512707,-8.4000111,0.014194830,0.978403091,-0.071849525,0.193296567,-0.924869895,-0.000000002,-0.380283713,0.055553064,0.989272356,-0.135107979,0.376204133,-0.146083221,-0.914948165,70.0000000,1280,720,minecraft:overworld,flashback_export_aligned
1,20260914-201742-flashback_export,flashback_export,623,33457757834700,75.235972831,-58.380000114,29.497362233,22.3512707,-8.4000111,0.014194830,0.978403091,-0.071849525,0.193296567,-0.924869895,-0.000000002,-0.380283713,0.055553064,0.989272356,-0.135107979,0.376204133,-0.146083221,-0.914948165,70.0000000,1280,720,minecraft:overworld,flashback_export_aligned
1,20260914-201742-flashback_export,flashback_export,624,33457782724100,75.302522433,-58.380000114,29.524718911,22.3512707,-8.4000111,0.014194830,0.978403091,-0.071849525,0.193296567,-0.924869895,-0.000000002,-0.380283713,0.055553064,0.989272356,-0.135107979,0.376204133,-0.146083221,-0.914948165,70.0000000,1280,720,minecraft:overworld,flashback_export_aligned
1,20260914-201742-flashback_export,flashback_export,625,33457802430900,75.369072037,-58.380000114,29.552075590,22.3512707,-8.4000111,0.014194830,0.978403091,-0.071849525,0.193296567,-0.924869895,-0.000000002,-0.380283713,0.055553064,0.989272356,-0.135107979,0.376204133,-0.146083221,-0.914948165,70.0000000,1280,720,minecraft:overworld,flashback_export_aligned
1,20260914-201742-flashback_export,flashback_export,626,33457823503400,75.435621641,-58.380000114,29.579432269,22.3512707,-8.4000111,0.014194830,0.978403091,-0.071849525,0.193296567,-0.924869895,-0.000000002,-0.380283713,0.055553064,0.989272356,-0.135107979,0.376204133,-0.146083221,-0.914948165,70.0000000,1280,720,minecraft:overworld,flashback_export_aligned
1,20260914-201742-flashback_export,flashback_export,627,33457849207300,75.502171243,-58.380000114,29.606788947,22.3512707,-8.4000111,0.014194830,0.978403091,-0.071849525,0.193296567,-0.924869895,-0.000000002,-0.380283713,0.055553064,0.989272356,-0.135107979,0.376204133,-0.146083221,-0.914948165,70.0000000,1280,720,minecraft:overworld,flashback_export_aligned
1,20260914-201742-flashback_export,flashback_export,628,33457870401300,75.568720848,-58.380000114,29.634145626,22.3512707,-8.4000111,0.014194830,0.978403091,-0.071849525,0.193296567,-0.924869895,-0.000000002,-0.380283713,0.055553064,0.989272356,-0.135107979,0.376204133,-0.146083221,-0.914948165,70.0000000,1280,720,minecraft:overworld,flashback_export_aligned
1,20260914-201742-flashback_export,flashback_export,629,33457890977900,75.635270453,-58.380000114,29.661502305,22.3512707,-8.4000111,0.014194830,0.978403091,-0.071849525,0.193296567,-0.924869895,-0.000000002,-0.380283713,0.055553064,0.989272356,-0.135107979,0.376204133,-0.146083221,-0.914948165,70.0000000,1280,720,minecraft:overworld,flashback_export_aligned
1,20260914-201742-flashback_export,flashback_export,630,33457918100700,75.701820054,-58.380000114,29.688858982,22.3512707,-8.4000111,0.014194830,0.978403091,-0.071849525,0.193296567,-0.924869895,-0.000000002,-0.380283713,0.055553064,0.989272356,-0.135107979,0.376204133,-0.146083221,-0.914948165,70.0000000,1280,720,minecraft:overworld,flashback_export_aligned
1,20260914-201742-flashback_export,flashback_export,631,33457939479700,75.768369658,-58.380000114,29.716215661,22.3512707,-8.4000111,0.014194830,0.978403091,-0.071849525,0.193296567,-0.924869895,-0.000000002,-0.380283713,0.055553064,0.989272356,-0.135107979,0.376204133,-0.146083221,-0.914948165,70.0000000,1280,720,minecraft:overworld,flashback_export_aligned
1,20260914-201742-flashback_export,flashback_export,632,33457960312600,75.834919263,-58.380000114,29.743572340,22.3512707,-8.4000111,0.014194830,0.978403091,-0.071849525,0.193296567,-0.924869895,-0.000000002,-0.380283713,0.055553064,0.989272356,-0.135107979,0.376204133,-0.146083221,-0.914948165,70.0000000,1280,720,minecraft:overworld,flashback_export_aligned
1,20260914-201742-flashback_export,flashback_export,633,33457983664100,75.901468864,-58.380000114,29.770929018,22.3512707,-8.4000111,0.014194830,0.978403091,-0.071849525,0.193296567,-0.924869895,-0.000000002,-0.380283713,0.055553064,0.989272356,-0.135107979,0.376204133,-0.146083221,-0.914948165,70.0000000,1280,720,minecraft:overworld,flashback_export_aligned
1,20260914-201742-flashback_export,flashback_export,634,33458002669500,75.968018470,-58.380000114,29.798285697,22.3512707,-8.4000111,0.014194830,0.978403091,-0.071849525,0.193296567,-0.924869895,-0.000000002,-0.380283713,0.055553064,0.989272356,-0.135107979,0.376204133,-0.146083221,-0.914948165,70.0000000,1280,720,minecraft:overworld,flashback_export_aligned
1,20260914-201742-flashback_export,flashback_export,635,33458022194000,76.034568076,-58.380000114,29.825642377,22.3512707,-8.4000111,0.014194830,0.978403091,-0.071849525,0.193296567,-0.924869895,-0.000000002,-0.380283713,0.055553064,0.989272356,-0.135107979,0.376204133,-0.146083221,-0.914948165,70.0000000,1280,720,minecraft:overworld,flashback_export_aligned
1,20260914-201742-flashback_export,flashback_export,636,33458046536300,76.101117675,-58.380000114,29.852999054,22.3512707,-8.4000111,0.014194830,0.978403091,-0.071849525,0.193296567,-0.924869895,-0.000000002,-0.380283713,0.055553064,0.989272356,-0.135107979,0.376204133,-0.146083221,-0.914948165,70.0000000,1280,720,minecraft:overworld,flashback_export_aligned
1,20260914-201742-flashback_export,flashback_export,637,33458065930600,76.167667279,-58.380000114,29.880355733,22.3512707,-8.4000111,0.014194830,0.978403091,-0.071849525,0.193296567,-0.924869895,-0.000000002,-0.380283713,0.055553064,0.989272356,-0.135107979,0.376204133,-0.146083221,-0.914948165,70.0000000,1280,720,minecraft:overworld,flashback_export_aligned
1,20260914-201742-flashback_export,flashback_export,638,33458085946900,76.234216884,-58.380000114,29.907712412,22.3512707,-8.4000111,0.014194830,0.978403091,-0.071849525,0.193296567,-0.924869895,-0.000000002,-0.380283713,0.055553064,0.989272356,-0.135107979,0.376204133,-0.146083221,-0.914948165,70.0000000,1280,720,minecraft:overworld,flashback_export_aligned
1,20260914-201742-flashback_export,flashback_export,639,33458107544400,76.300766485,-58.380000114,29.935069089,22.3512707,-8.4000111,0.014194830,0.978403091,-0.071849525,0.193296567,-0.924869895,-0.000000002,-0.380283713,0.055553064,0.989272356,-0.135107979,0.376204133,-0.146083221,-0.914948165,70.0000000,1280,720,minecraft:overworld,flashback_export_aligned
1,20260914-201742-flashback_export,flashback_export,640,33458132930800,76.367316091,-58.380000114,29.962425769,22.3512707,-8.4000111,0.014194830,0.978403091,-0.071849525,0.193296567,-0.924869895,-0.000000002,-0.380283713,0.055553064,0.989272356,-0.135107979,0.376204133,-0.146083221,-0.914948165,70.0000000,1280,720,minecraft:overworld,flashback_export_aligned
1,20260914-201742-flashback_export,flashback_export,641,33458155769800,76.433865697,-58.380000114,29.989782448,22.3512707,-8.4000111,0.014194830,0.978403091,-0.071849525,0.193296567,-0.924869895,-0.000000002,-0.380283713,0.055553064,0.989272356,-0.135107979,0.376204133,-0.146083221,-0.914948165,70.0000000,1280,720,minecraft:overworld,flashback_export_aligned
1,20260914-201742-flashback_export,flashback_export,642,33458180100500,76.500415296,-58.380000114,30.017139125,22.3512707,-8.4000111,0.014194830,0.978403091,-0.071849525,0.193296567,-0.924869895,-0.000000002,-0.380283713,0.055553064,0.989272356,-0.135107979,0.376204133,-0.146083221,-0.914948165,70.0000000,1280,720,minecraft:overworld,flashback_export_aligned
1,20260914-201742-flashback_export,flashback_export,643,33458201814800,76.566964901,-58.380000114,30.044495804,22.3512707,-8.4000111,0.014194830,0.978403091,-0.071849525,0.193296567,-0.924869895,-0.000000002,-0.380283713,0.055553064,0.989272356,-0.135107979,0.376204133,-0.146083221,-0.914948165,70.0000000,1280,720,minecraft:overworld,flashback_export_aligned
1,20260914-201742-flashback_export,flashback_export,644,33458222019800,76.633514507,-58.380000114,30.071852484,22.3512707,-8.4000111,0.014194830,0.978403091,-0.071849525,0.193296567,-0.924869895,-0.000000002,-0.380283713,0.055553064,0.989272356,-0.135107979,0.376204133,-0.146083221,-0.914948165,70.0000000,1280,720,minecraft:overworld,flashback_export_aligned
1,20260914-201742-flashback_export,flashback_export,645,33458245911300,76.700064106,-58.380000114,30.099209161,22.3512707,-8.4000111,0.014194830,0.978403091,-0.071849525,0.193296567,-0.924869895,-0.000000002,-0.380283713,0.055553064,0.989272356,-0.135107979,0.376204133,-0.146083221,-0.914948165,70.0000000,1280,720,minecraft:overworld,flashback_export_aligned
1,20260914-201742-flashback_export,flashback_export,646,33458267805200,76.766613712,-58.380000114,30.126565840,22.3512707,-8.4000111,0.014194830,0.978403091,-0.071849525,0.193296567,-0.924869895,-0.000000002,-0.380283713,0.055553064,0.989272356,-0.135107979,0.376204133,-0.146083221,-0.914948165,70.0000000,1280,720,minecraft:overworld,flashback_export_aligned
1,20260914-201742-flashback_export,flashback_export,647,33458287646200,76.833163318,-58.380000114,30.153922520,22.3512707,-8.4000111,0.014194830,0.978403091,-0.071849525,0.193296567,-0.924869895,-0.000000002,-0.380283713,0.055553064,0.989272356,-0.135107979,0.376204133,-0.146083221,-0.914948165,70.0000000,1280,720,minecraft:overworld,flashback_export_aligned
1,20260914-201742-flashback_export,flashback_export,648,33458308829100,76.899712916,-58.380000114,30.181279196,22.3512707,-8.4000111,0.014194830,0.978403091,-0.071849525,0.193296567,-0.924869895,-0.000000002,-0.380283713,0.055553064,0.989272356,-0.135107979,0.376204133,-0.146083221,-0.914948165,70.0000000,1280,720,minecraft:overworld,flashback_export_aligned
1,20260914-201742-flashback_export,flashback_export,649,33458329245000,76.966262521,-58.380000114,30.208635875,22.3512707,-8.4000111,0.014194830,0.978403091,-0.071849525,0.193296567,-0.924869895,-0.000000002,-0.380283713,0.055553064,0.989272356,-0.135107979,0.376204133,-0.146083221,-0.914948165,70.0000000,1280,720,minecraft:overworld,flashback_export_aligned
1,20260914-201742-flashback_export,flashback_export,650,33458348170400,77.032812126,-58.380000114,30.235992554,22.3512707,-8.4000111,0.014194830,0.978403091,-0.071849525,0.193296567,-0.924869895,-0.000000002,-0.380283713,0.055553064,0.989272356,-0.135107979,0.376204133,-0.146083221,-0.914948165,70.0000000,1280,720,minecraft:overworld,flashback_export_aligned
1,20260914-201742-flashback_export,flashback_export,651,33458368144000,77.099361727,-58.380000114,30.263349232,22.3512707,-8.4000111,0.014194830,0.978403091,-0.071849525,0.193296567,-0.924869895,-0.000000002,-0.380283713,0.055553064,0.989272356,-0.135107979,0.376204133,-0.146083221,-0.914948165,70.0000000,1280,720,minecraft:overworld,flashback_export_aligned
1,20260914-201742-flashback_export,flashback_export,652,33458387539800,77.165911331,-58.380000114,30.290705911,22.3512707,-8.4000111,0.014194830,0.978403091,-0.071849525,0.193296567,-0.924869895,-0.000000002,-0.380283713,0.055553064,0.989272356,-0.135107979,0.376204133,-0.146083221,-0.914948165,70.0000000,1280,720,minecraft:overworld,flashback_export_aligned
1,20260914-201742-flashback_export,flashback_export,653,33458407716300,77.232460934,-58.380000114,30.318062589,22.3512707,-8.4000111,0.014194830,0.978403091,-0.071849525,0.193296567,-0.924869895,-0.000000002,-0.380283713,0.055553064,0.989272356,-0.135107979,0.376204133,-0.146083221,-0.914948165,70.0000000,1280,720,minecraft:overworld,flashback_export_aligned
1,20260914-201742-flashback_export,flashback_export,654,33458432852200,77.299010537,-58.380000114,30.345419268,22.3512707,-8.4000111,0.014194830,0.978403091,-0.071849525,0.193296567,-0.924869895,-0.000000002,-0.380283713,0.055553064,0.989272356,-0.135107979,0.376204133,-0.146083221,-0.914948165,70.0000000,1280,720,minecraft:overworld,flashback_export_aligned
1,20260914-201742-flashback_export,flashback_export,655,33458451211900,77.365560143,-58.380000114,30.372775947,22.3512707,-8.4000111,0.014194830,0.978403091,-0.071849525,0.193296567,-0.924869895,-0.000000002,-0.380283713,0.055553064,0.989272356,-0.135107979,0.376204133,-0.146083221,-0.914948165,70.0000000,1280,720,minecraft:overworld,flashback_export_aligned
1,20260914-201742-flashback_export,flashback_export,656,33458469571200,77.432109749,-58.380000114,30.400132627,22.3512707,-8.4000111,0.014194830,0.978403091,-0.071849525,0.193296567,-0.924869895,-0.000000002,-0.380283713,0.055553064,0.989272356,-0.135107979,0.376204133,-0.146083221,-0.914948165,70.0000000,1280,720,minecraft:overworld,flashback_export_aligned
1,20260914-201742-flashback_export,flashback_export,657,33458490436500,77.498659348,-58.380000114,30.427489303,22.3512707,-8.4000111,0.014194830,0.978403091,-0.071849525,0.193296567,-0.924869895,-0.000000002,-0.380283713,0.055553064,0.989272356,-0.135107979,0.376204133,-0.146083221,-0.914948165,70.0000000,1280,720,minecraft:overworld,flashback_export_aligned
1,20260914-201742-flashback_export,flashback_export,658,33458510888700,77.565208955,-58.380000114,30.454845983,22.3512707,-8.4000111,0.014194830,0.978403091,-0.071849525,0.193296567,-0.924869895,-0.000000002,-0.380283713,0.055553064,0.989272356,-0.135107979,0.376204133,-0.146083221,-0.914948165,70.0000000,1280,720,minecraft:overworld,flashback_export_aligned
1,20260914-201742-flashback_export,flashback_export,659,33458516279900,77.631758563,-58.380000114,30.482202664,22.3512707,-8.4000111,0.014194830,0.978403091,-0.071849525,0.193296567,-0.924869895,-0.000000002,-0.380283713,0.055553064,0.989272356,-0.135107979,0.376204133,-0.146083221,-0.914948165,70.0000000,1280,720,minecraft:overworld,flashback_export_aligned
1,20260914-201742-flashback_export,flashback_export,660,33458551497500,77.698308158,-58.380000114,30.509559339,22.3512707,-8.4000111,0.014194830,0.978403091,-0.071849525,0.193296567,-0.924869895,-0.000000002,-0.380283713,0.055553064,0.989272356,-0.135107979,0.376204133,-0.146083221,-0.914948165,70.0000000,1280,720,minecraft:overworld,flashback_export_aligned
1,20260914-201742-flashback_export,flashback_export,661,33458573023700,77.764857763,-58.380000114,30.536916018,22.3512707,-8.4000111,0.014194830,0.978403091,-0.071849525,0.193296567,-0.924869895,-0.000000002,-0.380283713,0.055553064,0.989272356,-0.135107979,0.376204133,-0.146083221,-0.914948165,70.0000000,1280,720,minecraft:overworld,flashback_export_aligned
1,20260914-201742-flashback_export,flashback_export,662,33458593562100,77.831407367,-58.380000114,30.564272697,22.3512707,-8.4000111,0.014194830,0.978403091,-0.071849525,0.193296567,-0.924869895,-0.000000002,-0.380283713,0.055553064,0.989272356,-0.135107979,0.376204133,-0.146083221,-0.914948165,70.0000000,1280,720,minecraft:overworld,flashback_export_aligned
1,20260914-201742-flashback_export,flashback_export,663,33458618577600,77.897956969,-58.380000114,30.591629375,22.3512707,-8.4000111,0.014194830,0.978403091,-0.071849525,0.193296567,-0.924869895,-0.000000002,-0.380283713,0.055553064,0.989272356,-0.135107979,0.376204133,-0.146083221,-0.914948165,70.0000000,1280,720,minecraft:overworld,flashback_export_aligned
1,20260914-201742-flashback_export,flashback_export,664,33458639111700,77.964506575,-58.380000114,30.618986054,22.3512707,-8.4000111,0.014194830,0.978403091,-0.071849525,0.193296567,-0.924869895,-0.000000002,-0.380283713,0.055553064,0.989272356,-0.135107979,0.376204133,-0.146083221,-0.914948165,70.0000000,1280,720,minecraft:overworld,flashback_export_aligned
1,20260914-201742-flashback_export,flashback_export,665,33458659580200,78.031056181,-58.380000114,30.646342734,22.3512707,-8.4000111,0.014194830,0.978403091,-0.071849525,0.193296567,-0.924869895,-0.000000002,-0.380283713,0.055553064,0.989272356,-0.135107979,0.376204133,-0.146083221,-0.914948165,70.0000000,1280,720,minecraft:overworld,flashback_export_aligned
1,20260914-201742-flashback_export,flashback_export,666,33458683068400,78.097605779,-58.380000114,30.673699410,22.3512707,-8.4000111,0.014194830,0.978403091,-0.071849525,0.193296567,-0.924869895,-0.000000002,-0.380283713,0.055553064,0.989272356,-0.135107979,0.376204133,-0.146083221,-0.914948165,70.0000000,1280,720,minecraft:overworld,flashback_export_aligned
1,20260914-201742-flashback_export,flashback_export,667,33458702521300,78.164155385,-58.380000114,30.701056090,22.3512707,-8.4000111,0.014194830,0.978403091,-0.071849525,0.193296567,-0.924869895,-0.000000002,-0.380283713,0.055553064,0.989272356,-0.135107979,0.376204133,-0.146083221,-0.914948165,70.0000000,1280,720,minecraft:overworld,flashback_export_aligned
1,20260914-201742-flashback_export,flashback_export,668,33458721711900,78.230704990,-58.380000114,30.728412769,22.3512707,-8.4000111,0.014194830,0.978403091,-0.071849525,0.193296567,-0.924869895,-0.000000002,-0.380283713,0.055553064,0.989272356,-0.135107979,0.376204133,-0.146083221,-0.914948165,70.0000000,1280,720,minecraft:overworld,flashback_export_aligned
1,20260914-201742-flashback_export,flashback_export,669,33458742921000,78.297254590,-58.380000114,30.755769446,22.3512707,-8.4000111,0.014194830,0.978403091,-0.071849525,0.193296567,-0.924869895,-0.000000002,-0.380283713,0.055553064,0.989272356,-0.135107979,0.376204133,-0.146083221,-0.914948165,70.0000000,1280,720,minecraft:overworld,flashback_export_aligned
1,20260914-201742-flashback_export,flashback_export,670,33458765805100,78.363804194,-58.380000114,30.783126125,22.3512707,-8.4000111,0.014194830,0.978403091,-0.071849525,0.193296567,-0.924869895,-0.000000002,-0.380283713,0.055553064,0.989272356,-0.135107979,0.376204133,-0.146083221,-0.914948165,70.0000000,1280,720,minecraft:overworld,flashback_export_aligned
1,20260914-201742-flashback_export,flashback_export,671,33458784839300,78.430353798,-58.380000114,30.810482804,22.3512707,-8.4000111,0.014194830,0.978403091,-0.071849525,0.193296567,-0.924869895,-0.000000002,-0.380283713,0.055553064,0.989272356,-0.135107979,0.376204133,-0.146083221,-0.914948165,70.0000000,1280,720,minecraft:overworld,flashback_export_aligned
1,20260914-201742-flashback_export,flashback_export,672,33458806695100,78.496903400,-58.380000114,30.837839482,22.3512707,-8.4000111,0.014194830,0.978403091,-0.071849525,0.193296567,-0.924869895,-0.000000002,-0.380283713,0.055553064,0.989272356,-0.135107979,0.376204133,-0.146083221,-0.914948165,70.0000000,1280,720,minecraft:overworld,flashback_export_aligned
1,20260914-201742-flashback_export,flashback_export,673,33458826038400,78.563453006,-58.380000114,30.865196161,22.3512707,-8.4000111,0.014194830,0.978403091,-0.071849525,0.193296567,-0.924869895,-0.000000002,-0.380283713,0.055553064,0.989272356,-0.135107979,0.376204133,-0.146083221,-0.914948165,70.0000000,1280,720,minecraft:overworld,flashback_export_aligned
1,20260914-201742-flashback_export,flashback_export,674,33458830867000,78.630002611,-58.380000114,30.892552840,22.3512707,-8.4000111,0.014194830,0.978403091,-0.071849525,0.193296567,-0.924869895,-0.000000002,-0.380283713,0.055553064,0.989272356,-0.135107979,0.376204133,-0.146083221,-0.914948165,70.0000000,1280,720,minecraft:overworld,flashback_export_aligned
1,20260914-201742-flashback_export,flashback_export,675,33458869041400,78.696552211,-58.380000114,30.919909517,22.3512707,-8.4000111,0.014194830,0.978403091,-0.071849525,0.193296567,-0.924869895,-0.000000002,-0.380283713,0.055553064,0.989272356,-0.135107979,0.376204133,-0.146083221,-0.914948165,70.0000000,1280,720,minecraft:overworld,flashback_export_aligned
1,20260914-201742-flashback_export,flashback_export,676,33458888645000,78.763101820,-58.380000114,30.947266198,22.3512707,-8.4000111,0.014194830,0.978403091,-0.071849525,0.193296567,-0.924869895,-0.000000002,-0.380283713,0.055553064,0.989272356,-0.135107979,0.376204133,-0.146083221,-0.914948165,70.0000000,1280,720,minecraft:overworld,flashback_export_aligned
1,20260914-201742-flashback_export,flashback_export,677,33458907598200,78.829651429,-58.380000114,30.974622879,22.3512707,-8.4000111,0.014194830,0.978403091,-0.071849525,0.193296567,-0.924869895,-0.000000002,-0.380283713,0.055553064,0.989272356,-0.135107979,0.376204133,-0.146083221,-0.914948165,70.0000000,1280,720,minecraft:overworld,flashback_export_aligned
1,20260914-201742-flashback_export,flashback_export,678,33458930388300,78.896201021,-58.380000114,31.001979553,22.3512707,-8.4000111,0.014194830,0.978403091,-0.071849525,0.193296567,-0.924869895,-0.000000002,-0.380283713,0.055553064,0.989272356,-0.135107979,0.376204133,-0.146083221,-0.914948165,70.0000000,1280,720,minecraft:overworld,flashback_export_aligned
1,20260914-201742-flashback_export,flashback_export,679,33458950132700,78.962750630,-58.380000114,31.029336234,22.3512707,-8.4000111,0.014194830,0.978403091,-0.071849525,0.193296567,-0.924869895,-0.000000002,-0.380283713,0.055553064,0.989272356,-0.135107979,0.376204133,-0.146083221,-0.914948165,70.0000000,1280,720,minecraft:overworld,flashback_export_aligned
1,20260914-201742-flashback_export,flashback_export,680,33458969519700,79.029300240,-58.380000114,31.056692915,22.3512707,-8.4000111,0.014194830,0.978403091,-0.071849525,0.193296567,-0.924869895,-0.000000002,-0.380283713,0.055553064,0.989272356,-0.135107979,0.376204133,-0.146083221,-0.914948165,70.0000000,1280,720,minecraft:overworld,flashback_export_aligned
1,20260914-201742-flashback_export,flashback_export,681,33458991971700,79.095849832,-58.380000114,31.084049589,22.3512707,-8.4000111,0.014194830,0.978403091,-0.071849525,0.193296567,-0.924869895,-0.000000002,-0.380283713,0.055553064,0.989272356,-0.135107979,0.376204133,-0.146083221,-0.914948165,70.0000000,1280,720,minecraft:overworld,flashback_export_aligned
1,20260914-201742-flashback_export,flashback_export,682,33459011102600,79.162399441,-58.380000114,31.111406269,22.3512707,-8.4000111,0.014194830,0.978403091,-0.071849525,0.193296567,-0.924869895,-0.000000002,-0.380283713,0.055553064,0.989272356,-0.135107979,0.376204133,-0.146083221,-0.914948165,70.0000000,1280,720,minecraft:overworld,flashback_export_aligned
1,20260914-201742-flashback_export,flashback_export,683,33459032430000,79.228949050,-58.380000114,31.138762950,22.3512707,-8.4000111,0.014194830,0.978403091,-0.071849525,0.193296567,-0.924869895,-0.000000002,-0.380283713,0.055553064,0.989272356,-0.135107979,0.376204133,-0.146083221,-0.914948165,70.0000000,1280,720,minecraft:overworld,flashback_export_aligned
1,20260914-201742-flashback_export,flashback_export,684,33459053922900,79.295498642,-58.380000114,31.166119624,22.3512707,-8.4000111,0.014194830,0.978403091,-0.071849525,0.193296567,-0.924869895,-0.000000002,-0.380283713,0.055553064,0.989272356,-0.135107979,0.376204133,-0.146083221,-0.914948165,70.0000000,1280,720,minecraft:overworld,flashback_export_aligned
1,20260914-201742-flashback_export,flashback_export,685,33459073345100,79.362048251,-58.380000114,31.193476305,22.3512707,-8.4000111,0.014194830,0.978403091,-0.071849525,0.193296567,-0.924869895,-0.000000002,-0.380283713,0.055553064,0.989272356,-0.135107979,0.376204133,-0.146083221,-0.914948165,70.0000000,1280,720,minecraft:overworld,flashback_export_aligned
1,20260914-201742-flashback_export,flashback_export,686,33459093904000,79.428597860,-58.380000114,31.220832986,22.3512707,-8.4000111,0.014194830,0.978403091,-0.071849525,0.193296567,-0.924869895,-0.000000002,-0.380283713,0.055553064,0.989272356,-0.135107979,0.376204133,-0.146083221,-0.914948165,70.0000000,1280,720,minecraft:overworld,flashback_export_aligned
1,20260914-201742-flashback_export,flashback_export,687,33459116481000,79.495147453,-58.380000114,31.248189660,22.3512707,-8.4000111,0.014194830,0.978403091,-0.071849525,0.193296567,-0.924869895,-0.000000002,-0.380283713,0.055553064,0.989272356,-0.135107979,0.376204133,-0.146083221,-0.914948165,70.0000000,1280,720,minecraft:overworld,flashback_export_aligned
1,20260914-201742-flashback_export,flashback_export,688,33459135797600,79.561697058,-58.380000114,31.275546339,22.3512707,-8.4000111,0.014194830,0.978403091,-0.071849525,0.193296567,-0.924869895,-0.000000002,-0.380283713,0.055553064,0.989272356,-0.135107979,0.376204133,-0.146083221,-0.914948165,70.0000000,1280,720,minecraft:overworld,flashback_export_aligned
1,20260914-201742-flashback_export,flashback_export,689,33459154823100,79.628246663,-58.380000114,31.302903018,22.3512707,-8.4000111,0.014194830,0.978403091,-0.071849525,0.193296567,-0.924869895,-0.000000002,-0.380283713,0.055553064,0.989272356,-0.135107979,0.376204133,-0.146083221,-0.914948165,70.0000000,1280,720,minecraft:overworld,flashback_export_aligned
1,20260914-201742-flashback_export,flashback_export,690,33459180196300,79.694796263,-58.380000114,31.330259696,22.3512707,-8.4000111,0.014194830,0.978403091,-0.071849525,0.193296567,-0.924869895,-0.000000002,-0.380283713,0.055553064,0.989272356,-0.135107979,0.376204133,-0.146083221,-0.914948165,70.0000000,1280,720,minecraft:overworld,flashback_export_aligned
1,20260914-201742-flashback_export,flashback_export,691,33459199015800,79.761345872,-58.380000114,31.357616376,22.3512707,-8.4000111,0.014194830,0.978403091,-0.071849525,0.193296567,-0.924869895,-0.000000002,-0.380283713,0.055553064,0.989272356,-0.135107979,0.376204133,-0.146083221,-0.914948165,70.0000000,1280,720,minecraft:overworld,flashback_export_aligned
1,20260914-201742-flashback_export,flashback_export,692,33459217571200,79.827895480,-58.380000114,31.384973057,22.3512707,-8.4000111,0.014194830,0.978403091,-0.071849525,0.193296567,-0.924869895,-0.000000002,-0.380283713,0.055553064,0.989272356,-0.135107979,0.376204133,-0.146083221,-0.914948165,70.0000000,1280,720,minecraft:overworld,flashback_export_aligned
1,20260914-201742-flashback_export,flashback_export,693,33459237390900,79.894445074,-58.380000114,31.412329731,22.3512707,-8.4000111,0.014194830,0.978403091,-0.071849525,0.193296567,-0.924869895,-0.000000002,-0.380283713,0.055553064,0.989272356,-0.135107979,0.376204133,-0.146083221,-0.914948165,70.0000000,1280,720,minecraft:overworld,flashback_export_aligned
1,20260914-201742-flashback_export,flashback_export,694,33459256880800,79.960994680,-58.380000114,31.439686411,22.3512707,-8.4000111,0.014194830,0.978403091,-0.071849525,0.193296567,-0.924869895,-0.000000002,-0.380283713,0.055553064,0.989272356,-0.135107979,0.376204133,-0.146083221,-0.914948165,70.0000000,1280,720,minecraft:overworld,flashback_export_aligned
1,20260914-201742-flashback_export,flashback_export,695,33459277684400,80.027544286,-58.380000114,31.467043091,22.3512707,-8.4000111,0.014194830,0.978403091,-0.071849525,0.193296567,-0.924869895,-0.000000002,-0.380283713,0.055553064,0.989272356,-0.135107979,0.376204133,-0.146083221,-0.914948165,70.0000000,1280,720,minecraft:overworld,flashback_export_aligned
1,20260914-201742-flashback_export,flashback_export,696,33459301909500,80.094093884,-58.380000114,31.494399767,22.3512707,-8.4000111,0.014194830,0.978403091,-0.071849525,0.193296567,-0.924869895,-0.000000002,-0.380283713,0.055553064,0.989272356,-0.135107979,0.376204133,-0.146083221,-0.914948165,70.0000000,1280,720,minecraft:overworld,flashback_export_aligned
1,20260914-201742-flashback_export,flashback_export,697,33459321616600,80.160643492,-58.380000114,31.521756447,22.3512707,-8.4000111,0.014194830,0.978403091,-0.071849525,0.193296567,-0.924869895,-0.000000002,-0.380283713,0.055553064,0.989272356,-0.135107979,0.376204133,-0.146083221,-0.914948165,70.0000000,1280,720,minecraft:overworld,flashback_export_aligned
1,20260914-201742-flashback_export,flashback_export,698,33459343669000,80.227193101,-58.380000114,31.549113128,22.3512707,-8.4000111,0.014194830,0.978403091,-0.071849525,0.193296567,-0.924869895,-0.000000002,-0.380283713,0.055553064,0.989272356,-0.135107979,0.376204133,-0.146083221,-0.914948165,70.0000000,1280,720,minecraft:overworld,flashback_export_aligned
1,20260914-201742-flashback_export,flashback_export,699,33459366404100,80.293742694,-58.380000114,31.576469802,22.3512707,-8.4000111,0.014194830,0.978403091,-0.071849525,0.193296567,-0.924869895,-0.000000002,-0.380283713,0.055553064,0.989272356,-0.135107979,0.376204133,-0.146083221,-0.914948165,70.0000000,1280,720,minecraft:overworld,flashback_export_aligned
1,20260914-201742-flashback_export,flashback_export,700,33459385530500,80.360292301,-58.380000114,31.603826482,22.3512707,-8.4000111,0.014194830,0.978403091,-0.071849525,0.193296567,-0.924869895,-0.000000002,-0.380283713,0.055553064,0.989272356,-0.135107979,0.376204133,-0.146083221,-0.914948165,70.0000000,1280,720,minecraft:overworld,flashback_export_aligned
1,20260914-201742-flashback_export,flashback_export,701,33459404687800,80.426841907,-58.380000114,31.631183162,22.3512707,-8.4000111,0.014194830,0.978403091,-0.071849525,0.193296567,-0.924869895,-0.000000002,-0.380283713,0.055553064,0.989272356,-0.135107979,0.376204133,-0.146083221,-0.914948165,70.0000000,1280,720,minecraft:overworld,flashback_export_aligned
1,20260914-201742-flashback_export,flashback_export,702,33459425502300,80.493391505,-58.380000114,31.658539838,22.3512707,-8.4000111,0.014194830,0.978403091,-0.071849525,0.193296567,-0.924869895,-0.000000002,-0.380283713,0.055553064,0.989272356,-0.135107979,0.376204133,-0.146083221,-0.914948165,70.0000000,1280,720,minecraft:overworld,flashback_export_aligned
1,20260914-201742-flashback_export,flashback_export,703,33459446326000,80.559941114,-58.380000114,31.685896519,22.3512707,-8.4000111,0.014194830,0.978403091,-0.071849525,0.193296567,-0.924869895,-0.000000002,-0.380283713,0.055553064,0.989272356,-0.135107979,0.376204133,-0.146083221,-0.914948165,70.0000000,1280,720,minecraft:overworld,flashback_export_aligned
1,20260914-201742-flashback_export,flashback_export,704,33459465288000,80.626490723,-58.380000114,31.713253200,22.3512707,-8.4000111,0.014194830,0.978403091,-0.071849525,0.193296567,-0.924869895,-0.000000002,-0.380283713,0.055553064,0.989272356,-0.135107979,0.376204133,-0.146083221,-0.914948165,70.0000000,1280,720,minecraft:overworld,flashback_export_aligned
1,20260914-201742-flashback_export,flashback_export,705,33459486736400,80.693040315,-58.380000114,31.740609874,22.3512707,-8.4000111,0.014194830,0.978403091,-0.071849525,0.193296567,-0.924869895,-0.000000002,-0.380283713,0.055553064,0.989272356,-0.135107979,0.376204133,-0.146083221,-0.914948165,70.0000000,1280,720,minecraft:overworld,flashback_export_aligned
1,20260914-201742-flashback_export,flashback_export,706,33459505804700,80.759589925,-58.380000114,31.767966555,22.3512707,-8.4000111,0.014194830,0.978403091,-0.071849525,0.193296567,-0.924869895,-0.000000002,-0.380283713,0.055553064,0.989272356,-0.135107979,0.376204133,-0.146083221,-0.914948165,70.0000000,1280,720,minecraft:overworld,flashback_export_aligned
1,20260914-201742-flashback_export,flashback_export,707,33459513382000,80.826139534,-58.380000114,31.795323236,22.3512707,-8.4000111,0.014194830,0.978403091,-0.071849525,0.193296567,-0.924869895,-0.000000002,-0.380283713,0.055553064,0.989272356,-0.135107979,0.376204133,-0.146083221,-0.914948165,70.0000000,1280,720,minecraft:overworld,flashback_export_aligned
1,20260914-201742-flashback_export,flashback_export,708,33459548152100,80.892689126,-58.380000114,31.822679909,22.3512707,-8.4000111,0.014194830,0.978403091,-0.071849525,0.193296567,-0.924869895,-0.000000002,-0.380283713,0.055553064,0.989272356,-0.135107979,0.376204133,-0.146083221,-0.914948165,70.0000000,1280,720,minecraft:overworld,flashback_export_aligned
1,20260914-201742-flashback_export,flashback_export,709,33459566151100,80.959238735,-58.380000114,31.850036590,22.3512707,-8.4000111,0.014194830,0.978403091,-0.071849525,0.193296567,-0.924869895,-0.000000002,-0.380283713,0.055553064,0.989272356,-0.135107979,0.376204133,-0.146083221,-0.914948165,70.0000000,1280,720,minecraft:overworld,flashback_export_aligned
1,20260914-201742-flashback_export,flashback_export,710,33459584746700,81.025788344,-58.380000114,31.877393271,22.3512707,-8.4000111,0.014194830,0.978403091,-0.071849525,0.193296567,-0.924869895,-0.000000002,-0.380283713,0.055553064,0.989272356,-0.135107979,0.376204133,-0.146083221,-0.914948165,70.0000000,1280,720,minecraft:overworld,flashback_export_aligned
1,20260914-201742-flashback_export,flashback_export,711,33459609524900,81.092337936,-58.380000114,31.904749945,22.3512707,-8.4000111,0.014194830,0.978403091,-0.071849525,0.193296567,-0.924869895,-0.000000002,-0.380283713,0.055553064,0.989272356,-0.135107979,0.376204133,-0.146083221,-0.914948165,70.0000000,1280,720,minecraft:overworld,flashback_export_aligned
1,20260914-201742-flashback_export,flashback_export,712,33459629928200,81.158887545,-58.380000114,31.932106626,22.3512707,-8.4000111,0.014194830,0.978403091,-0.071849525,0.193296567,-0.924869895,-0.000000002,-0.380283713,0.055553064,0.989272356,-0.135107979,0.376204133,-0.146083221,-0.914948165,70.0000000,1280,720,minecraft:overworld,flashback_export_aligned
1,20260914-201742-flashback_export,flashback_export,713,33459649440500,81.225437155,-58.380000114,31.959463307,22.3512707,-8.4000111,0.014194830,0.978403091,-0.071849525,0.193296567,-0.924869895,-0.000000002,-0.380283713,0.055553064,0.989272356,-0.135107979,0.376204133,-0.146083221,-0.914948165,70.0000000,1280,720,minecraft:overworld,flashback_export_aligned
1,20260914-201742-flashback_export,flashback_export,714,33459669765000,81.291986747,-58.380000114,31.986819981,22.3512707,-8.4000111,0.014194830,0.978403091,-0.071849525,0.193296567,-0.924869895,-0.000000002,-0.380283713,0.055553064,0.989272356,-0.135107979,0.376204133,-0.146083221,-0.914948165,70.0000000,1280,720,minecraft:overworld,flashback_export_aligned
1,20260914-201742-flashback_export,flashback_export,715,33459690005700,81.358536353,-58.380000114,32.014176661,22.3512707,-8.4000111,0.014194830,0.978403091,-0.071849525,0.193296567,-0.924869895,-0.000000002,-0.380283713,0.055553064,0.989272356,-0.135107979,0.376204133,-0.146083221,-0.914948165,70.0000000,1280,720,minecraft:overworld,flashback_export_aligned
1,20260914-201742-flashback_export,flashback_export,716,33459717531100,81.425085960,-58.380000114,32.041533340,22.3512707,-8.4000111,0.014194830,0.978403091,-0.071849525,0.193296567,-0.924869895,-0.000000002,-0.380283713,0.055553064,0.989272356,-0.135107979,0.376204133,-0.146083221,-0.914948165,70.0000000,1280,720,minecraft:overworld,flashback_export_aligned
1,20260914-201742-flashback_export,flashback_export,717,33459741520400,81.491635557,-58.380000114,32.068890016,22.3512707,-8.4000111,0.014194830,0.978403091,-0.071849525,0.193296567,-0.924869895,-0.000000002,-0.380283713,0.055553064,0.989272356,-0.135107979,0.376204133,-0.146083221,-0.914948165,70.0000000,1280,720,minecraft:overworld,flashback_export_aligned
1,20260914-201742-flashback_export,flashback_export,718,33459763685500,81.558185163,-58.380000114,32.096246696,22.3512707,-8.4000111,0.014194830,0.978403091,-0.071849525,0.193296567,-0.924869895,-0.000000002,-0.380283713,0.055553064,0.989272356,-0.135107979,0.376204133,-0.146083221,-0.914948165,70.0000000,1280,720,minecraft:overworld,flashback_export_aligned
1,20260914-201742-flashback_export,flashback_export,719,33459783573900,81.624734768,-58.380000114,32.123603375,22.3512707,-8.4000111,0.014194830,0.978403091,-0.071849525,0.193296567,-0.924869895,-0.000000002,-0.380283713,0.055553064,0.989272356,-0.135107979,0.376204133,-0.146083221,-0.914948165,70.0000000,1280,720,minecraft:overworld,flashback_export_aligned
1,20260914-201742-flashback_export,flashback_export,720,33459806444300,81.691284368,-58.380000114,32.150960052,22.3512707,-8.4000111,0.014194830,0.978403091,-0.071849525,0.193296567,-0.924869895,-0.000000002,-0.380283713,0.055553064,0.989272356,-0.135107979,0.376204133,-0.146083221,-0.914948165,70.0000000,1280,720,minecraft:overworld,flashback_export_aligned
1,20260914-201742-flashback_export,flashback_export,721,33459827804800,81.757833973,-58.380000114,32.178316732,22.3512707,-8.4000111,0.014194830,0.978403091,-0.071849525,0.193296567,-0.924869895,-0.000000002,-0.380283713,0.055553064,0.989272356,-0.135107979,0.376204133,-0.146083221,-0.914948165,70.0000000,1280,720,minecraft:overworld,flashback_export_aligned
1,20260914-201742-flashback_export,flashback_export,722,33459848044900,81.824383579,-58.380000114,32.205673411,22.3512707,-8.4000111,0.014194830,0.978403091,-0.071849525,0.193296567,-0.924869895,-0.000000002,-0.380283713,0.055553064,0.989272356,-0.135107979,0.376204133,-0.146083221,-0.914948165,70.0000000,1280,720,minecraft:overworld,flashback_export_aligned
1,20260914-201742-flashback_export,flashback_export,723,33459872514100,81.890933178,-58.380000114,32.233030088,22.3512707,-8.4000111,0.014194830,0.978403091,-0.071849525,0.193296567,-0.924869895,-0.000000002,-0.380283713,0.055553064,0.989272356,-0.135107979,0.376204133,-0.146083221,-0.914948165,70.0000000,1280,720,minecraft:overworld,flashback_export_aligned
1,20260914-201742-flashback_export,flashback_export,724,33459891940700,81.957482783,-58.380000114,32.260386767,22.3512707,-8.4000111,0.014194830,0.978403091,-0.071849525,0.193296567,-0.924869895,-0.000000002,-0.380283713,0.055553064,0.989272356,-0.135107979,0.376204133,-0.146083221,-0.914948165,70.0000000,1280,720,minecraft:overworld,flashback_export_aligned
1,20260914-201742-flashback_export,flashback_export,725,33459912364800,82.024032387,-58.380000114,32.287743446,22.3512707,-8.4000111,0.014194830,0.978403091,-0.071849525,0.193296567,-0.924869895,-0.000000002,-0.380283713,0.055553064,0.989272356,-0.135107979,0.376204133,-0.146083221,-0.914948165,70.0000000,1280,720,minecraft:overworld,flashback_export_aligned
1,20260914-201742-flashback_export,flashback_export,726,33459932399000,82.090581989,-58.380000114,32.315100123,22.3512707,-8.4000111,0.014194830,0.978403091,-0.071849525,0.193296567,-0.924869895,-0.000000002,-0.380283713,0.055553064,0.989272356,-0.135107979,0.376204133,-0.146083221,-0.914948165,70.0000000,1280,720,minecraft:overworld,flashback_export_aligned
1,20260914-201742-flashback_export,flashback_export,727,33459951246400,82.157131596,-58.380000114,32.342456804,22.3512707,-8.4000111,0.014194830,0.978403091,-0.071849525,0.193296567,-0.924869895,-0.000000002,-0.380283713,0.055553064,0.989272356,-0.135107979,0.376204133,-0.146083221,-0.914948165,70.0000000,1280,720,minecraft:overworld,flashback_export_aligned
1,20260914-201742-flashback_export,flashback_export,728,33459970637800,82.223681204,-58.380000114,32.369813484,22.3512707,-8.4000111,0.014194830,0.978403091,-0.071849525,0.193296567,-0.924869895,-0.000000002,-0.380283713,0.055553064,0.989272356,-0.135107979,0.376204133,-0.146083221,-0.914948165,70.0000000,1280,720,minecraft:overworld,flashback_export_aligned
1,20260914-201742-flashback_export,flashback_export,729,33459992654100,82.290230799,-58.380000114,32.397170159,22.3512707,-8.4000111,0.014194830,0.978403091,-0.071849525,0.193296567,-0.924869895,-0.000000002,-0.380283713,0.055553064,0.989272356,-0.135107979,0.376204133,-0.146083221,-0.914948165,70.0000000,1280,720,minecraft:overworld,flashback_export_aligned
1,20260914-201742-flashback_export,flashback_export,730,33460014164500,82.356780404,-58.380000114,32.424526838,22.3512707,-8.4000111,0.014194830,0.978403091,-0.071849525,0.193296567,-0.924869895,-0.000000002,-0.380283713,0.055553064,0.989272356,-0.135107979,0.376204133,-0.146083221,-0.914948165,70.0000000,1280,720,minecraft:overworld,flashback_export_aligned
1,20260914-201742-flashback_export,flashback_export,731,33460033672000,82.423330009,-58.380000114,32.451883517,22.3512707,-8.4000111,0.014194830,0.978403091,-0.071849525,0.193296567,-0.924869895,-0.000000002,-0.380283713,0.055553064,0.989272356,-0.135107979,0.376204133,-0.146083221,-0.914948165,70.0000000,1280,720,minecraft:overworld,flashback_export_aligned
1,20260914-201742-flashback_export,flashback_export,732,33460056717600,82.489879610,-58.380000114,32.479240195,22.3512707,-8.4000111,0.014194830,0.978403091,-0.071849525,0.193296567,-0.924869895,-0.000000002,-0.380283713,0.055553064,0.989272356,-0.135107979,0.376204133,-0.146083221,-0.914948165,70.0000000,1280,720,minecraft:overworld,flashback_export_aligned
1,20260914-201742-flashback_export,flashback_export,733,33460076743000,82.556429214,-58.380000114,32.506596874,22.3512707,-8.4000111,0.014194830,0.978403091,-0.071849525,0.193296567,-0.924869895,-0.000000002,-0.380283713,0.055553064,0.989272356,-0.135107979,0.376204133,-0.146083221,-0.914948165,70.0000000,1280,720,minecraft:overworld,flashback_export_aligned
1,20260914-201742-flashback_export,flashback_export,734,33460103226000,82.622978819,-58.380000114,32.533953553,22.3512707,-8.4000111,0.014194830,0.978403091,-0.071849525,0.193296567,-0.924869895,-0.000000002,-0.380283713,0.055553064,0.989272356,-0.135107979,0.376204133,-0.146083221,-0.914948165,70.0000000,1280,720,minecraft:overworld,flashback_export_aligned
1,20260914-201742-flashback_export,flashback_export,735,33460130552900,82.689528420,-58.380000114,32.561310230,22.3512707,-8.4000111,0.014194830,0.978403091,-0.071849525,0.193296567,-0.924869895,-0.000000002,-0.380283713,0.055553064,0.989272356,-0.135107979,0.376204133,-0.146083221,-0.914948165,70.0000000,1280,720,minecraft:overworld,flashback_export_aligned
1,20260914-201742-flashback_export,flashback_export,736,33460152661000,82.756078028,-58.380000114,32.588666911,22.3512707,-8.4000111,0.014194830,0.978403091,-0.071849525,0.193296567,-0.924869895,-0.000000002,-0.380283713,0.055553064,0.989272356,-0.135107979,0.376204133,-0.146083221,-0.914948165,70.0000000,1280,720,minecraft:overworld,flashback_export_aligned
1,20260914-201742-flashback_export,flashback_export,737,33460171973500,82.822627636,-58.380000114,32.616023591,22.3512707,-8.4000111,0.014194830,0.978403091,-0.071849525,0.193296567,-0.924869895,-0.000000002,-0.380283713,0.055553064,0.989272356,-0.135107979,0.376204133,-0.146083221,-0.914948165,70.0000000,1280,720,minecraft:overworld,flashback_export_aligned
1,20260914-201742-flashback_export,flashback_export,738,33460193337300,82.889177231,-58.380000114,32.643380266,22.3512707,-8.4000111,0.014194830,0.978403091,-0.071849525,0.193296567,-0.924869895,-0.000000002,-0.380283713,0.055553064,0.989272356,-0.135107979,0.376204133,-0.146083221,-0.914948165,70.0000000,1280,720,minecraft:overworld,flashback_export_aligned
1,20260914-201742-flashback_export,flashback_export,739,33460216578200,82.955726838,-58.380000114,32.670736946,22.3512707,-8.4000111,0.014194830,0.978403091,-0.071849525,0.193296567,-0.924869895,-0.000000002,-0.380283713,0.055553064,0.989272356,-0.135107979,0.376204133,-0.146083221,-0.914948165,70.0000000,1280,720,minecraft:overworld,flashback_export_aligned
1,20260914-201742-flashback_export,flashback_export,740,33460236083000,83.022276445,-58.380000114,32.698093626,22.3512707,-8.4000111,0.014194830,0.978403091,-0.071849525,0.193296567,-0.924869895,-0.000000002,-0.380283713,0.055553064,0.989272356,-0.135107979,0.376204133,-0.146083221,-0.914948165,70.0000000,1280,720,minecraft:overworld,flashback_export_aligned
1,20260914-201742-flashback_export,flashback_export,741,33460259688200,83.088826041,-58.380000114,32.725450302,22.3512707,-8.4000111,0.014194830,0.978403091,-0.071849525,0.193296567,-0.924869895,-0.000000002,-0.380283713,0.055553064,0.989272356,-0.135107979,0.376204133,-0.146083221,-0.914948165,70.0000000,1280,720,minecraft:overworld,flashback_export_aligned
1,20260914-201742-flashback_export,flashback_export,742,33460281277900,83.155375647,-58.380000114,32.752806981,22.3512707,-8.4000111,0.014194830,0.978403091,-0.071849525,0.193296567,-0.924869895,-0.000000002,-0.380283713,0.055553064,0.989272356,-0.135107979,0.376204133,-0.146083221,-0.914948165,70.0000000,1280,720,minecraft:overworld,flashback_export_aligned
1,20260914-201742-flashback_export,flashback_export,743,33460300756600,83.221925252,-58.380000114,32.780163661,22.3512707,-8.4000111,0.014194830,0.978403091,-0.071849525,0.193296567,-0.924869895,-0.000000002,-0.380283713,0.055553064,0.989272356,-0.135107979,0.376204133,-0.146083221,-0.914948165,70.0000000,1280,720,minecraft:overworld,flashback_export_aligned
1,20260914-201742-flashback_export,flashback_export,744,33460321381200,83.288474851,-58.380000114,32.807520337,22.3512707,-8.4000111,0.014194830,0.978403091,-0.071849525,0.193296567,-0.924869895,-0.000000002,-0.380283713,0.055553064,0.989272356,-0.135107979,0.376204133,-0.146083221,-0.914948165,70.0000000,1280,720,minecraft:overworld,flashback_export_aligned
1,20260914-201742-flashback_export,flashback_export,745,33460341279300,83.355024460,-58.380000114,32.834877018,22.3512707,-8.4000111,0.014194830,0.978403091,-0.071849525,0.193296567,-0.924869895,-0.000000002,-0.380283713,0.055553064,0.989272356,-0.135107979,0.376204133,-0.146083221,-0.914948165,70.0000000,1280,720,minecraft:overworld,flashback_export_aligned
1,20260914-201742-flashback_export,flashback_export,746,33460360907300,83.421574068,-58.380000114,32.862233699,22.3512707,-8.4000111,0.014194830,0.978403091,-0.071849525,0.193296567,-0.924869895,-0.000000002,-0.380283713,0.055553064,0.989272356,-0.135107979,0.376204133,-0.146083221,-0.914948165,70.0000000,1280,720,minecraft:overworld,flashback_export_aligned
1,20260914-201742-flashback_export,flashback_export,747,33460382918700,83.488123662,-58.380000114,32.889590373,22.3512707,-8.4000111,0.014194830,0.978403091,-0.071849525,0.193296567,-0.924869895,-0.000000002,-0.380283713,0.055553064,0.989272356,-0.135107979,0.376204133,-0.146083221,-0.914948165,70.0000000,1280,720,minecraft:overworld,flashback_export_aligned
1,20260914-201742-flashback_export,flashback_export,748,33460402420200,83.554673267,-58.380000114,32.916947052,22.3512707,-8.4000111,0.014194830,0.978403091,-0.071849525,0.193296567,-0.924869895,-0.000000002,-0.380283713,0.055553064,0.989272356,-0.135107979,0.376204133,-0.146083221,-0.914948165,70.0000000,1280,720,minecraft:overworld,flashback_export_aligned
1,20260914-201742-flashback_export,flashback_export,749,33460420366300,83.621222873,-58.380000114,32.944303732,22.3512707,-8.4000111,0.014194830,0.978403091,-0.071849525,0.193296567,-0.924869895,-0.000000002,-0.380283713,0.055553064,0.989272356,-0.135107979,0.376204133,-0.146083221,-0.914948165,70.0000000,1280,720,minecraft:overworld,flashback_export_aligned
1,20260914-201742-flashback_export,flashback_export,750,33460441926900,83.687772472,-58.380000114,32.971660409,22.3512707,-8.4000111,0.014194830,0.978403091,-0.071849525,0.193296567,-0.924869895,-0.000000002,-0.380283713,0.055553064,0.989272356,-0.135107979,0.376204133,-0.146083221,-0.914948165,70.0000000,1280,720,minecraft:overworld,flashback_export_aligned
1,20260914-201742-flashback_export,flashback_export,751,33460463055600,83.754322078,-58.380000114,32.999017088,22.3512707,-8.4000111,0.014194830,0.978403091,-0.071849525,0.193296567,-0.924869895,-0.000000002,-0.380283713,0.055553064,0.989272356,-0.135107979,0.376204133,-0.146083221,-0.914948165,70.0000000,1280,720,minecraft:overworld,flashback_export_aligned
1,20260914-201742-flashback_export,flashback_export,752,33460482942600,83.820871683,-58.380000114,33.026373768,22.3512707,-8.4000111,0.014194830,0.978403091,-0.071849525,0.193296567,-0.924869895,-0.000000002,-0.380283713,0.055553064,0.989272356,-0.135107979,0.376204133,-0.146083221,-0.914948165,70.0000000,1280,720,minecraft:overworld,flashback_export_aligned
1,20260914-201742-flashback_export,flashback_export,753,33460502874300,83.887421283,-58.380000114,33.053730444,22.3512707,-8.4000111,0.014194830,0.978403091,-0.071849525,0.193296567,-0.924869895,-0.000000002,-0.380283713,0.055553064,0.989272356,-0.135107979,0.376204133,-0.146083221,-0.914948165,70.0000000,1280,720,minecraft:overworld,flashback_export_aligned
1,20260914-201742-flashback_export,flashback_export,754,33460522218900,83.953970888,-58.380000114,33.081087124,22.3512707,-8.4000111,0.014194830,0.978403091,-0.071849525,0.193296567,-0.924869895,-0.000000002,-0.380283713,0.055553064,0.989272356,-0.135107979,0.376204133,-0.146083221,-0.914948165,70.0000000,1280,720,minecraft:overworld,flashback_export_aligned
1,20260914-201742-flashback_export,flashback_export,755,33460541579500,84.020520494,-58.380000114,33.108443803,22.3512707,-8.4000111,0.014194830,0.978403091,-0.071849525,0.193296567,-0.924869895,-0.000000002,-0.380283713,0.055553064,0.989272356,-0.135107979,0.376204133,-0.146083221,-0.914948165,70.0000000,1280,720,minecraft:overworld,flashback_export_aligned
1,20260914-201742-flashback_export,flashback_export,756,33460565922500,84.087070093,-58.380000114,33.135800480,22.3512707,-8.4000111,0.014194830,0.978403091,-0.071849525,0.193296567,-0.924869895,-0.000000002,-0.380283713,0.055553064,0.989272356,-0.135107979,0.376204133,-0.146083221,-0.914948165,70.0000000,1280,720,minecraft:overworld,flashback_export_aligned
1,20260914-201742-flashback_export,flashback_export,757,33460585413000,84.153619699,-58.380000114,33.163157159,22.3512707,-8.4000111,0.014194830,0.978403091,-0.071849525,0.193296567,-0.924869895,-0.000000002,-0.380283713,0.055553064,0.989272356,-0.135107979,0.376204133,-0.146083221,-0.914948165,70.0000000,1280,720,minecraft:overworld,flashback_export_aligned
1,20260914-201742-flashback_export,flashback_export,758,33460604114100,84.220169304,-58.380000114,33.190513839,22.3512707,-8.4000111,0.014194830,0.978403091,-0.071849525,0.193296567,-0.924869895,-0.000000002,-0.380283713,0.055553064,0.989272356,-0.135107979,0.376204133,-0.146083221,-0.914948165,70.0000000,1280,720,minecraft:overworld,flashback_export_aligned
1,20260914-201742-flashback_export,flashback_export,759,33460626985400,84.286718904,-58.380000114,33.217870516,22.3512707,-8.4000111,0.014194830,0.978403091,-0.071849525,0.193296567,-0.924869895,-0.000000002,-0.380283713,0.055553064,0.989272356,-0.135107979,0.376204133,-0.146083221,-0.914948165,70.0000000,1280,720,minecraft:overworld,flashback_export_aligned
1,20260914-201742-flashback_export,flashback_export,760,33460647338500,84.353268509,-58.380000114,33.245227195,22.3512707,-8.4000111,0.014194830,0.978403091,-0.071849525,0.193296567,-0.924869895,-0.000000002,-0.380283713,0.055553064,0.989272356,-0.135107979,0.376204133,-0.146083221,-0.914948165,70.0000000,1280,720,minecraft:overworld,flashback_export_aligned
1,20260914-201742-flashback_export,flashback_export,761,33460666070200,84.419818115,-58.380000114,33.272583874,22.3512707,-8.4000111,0.014194830,0.978403091,-0.071849525,0.193296567,-0.924869895,-0.000000002,-0.380283713,0.055553064,0.989272356,-0.135107979,0.376204133,-0.146083221,-0.914948165,70.0000000,1280,720,minecraft:overworld,flashback_export_aligned
1,20260914-201742-flashback_export,flashback_export,762,33460689840600,84.486367714,-58.380000114,33.299940551,22.3512707,-8.4000111,0.014194830,0.978403091,-0.071849525,0.193296567,-0.924869895,-0.000000002,-0.380283713,0.055553064,0.989272356,-0.135107979,0.376204133,-0.146083221,-0.914948165,70.0000000,1280,720,minecraft:overworld,flashback_export_aligned
1,20260914-201742-flashback_export,flashback_export,763,33460717238100,84.552917323,-58.385050804,33.327297232,22.3512707,-8.4000111,0.014194830,0.978403091,-0.071849525,0.193296567,-0.924869895,-0.000000002,-0.380283713,0.055553064,0.989272356,-0.135107979,0.376204133,-0.146083221,-0.914948165,70.0000000,1280,720,minecraft:overworld,flashback_export_aligned
1,20260914-201742-flashback_export,flashback_export,764,33460737312700,84.619466931,-58.390101494,33.354653913,22.3512707,-8.4000111,0.014194830,0.978403091,-0.071849525,0.193296567,-0.924869895,-0.000000002,-0.380283713,0.055553064,0.989272356,-0.135107979,0.376204133,-0.146083221,-0.914948165,70.0000000,1280,720,minecraft:overworld,flashback_export_aligned
1,20260914-201742-flashback_export,flashback_export,765,33460759297200,84.686016525,-58.380000114,33.382010587,22.3512707,-8.4000111,0.014194830,0.978403091,-0.071849525,0.193296567,-0.924869895,-0.000000002,-0.380283713,0.055553064,0.989272356,-0.135107979,0.376204133,-0.146083221,-0.914948165,70.0000000,1280,720,minecraft:overworld,flashback_export_aligned
1,20260914-201742-flashback_export,flashback_export,766,33460781295600,84.752566132,-58.399653917,33.409367267,22.3512707,-8.4000111,0.014194830,0.978403091,-0.071849525,0.193296567,-0.924869895,-0.000000002,-0.380283713,0.055553064,0.989272356,-0.135107979,0.376204133,-0.146083221,-0.914948165,70.0000000,1280,720,minecraft:overworld,flashback_export_aligned
1,20260914-201742-flashback_export,flashback_export,767,33460800010500,84.819115738,-58.419307720,33.436723947,22.3512707,-8.4000111,0.014194830,0.978403091,-0.071849525,0.193296567,-0.924869895,-0.000000002,-0.380283713,0.055553064,0.989272356,-0.135107979,0.376204133,-0.146083221,-0.914948165,70.0000000,1280,720,minecraft:overworld,flashback_export_aligned
1,20260914-201742-flashback_export,flashback_export,768,33460819873400,84.885665335,-58.442500114,33.464080623,22.3512707,-8.4000111,0.014194830,0.978403091,-0.071849525,0.193296567,-0.924869895,-0.000000002,-0.380283713,0.055553064,0.989272356,-0.135107979,0.376204133,-0.146083221,-0.914948165,70.0000000,1280,720,minecraft:overworld,flashback_export_aligned
1,20260914-201742-flashback_export,flashback_export,769,33460839804100,84.952214941,-58.442500114,33.491437302,22.3512707,-8.4000111,0.014194830,0.978403091,-0.071849525,0.193296567,-0.924869895,-0.000000002,-0.380283713,0.055553064,0.989272356,-0.135107979,0.376204133,-0.146083221,-0.914948165,70.0000000,1280,720,minecraft:overworld,flashback_export_aligned
1,20260914-201742-flashback_export,flashback_export,770,33460847223200,85.018764548,-58.442500114,33.518793982,22.3512707,-8.4000111,0.014194830,0.978403091,-0.071849525,0.193296567,-0.924869895,-0.000000002,-0.380283713,0.055553064,0.989272356,-0.135107979,0.376204133,-0.146083221,-0.914948165,70.0000000,1280,720,minecraft:overworld,flashback_export_aligned
1,20260914-201742-flashback_export,flashback_export,771,33460882651100,85.085314146,-58.442500114,33.546150658,22.3512707,-8.4000111,0.014194830,0.978403091,-0.071849525,0.193296567,-0.924869895,-0.000000002,-0.380283713,0.055553064,0.989272356,-0.135107979,0.376204133,-0.146083221,-0.914948165,70.0000000,1280,720,minecraft:overworld,flashback_export_aligned
1,20260914-201742-flashback_export,flashback_export,772,33460901842900,85.151863751,-58.442500114,33.573507338,22.3512707,-8.4000111,0.014194830,0.978403091,-0.071849525,0.193296567,-0.924869895,-0.000000002,-0.380283713,0.055553064,0.989272356,-0.135107979,0.376204133,-0.146083221,-0.914948165,70.0000000,1280,720,minecraft:overworld,flashback_export_aligned
1,20260914-201742-flashback_export,flashback_export,773,33460920955600,85.218413357,-58.442500114,33.600864017,22.3512707,-8.4000111,0.014194830,0.978403091,-0.071849525,0.193296567,-0.924869895,-0.000000002,-0.380283713,0.055553064,0.989272356,-0.135107979,0.376204133,-0.146083221,-0.914948165,70.0000000,1280,720,minecraft:overworld,flashback_export_aligned
1,20260914-201742-flashback_export,flashback_export,774,33460942409000,85.284962956,-58.442500114,33.628220694,22.3512707,-8.4000111,0.014194830,0.978403091,-0.071849525,0.193296567,-0.924869895,-0.000000002,-0.380283713,0.055553064,0.989272356,-0.135107979,0.376204133,-0.146083221,-0.914948165,70.0000000,1280,720,minecraft:overworld,flashback_export_aligned
1,20260914-201742-flashback_export,flashback_export,775,33460962824600,85.351512565,-58.442500114,33.655577375,22.3512707,-8.4000111,0.014194830,0.978403091,-0.071849525,0.193296567,-0.924869895,-0.000000002,-0.380283713,0.055553064,0.989272356,-0.135107979,0.376204133,-0.146083221,-0.914948165,70.0000000,1280,720,minecraft:overworld,flashback_export_aligned
1,20260914-201742-flashback_export,flashback_export,776,33460981528900,85.418062174,-58.442500114,33.682934056,22.3512707,-8.4000111,0.014194830,0.978403091,-0.071849525,0.193296567,-0.924869895,-0.000000002,-0.380283713,0.055553064,0.989272356,-0.135107979,0.376204133,-0.146083221,-0.914948165,70.0000000,1280,720,minecraft:overworld,flashback_export_aligned
1,20260914-201742-flashback_export,flashback_export,777,33461002036300,85.484611767,-58.442500114,33.710290730,22.3512707,-8.4000111,0.014194830,0.978403091,-0.071849525,0.193296567,-0.924869895,-0.000000002,-0.380283713,0.055553064,0.989272356,-0.135107979,0.376204133,-0.146083221,-0.914948165,70.0000000,1280,720,minecraft:overworld,flashback_export_aligned
1,20260914-201742-flashback_export,flashback_export,778,33461021137100,85.551161376,-58.437692231,33.737647411,22.3512707,-8.4000111,0.014194830,0.978403091,-0.071849525,0.193296567,-0.924869895,-0.000000002,-0.380283713,0.055553064,0.989272356,-0.135107979,0.376204133,-0.146083221,-0.914948165,70.0000000,1280,720,minecraft:overworld,flashback_export_aligned
1,20260914-201742-flashback_export,flashback_export,779,33461041141200,85.617710985,-58.432884348,33.765004091,22.3512707,-8.4000111,0.014194830,0.978403091,-0.071849525,0.193296567,-0.924869895,-0.000000002,-0.380283713,0.055553064,0.989272356,-0.135107979,0.376204133,-0.146083221,-0.914948165,70.0000000,1280,720,minecraft:overworld,flashback_export_aligned
1,20260914-201742-flashback_export,flashback_export,780,33461065119300,85.684260577,-58.442500114,33.792360765,22.3512707,-8.4000111,0.014194830,0.978403091,-0.071849525,0.193296567,-0.924869895,-0.000000002,-0.380283713,0.055553064,0.989272356,-0.135107979,0.376204133,-0.146083221,-0.914948165,70.0000000,1280,720,minecraft:overworld,flashback_export_aligned
1,20260914-201742-flashback_export,flashback_export,781,33461084306600,85.750810183,-58.426953029,33.819717445,22.3512707,-8.4000111,0.014194830,0.978403091,-0.071849525,0.193296567,-0.924869895,-0.000000002,-0.380283713,0.055553064,0.989272356,-0.135107979,0.376204133,-0.146083221,-0.914948165,70.0000000,1280,720,minecraft:overworld,flashback_export_aligned
1,20260914-201742-flashback_export,flashback_export,782,33461103201000,85.817359790,-58.411405943,33.847074125,22.3512707,-8.4000111,0.014194830,0.978403091,-0.071849525,0.193296567,-0.924869895,-0.000000002,-0.380283713,0.055553064,0.989272356,-0.135107979,0.376204133,-0.146083221,-0.914948165,70.0000000,1280,720,minecraft:overworld,flashback_export_aligned
1,20260914-201742-flashback_export,flashback_export,783,33461123681000,85.883909388,-58.380000114,33.874430801,22.3512707,-8.4000111,0.014194830,0.978403091,-0.071849525,0.193296567,-0.924869895,-0.000000002,-0.380283713,0.055553064,0.989272356,-0.135107979,0.376204133,-0.146083221,-0.914948165,70.0000000,1280,720,minecraft:overworld,flashback_export_aligned
1,20260914-201742-flashback_export,flashback_export,784,33461143864900,85.950458992,-58.380000114,33.901787480,22.3512707,-8.4000111,0.014194830,0.978403091,-0.071849525,0.193296567,-0.924869895,-0.000000002,-0.380283713,0.055553064,0.989272356,-0.135107979,0.376204133,-0.146083221,-0.914948165,70.0000000,1280,720,minecraft:overworld,flashback_export_aligned
1,20260914-201742-flashback_export,flashback_export,785,33461163783300,86.017008596,-58.380000114,33.929144159,22.3512707,-8.4000111,0.014194830,0.978403091,-0.071849525,0.193296567,-0.924869895,-0.000000002,-0.380283713,0.055553064,0.989272356,-0.135107979,0.376204133,-0.146083221,-0.914948165,70.0000000,1280,720,minecraft:overworld,flashback_export_aligned
1,20260914-201742-flashback_export,flashback_export,786,33461184357800,86.083558198,-58.380000114,33.956500837,22.3512707,-8.4000111,0.014194830,0.978403091,-0.071849525,0.193296567,-0.924869895,-0.000000002,-0.380283713,0.055553064,0.989272356,-0.135107979,0.376204133,-0.146083221,-0.914948165,70.0000000,1280,720,minecraft:overworld,flashback_export_aligned
1,20260914-201742-flashback_export,flashback_export,787,33461203388700,86.150107807,-58.380000114,33.983857517,22.3512707,-8.4000111,0.014194830,0.978403091,-0.071849525,0.193296567,-0.924869895,-0.000000002,-0.380283713,0.055553064,0.989272356,-0.135107979,0.376204133,-0.146083221,-0.914948165,70.0000000,1280,720,minecraft:overworld,flashback_export_aligned
1,20260914-201742-flashback_export,flashback_export,788,33461222709900,86.216657415,-58.380000114,34.011214198,22.3512707,-8.4000111,0.014194830,0.978403091,-0.071849525,0.193296567,-0.924869895,-0.000000002,-0.380283713,0.055553064,0.989272356,-0.135107979,0.376204133,-0.146083221,-0.914948165,70.0000000,1280,720,minecraft:overworld,flashback_export_aligned
1,20260914-201742-flashback_export,flashback_export,789,33461244331100,86.283207008,-58.380000114,34.038570872,22.3512707,-8.4000111,0.014194830,0.978403091,-0.071849525,0.193296567,-0.924869895,-0.000000002,-0.380283713,0.055553064,0.989272356,-0.135107979,0.376204133,-0.146083221,-0.914948165,70.0000000,1280,720,minecraft:overworld,flashback_export_aligned
1,20260914-201742-flashback_export,flashback_export,790,33461264423400,86.349756612,-58.380000114,34.065927551,22.3512707,-8.4000111,0.014194830,0.978403091,-0.071849525,0.193296567,-0.924869895,-0.000000002,-0.380283713,0.055553064,0.989272356,-0.135107979,0.376204133,-0.146083221,-0.914948165,70.0000000,1280,720,minecraft:overworld,flashback_export_aligned
1,20260914-201742-flashback_export,flashback_export,791,33461284802400,86.416306216,-58.380000114,34.093284230,22.3512707,-8.4000111,0.014194830,0.978403091,-0.071849525,0.193296567,-0.924869895,-0.000000002,-0.380283713,0.055553064,0.989272356,-0.135107979,0.376204133,-0.146083221,-0.914948165,70.0000000,1280,720,minecraft:overworld,flashback_export_aligned
1,20260914-201742-flashback_export,flashback_export,792,33461305854800,86.482855819,-58.380000114,34.120640908,22.3512707,-8.4000111,0.014194830,0.978403091,-0.071849525,0.193296567,-0.924869895,-0.000000002,-0.380283713,0.055553064,0.989272356,-0.135107979,0.376204133,-0.146083221,-0.914948165,70.0000000,1280,720,minecraft:overworld,flashback_export_aligned
1,20260914-201742-flashback_export,flashback_export,793,33461325170600,86.549405423,-58.380000114,34.147997587,22.3512707,-8.4000111,0.014194830,0.978403091,-0.071849525,0.193296567,-0.924869895,-0.000000002,-0.380283713,0.055553064,0.989272356,-0.135107979,0.376204133,-0.146083221,-0.914948165,70.0000000,1280,720,minecraft:overworld,flashback_export_aligned
1,20260914-201742-flashback_export,flashback_export,794,33461345969800,86.615955027,-58.380000114,34.175354266,22.3512707,-8.4000111,0.014194830,0.978403091,-0.071849525,0.193296567,-0.924869895,-0.000000002,-0.380283713,0.055553064,0.989272356,-0.135107979,0.376204133,-0.146083221,-0.914948165,70.0000000,1280,720,minecraft:overworld,flashback_export_aligned
1,20260914-201742-flashback_export,flashback_export,795,33461367986900,86.682504629,-58.380000114,34.202710944,22.3512707,-8.4000111,0.014194830,0.978403091,-0.071849525,0.193296567,-0.924869895,-0.000000002,-0.380283713,0.055553064,0.989272356,-0.135107979,0.376204133,-0.146083221,-0.914948165,70.0000000,1280,720,minecraft:overworld,flashback_export_aligned
1,20260914-201742-flashback_export,flashback_export,796,33461388759300,86.741729481,-58.380000114,34.227056622,22.3512707,-8.4000111,0.014194830,0.978403091,-0.071849525,0.193296567,-0.924869895,-0.000000002,-0.380283713,0.055553064,0.989272356,-0.135107979,0.376204133,-0.146083221,-0.914948165,70.0000000,1280,720,minecraft:overworld,flashback_export_aligned
1,20260914-201742-flashback_export,flashback_export,797,33461407994200,86.800954333,-58.380000114,34.251402300,22.3512707,-8.4000111,0.014194830,0.978403091,-0.071849525,0.193296567,-0.924869895,-0.000000002,-0.380283713,0.055553064,0.989272356,-0.135107979,0.376204133,-0.146083221,-0.914948165,70.0000000,1280,720,minecraft:overworld,flashback_export_aligned
1,20260914-201742-flashback_export,flashback_export,798,33461432169400,86.882153440,-58.380000114,34.284780979,22.3512707,-8.4000111,0.014194830,0.978403091,-0.071849525,0.193296567,-0.924869895,-0.000000002,-0.380283713,0.055553064,0.989272356,-0.135107979,0.376204133,-0.146083221,-0.914948165,70.0000000,1280,720,minecraft:overworld,flashback_export_aligned
1,20260914-201742-flashback_export,flashback_export,799,33461452215700,86.905626948,-58.380000114,34.294430281,22.3512707,-8.4000111,0.014194830,0.978403091,-0.071849525,0.193296567,-0.924869895,-0.000000002,-0.380283713,0.055553064,0.989272356,-0.135107979,0.376204133,-0.146083221,-0.914948165,70.0000000,1280,720,minecraft:overworld,flashback_export_aligned
1,20260914-201742-flashback_export,flashback_export,800,33461472618200,86.929100455,-58.380000114,34.304079583,22.3512707,-8.4000111,0.014194830,0.978403091,-0.071849525,0.193296567,-0.924869895,-0.000000002,-0.380283713,0.055553064,0.989272356,-0.135107979,0.376204133,-0.146083221,-0.914948165,70.0000000,1280,720,minecraft:overworld,flashback_export_aligned
1,20260914-201742-flashback_export,flashback_export,801,33461497415600,86.991161703,-58.380000114,34.329591224,22.3512707,-8.4000111,0.014194830,0.978403091,-0.071849525,0.193296567,-0.924869895,-0.000000002,-0.380283713,0.055553064,0.989272356,-0.135107979,0.376204133,-0.146083221,-0.914948165,70.0000000,1280,720,minecraft:overworld,flashback_export_aligned
1,20260914-201742-flashback_export,flashback_export,802,33461516902500,86.975524773,-58.380000114,34.323163320,22.3512707,-8.4000111,0.014194830,0.978403091,-0.071849525,0.193296567,-0.924869895,-0.000000002,-0.380283713,0.055553064,0.989272356,-0.135107979,0.376204133,-0.146083221,-0.914948165,70.0000000,1280,720,minecraft:overworld,flashback_export_aligned
1,20260914-201742-flashback_export,flashback_export,803,33461537027900,86.959887842,-58.380000114,34.316735416,22.3512707,-8.4000111,0.014194830,0.978403091,-0.071849525,0.193296567,-0.924869895,-0.000000002,-0.380283713,0.055553064,0.989272356,-0.135107979,0.376204133,-0.146083221,-0.914948165,70.0000000,1280,720,minecraft:overworld,flashback_export_aligned
1,20260914-201742-flashback_export,flashback_export,804,33461559577100,86.960039674,-58.380000114,34.316797829,22.3512707,-8.4000111,0.014194830,0.978403091,-0.071849525,0.193296567,-0.924869895,-0.000000002,-0.380283713,0.055553064,0.989272356,-0.135107979,0.376204133,-0.146083221,-0.914948165,70.0000000,1280,720,minecraft:overworld,flashback_export_aligned
1,20260914-201742-flashback_export,flashback_export,805,33461583553100,86.922241092,-58.380000114,34.301259891,22.3512707,-8.4000111,0.014194830,0.978403091,-0.071849525,0.193296567,-0.924869895,-0.000000002,-0.380283713,0.055553064,0.989272356,-0.135107979,0.376204133,-0.146083221,-0.914948165,70.0000000,1280,720,minecraft:overworld,flashback_export_aligned
1,20260914-201742-flashback_export,flashback_export,806,33461604387200,86.884442510,-58.380000114,34.285721952,22.3512707,-8.4000111,0.014194830,0.978403091,-0.071849525,0.193296567,-0.924869895,-0.000000002,-0.380283713,0.055553064,0.989272356,-0.135107979,0.376204133,-0.146083221,-0.914948165,70.0000000,1280,720,minecraft:overworld,flashback_export_aligned
1,20260914-201742-flashback_export,flashback_export,807,33461631076400,86.852406497,-58.380000114,34.272552844,22.3512707,-8.4000111,0.014194830,0.978403091,-0.071849525,0.193296567,-0.924869895,-0.000000002,-0.380283713,0.055553064,0.989272356,-0.135107979,0.376204133,-0.146083221,-0.914948165,70.0000000,1280,720,minecraft:overworld,flashback_export_aligned
1,20260914-201742-flashback_export,flashback_export,808,33461651144500,86.800940497,-58.380000114,34.251396613,22.3512707,-8.4000111,0.014194830,0.978403091,-0.071849525,0.193296567,-0.924869895,-0.000000002,-0.380283713,0.055553064,0.989272356,-0.135107979,0.376204133,-0.146083221,-0.914948165,70.0000000,1280,720,minecraft:overworld,flashback_export_aligned
1,20260914-201742-flashback_export,flashback_export,809,33461670415000,86.749474497,-58.380000114,34.230240381,22.3512707,-8.4000111,0.014194830,0.978403091,-0.071849525,0.193296567,-0.924869895,-0.000000002,-0.380283713,0.055553064,0.989272356,-0.135107979,0.376204133,-0.146083221,-0.914948165,70.0000000,1280,720,minecraft:overworld,flashback_export_aligned
1,20260914-201742-flashback_export,flashback_export,810,33461694330800,86.702998229,-58.380000114,34.211135289,22.3512707,-8.4000111,0.014194830,0.978403091,-0.071849525,0.193296567,-0.924869895,-0.000000002,-0.380283713,0.055553064,0.989272356,-0.135107979,0.376204133,-0.146083221,-0.914948165,70.0000000,1280,720,minecraft:overworld,flashback_export_aligned
1,20260914-201742-flashback_export,flashback_export,811,33461719396400,86.644684273,-58.380000114,34.187164054,22.3512707,-8.4000111,0.014194830,0.978403091,-0.071849525,0.193296567,-0.924869895,-0.000000002,-0.380283713,0.055553064,0.989272356,-0.135107979,0.376204133,-0.146083221,-0.914948165,70.0000000,1280,720,minecraft:overworld,flashback_export_aligned
1,20260914-201742-flashback_export,flashback_export,812,33461740891300,86.586370318,-58.380000114,34.163192820,22.3512707,-8.4000111,0.014194830,0.978403091,-0.071849525,0.193296567,-0.924869895,-0.000000002,-0.380283713,0.055553064,0.989272356,-0.135107979,0.376204133,-0.146083221,-0.914948165,70.0000000,1280,720,minecraft:overworld,flashback_export_aligned
1,20260914-201742-flashback_export,flashback_export,813,33461762320500,86.530780757,-58.380000114,34.140341508,22.3512707,-8.4000111,0.014194830,0.978403091,-0.071849525,0.193296567,-0.924869895,-0.000000002,-0.380283713,0.055553064,0.989272356,-0.135107979,0.376204133,-0.146083221,-0.914948165,70.0000000,1280,720,minecraft:overworld,flashback_export_aligned
1,20260914-201742-flashback_export,flashback_export,814,33461784090700,86.468755926,-58.380000114,34.114844837,22.3512707,-8.4000111,0.014194830,0.978403091,-0.071849525,0.193296567,-0.924869895,-0.000000002,-0.380283713,0.055553064,0.989272356,-0.135107979,0.376204133,-0.146083221,-0.914948165,70.0000000,1280,720,minecraft:overworld,flashback_export_aligned
1,20260914-201742-flashback_export,flashback_export,815,33461802888000,86.406731094,-58.380000114,34.089348165,22.3512707,-8.4000111,0.014194830,0.978403091,-0.071849525,0.193296567,-0.924869895,-0.000000002,-0.380283713,0.055553064,0.989272356,-0.135107979,0.376204133,-0.146083221,-0.914948165,70.0000000,1280,720,minecraft:overworld,flashback_export_aligned
1,20260914-201742-flashback_export,flashback_export,816,33461825328600,86.346109460,-58.380000114,34.064428309,22.3512707,-8.4000111,0.014194830,0.978403091,-0.071849525,0.193296567,-0.924869895,-0.000000002,-0.380283713,0.055553064,0.989272356,-0.135107979,0.376204133,-0.146083221,-0.914948165,70.0000000,1280,720,minecraft:overworld,flashback_export_aligned
1,20260914-201742-flashback_export,flashback_export,817,33461844418900,86.282030382,-58.380000114,34.038087194,22.3512707,-8.4000111,0.014194830,0.978403091,-0.071849525,0.193296567,-0.924869895,-0.000000002,-0.380283713,0.055553064,0.989272356,-0.135107979,0.376204133,-0.146083221,-0.914948165,70.0000000,1280,720,minecraft:overworld,flashback_export_aligned
1,20260914-201742-flashback_export,flashback_export,818,33461865692900,86.217951305,-58.380000114,34.011746080,22.3512707,-8.4000111,0.014194830,0.978403091,-0.071849525,0.193296567,-0.924869895,-0.000000002,-0.380283713,0.055553064,0.989272356,-0.135107979,0.376204133,-0.146083221,-0.914948165,70.0000000,1280,720,minecraft:overworld,flashback_export_aligned
1,20260914-201742-flashback_export,flashback_export,819,33461886919700,86.154638372,-58.380000114,33.985719906,22.3512707,-8.4000111,0.014194830,0.978403091,-0.071849525,0.193296567,-0.924869895,-0.000000002,-0.380283713,0.055553064,0.989272356,-0.135107979,0.376204133,-0.146083221,-0.914948165,70.0000000,1280,720,minecraft:overworld,flashback_export_aligned
1,20260914-201742-flashback_export,flashback_export,820,33461906025700,86.089446326,-58.380000114,33.958921281,22.3512707,-8.4000111,0.014194830,0.978403091,-0.071849525,0.193296567,-0.924869895,-0.000000002,-0.380283713,0.055553064,0.989272356,-0.135107979,0.376204133,-0.146083221,-0.914948165,70.0000000,1280,720,minecraft:overworld,flashback_export_aligned
1,20260914-201742-flashback_export,flashback_export,821,33461925068200,86.024254279,-58.380000114,33.932122656,22.3512707,-8.4000111,0.014194830,0.978403091,-0.071849525,0.193296567,-0.924869895,-0.000000002,-0.380283713,0.055553064,0.989272356,-0.135107979,0.376204133,-0.146083221,-0.914948165,70.0000000,1280,720,minecraft:overworld,flashback_export_aligned
1,20260914-201742-flashback_export,flashback_export,822,33461949435100,85.959454599,-58.380000114,33.905485322,22.3512707,-8.4000111,0.014194830,0.978403091,-0.071849525,0.193296567,-0.924869895,-0.000000002,-0.380283713,0.055553064,0.989272356,-0.135107979,0.376204133,-0.146083221,-0.914948165,70.0000000,1280,720,minecraft:overworld,flashback_export_aligned
1,20260914-201742-flashback_export,flashback_export,823,33461968446600,85.893646222,-58.380000114,33.878433341,22.3512707,-8.4000111,0.014194830,0.978403091,-0.071849525,0.193296567,-0.924869895,-0.000000002,-0.380283713,0.055553064,0.989272356,-0.135107979,0.376204133,-0.146083221,-0.914948165,70.0000000,1280,720,minecraft:overworld,flashback_export_aligned
1,20260914-201742-flashback_export,flashback_export,824,33461988755300,85.827837845,-58.380000114,33.851381360,22.3512707,-8.4000111,0.014194830,0.978403091,-0.071849525,0.193296567,-0.924869895,-0.000000002,-0.380283713,0.055553064,0.989272356,-0.135107979,0.376204133,-0.146083221,-0.914948165,70.0000000,1280,720,minecraft:overworld,flashback_export_aligned
1,20260914-201742-flashback_export,flashback_export,825,33462012646000,85.762243699,-58.380000114,33.824417443,22.3512707,-8.4000111,0.014194830,0.978403091,-0.071849525,0.193296567,-0.924869895,-0.000000002,-0.380283713,0.055553064,0.989272356,-0.135107979,0.376204133,-0.146083221,-0.914948165,70.0000000,1280,720,minecraft:overworld,flashback_export_aligned
1,20260914-201742-flashback_export,flashback_export,826,33462032070900,85.696096227,-58.384299263,33.797226070,22.3512707,-8.4000111,0.014194830,0.978403091,-0.071849525,0.193296567,-0.924869895,-0.000000002,-0.380283713,0.055553064,0.989272356,-0.135107979,0.376204133,-0.146083221,-0.914948165,70.0000000,1280,720,minecraft:overworld,flashback_export_aligned
1,20260914-201742-flashback_export,flashback_export,827,33462051220900,85.629948755,-58.388598411,33.770034696,22.3512707,-8.4000111,0.014194830,0.978403091,-0.071849525,0.193296567,-0.924869895,-0.000000002,-0.380283713,0.055553064,0.989272356,-0.135107979,0.376204133,-0.146083221,-0.914948165,70.0000000,1280,720,minecraft:overworld,flashback_export_aligned
1,20260914-201742-flashback_export,flashback_export,828,33462072377500,85.563925988,-58.380000114,33.742894585,22.3512707,-8.4000111,0.014194830,0.978403091,-0.071849525,0.193296567,-0.924869895,-0.000000002,-0.380283713,0.055553064,0.989272356,-0.135107979,0.376204133,-0.146083221,-0.914948165,70.0000000,1280,720,minecraft:overworld,flashback_export_aligned
1,20260914-201742-flashback_export,flashback_export,829,33462091737400,85.497594579,-58.396275956,33.715627600,22.3512707,-8.4000111,0.014194830,0.978403091,-0.071849525,0.193296567,-0.924869895,-0.000000002,-0.380283713,0.055553064,0.989272356,-0.135107979,0.376204133,-0.146083221,-0.914948165,70.0000000,1280,720,minecraft:overworld,flashback_export_aligned
1,20260914-201742-flashback_export,flashback_export,830,33462111277600,85.431263169,-58.412551798,33.688360615,22.3512707,-8.4000111,0.014194830,0.978403091,-0.071849525,0.193296567,-0.924869895,-0.000000002,-0.380283713,0.055553064,0.989272356,-0.135107979,0.376204133,-0.146083221,-0.914948165,70.0000000,1280,720,minecraft:overworld,flashback_export_aligned
1,20260914-201742-flashback_export,flashback_export,831,33462135899400,85.365003958,-58.442500114,33.661123309,22.3512707,-8.4000111,0.014194830,0.978403091,-0.071849525,0.193296567,-0.924869895,-0.000000002,-0.380283713,0.055553064,0.989272356,-0.135107979,0.376204133,-0.146083221,-0.914948165,70.0000000,1280,720,minecraft:overworld,flashback_export_aligned
1,20260914-201742-flashback_export,flashback_export,832,33462155993900,85.298573486,-58.442500114,33.633815602,22.3512707,-8.4000111,0.014194830,0.978403091,-0.071849525,0.193296567,-0.924869895,-0.000000002,-0.380283713,0.055553064,0.989272356,-0.135107979,0.376204133,-0.146083221,-0.914948165,70.0000000,1280,720,minecraft:overworld,flashback_export_aligned
1,20260914-201742-flashback_export,flashback_export,833,33462174749400,85.232143014,-58.442500114,33.606507895,22.3512707,-8.4000111,0.014194830,0.978403091,-0.071849525,0.193296567,-0.924869895,-0.000000002,-0.380283713,0.055553064,0.989272356,-0.135107979,0.376204133,-0.146083221,-0.914948165,70.0000000,1280,720,minecraft:overworld,flashback_export_aligned
1,20260914-201742-flashback_export,flashback_export,834,33462199454900,85.165751969,-58.442500114,33.579216395,22.3512707,-8.4000111,0.014194830,0.978403091,-0.071849525,0.193296567,-0.924869895,-0.000000002,-0.380283713,0.055553064,0.989272356,-0.135107979,0.376204133,-0.146083221,-0.914948165,70.0000000,1280,720,minecraft:overworld,flashback_export_aligned
1,20260914-201742-flashback_export,flashback_export,835,33462221368600,85.099265906,-58.442500114,33.551885836,22.3512707,-8.4000111,0.014194830,0.978403091,-0.071849525,0.193296567,-0.924869895,-0.000000002,-0.380283713,0.055553064,0.989272356,-0.135107979,0.376204133,-0.146083221,-0.914948165,70.0000000,1280,720,minecraft:overworld,flashback_export_aligned
1,20260914-201742-flashback_export,flashback_export,836,33462242165300,85.032779842,-58.442500114,33.524555277,22.3512707,-8.4000111,0.014194830,0.978403091,-0.071849525,0.193296567,-0.924869895,-0.000000002,-0.380283713,0.055553064,0.989272356,-0.135107979,0.376204133,-0.146083221,-0.914948165,70.0000000,1280,720,minecraft:overworld,flashback_export_aligned
1,20260914-201742-flashback_export,flashback_export,837,33462268101900,84.966319824,-58.442500114,33.497235425,22.3512707,-8.4000111,0.014194830,0.978403091,-0.071849525,0.193296567,-0.924869895,-0.000000002,-0.380283713,0.055553064,0.989272356,-0.135107979,0.376204133,-0.146083221,-0.914948165,70.0000000,1280,720,minecraft:overworld,flashback_export_aligned
1,20260914-201742-flashback_export,flashback_export,838,33462289810400,84.899805110,-58.442500114,33.469893088,22.3512707,-8.4000111,0.014194830,0.978403091,-0.071849525,0.193296567,-0.924869895,-0.000000002,-0.380283713,0.055553064,0.989272356,-0.135107979,0.376204133,-0.146083221,-0.914948165,70.0000000,1280,720,minecraft:overworld,flashback_export_aligned
1,20260914-201742-flashback_export,flashback_export,839,33462308305600,84.833290396,-58.442500114,33.442550752,22.3512707,-8.4000111,0.014194830,0.978403091,-0.071849525,0.193296567,-0.924869895,-0.000000002,-0.380283713,0.055553064,0.989272356,-0.135107979,0.376204133,-0.146083221,-0.914948165,70.0000000,1280,720,minecraft:overworld,flashback_export_aligned
1,20260914-201742-flashback_export,flashback_export,840,33462333540000,84.766789312,-58.442500114,33.415214018,22.3512707,-8.4000111,0.014194830,0.978403091,-0.071849525,0.193296567,-0.924869895,-0.000000002,-0.380283713,0.055553064,0.989272356,-0.135107979,0.376204133,-0.146083221,-0.914948165,70.0000000,1280,720,minecraft:overworld,flashback_export_aligned
1,20260914-201742-flashback_export,flashback_export,841,33462353771600,84.700258758,-58.437213862,33.387865170,22.3512707,-8.4000111,0.014194830,0.978403091,-0.071849525,0.193296567,-0.924869895,-0.000000002,-0.380283713,0.055553064,0.989272356,-0.135107979,0.376204133,-0.146083221,-0.914948165,70.0000000,1280,720,minecraft:overworld,flashback_export_aligned
1,20260914-201742-flashback_export,flashback_export,842,33462374190200,84.633728204,-58.431927609,33.360516323,22.3512707,-8.4000111,0.014194830,0.978403091,-0.071849525,0.193296567,-0.924869895,-0.000000002,-0.380283713,0.055553064,0.989272356,-0.135107979,0.376204133,-0.146083221,-0.914948165,70.0000000,1280,720,minecraft:overworld,flashback_export_aligned
1,20260914-201742-flashback_export,flashback_export,843,33462399110900,84.567205093,-58.442500114,33.333170534,22.3512707,-8.4000111,0.014194830,0.978403091,-0.071849525,0.193296567,-0.924869895,-0.000000002,-0.380283713,0.055553064,0.989272356,-0.135107979,0.376204133,-0.146083221,-0.914948165,70.0000000,1280,720,minecraft:overworld,flashback_export_aligned
1,20260914-201742-flashback_export,flashback_export,844,33462419597100,84.500665952,-58.426717475,33.305818157,22.3512707,-8.4000111,0.014194830,0.978403091,-0.071849525,0.193296567,-0.924869895,-0.000000002,-0.380283713,0.055553064,0.989272356,-0.135107979,0.376204133,-0.146083221,-0.914948165,70.0000000,1280,720,minecraft:overworld,flashback_export_aligned
1,20260914-201742-flashback_export,flashback_export,845,33462440129700,84.434126811,-58.410934836,33.278465779,22.3512707,-8.4000111,0.014194830,0.978403091,-0.071849525,0.193296567,-0.924869895,-0.000000002,-0.380283713,0.055553064,0.989272356,-0.135107979,0.376204133,-0.146083221,-0.914948165,70.0000000,1280,720,minecraft:overworld,flashback_export_aligned
1,20260914-201742-flashback_export,flashback_export,846,33462464566000,84.367591550,-58.380000114,33.251114996,22.3512707,-8.4000111,0.014194830,0.978403091,-0.071849525,0.193296567,-0.924869895,-0.000000002,-0.380283713,0.055553064,0.989272356,-0.135107979,0.376204133,-0.146083221,-0.914948165,70.0000000,1280,720,minecraft:overworld,flashback_export_aligned
1,20260914-201742-flashback_export,flashback_export,847,33462483533300,84.301047691,-58.380000114,33.223760679,22.3512707,-8.4000111,0.014194830,0.978403091,-0.071849525,0.193296567,-0.924869895,-0.000000002,-0.380283713,0.055553064,0.989272356,-0.135107979,0.376204133,-0.146083221,-0.914948165,70.0000000,1280,720,minecraft:overworld,flashback_export_aligned
1,20260914-201742-flashback_export,flashback_export,848,33462502130400,84.234503833,-58.380000114,33.196406362,22.3512707,-8.4000111,0.014194830,0.978403091,-0.071849525,0.193296567,-0.924869895,-0.000000002,-0.380283713,0.055553064,0.989272356,-0.135107979,0.376204133,-0.146083221,-0.914948165,70.0000000,1280,720,minecraft:overworld,flashback_export_aligned
1,20260914-201742-flashback_export,flashback_export,849,33462522284800,84.167961995,-58.380000114,33.169052876,22.3512707,-8.4000111,0.014194830,0.978403091,-0.071849525,0.193296567,-0.924869895,-0.000000002,-0.380283713,0.055553064,0.989272356,-0.135107979,0.376204133,-0.146083221,-0.914948165,70.0000000,1280,720,minecraft:overworld,flashback_export_aligned
1,20260914-201742-flashback_export,flashback_export,850,33462541232300,84.101415528,-58.380000114,33.141697487,22.3512707,-8.4000111,0.014194830,0.978403091,-0.071849525,0.193296567,-0.924869895,-0.000000002,-0.380283713,0.055553064,0.989272356,-0.135107979,0.376204133,-0.146083221,-0.914948165,70.0000000,1280,720,minecraft:overworld,flashback_export_aligned
1,20260914-201742-flashback_export,flashback_export,851,33462563645200,84.034869061,-58.380000114,33.114342097,22.3512707,-8.4000111,0.014194830,0.978403091,-0.071849525,0.193296567,-0.924869895,-0.000000002,-0.380283713,0.055553064,0.989272356,-0.135107979,0.376204133,-0.146083221,-0.914948165,70.0000000,1280,720,minecraft:overworld,flashback_export_aligned
1,20260914-201742-flashback_export,flashback_export,852,33462584839700,83.968323698,-58.380000114,33.086987162,22.3512707,-8.4000111,0.014194830,0.978403091,-0.071849525,0.193296567,-0.924869895,-0.000000002,-0.380283713,0.055553064,0.989272356,-0.135107979,0.376204133,-0.146083221,-0.914948165,70.0000000,1280,720,minecraft:overworld,flashback_export_aligned
1,20260914-201742-flashback_export,flashback_export,853,33462604433500,83.901775792,-58.380000114,33.059631181,22.3512707,-8.4000111,0.014194830,0.978403091,-0.071849525,0.193296567,-0.924869895,-0.000000002,-0.380283713,0.055553064,0.989272356,-0.135107979,0.376204133,-0.146083221,-0.914948165,70.0000000,1280,720,minecraft:overworld,flashback_export_aligned
1,20260914-201742-flashback_export,flashback_export,854,33462623418900,83.835227886,-58.380000114,33.032275200,22.3512707,-8.4000111,0.014194830,0.978403091,-0.071849525,0.193296567,-0.924869895,-0.000000002,-0.380283713,0.055553064,0.989272356,-0.135107979,0.376204133,-0.146083221,-0.914948165,70.0000000,1280,720,minecraft:overworld,flashback_export_aligned
1,20260914-201742-flashback_export,flashback_export,855,33462645849500,83.768680628,-58.380000114,33.004919486,22.3512707,-8.4000111,0.014194830,0.978403091,-0.071849525,0.193296567,-0.924869895,-0.000000002,-0.380283713,0.055553064,0.989272356,-0.135107979,0.376204133,-0.146083221,-0.914948165,70.0000000,1280,720,minecraft:overworld,flashback_export_aligned
1,20260914-201742-flashback_export,flashback_export,856,33462665836500,83.702131962,-58.380000114,32.977563193,22.3512707,-8.4000111,0.014194830,0.978403091,-0.071849525,0.193296567,-0.924869895,-0.000000002,-0.380283713,0.055553064,0.989272356,-0.135107979,0.376204133,-0.146083221,-0.914948165,70.0000000,1280,720,minecraft:overworld,flashback_export_aligned
1,20260914-201742-flashback_export,flashback_export,857,33462684976200,83.635583295,-58.380000114,32.950206899,22.3512707,-8.4000111,0.014194830,0.978403091,-0.071849525,0.193296567,-0.924869895,-0.000000002,-0.380283713,0.055553064,0.989272356,-0.135107979,0.376204133,-0.146083221,-0.914948165,70.0000000,1280,720,minecraft:overworld,flashback_export_aligned
1,20260914-201742-flashback_export,flashback_export,858,33462708389000,83.569034952,-58.380000114,32.922850739,22.3512707,-8.4000111,0.014194830,0.978403091,-0.071849525,0.193296567,-0.924869895,-0.000000002,-0.380283713,0.055553064,0.989272356,-0.135107979,0.376204133,-0.146083221,-0.914948165,70.0000000,1280,720,minecraft:overworld,flashback_export_aligned
1,20260914-201742-flashback_export,flashback_export,859,33462715116200,83.502485860,-58.380000114,32.895494270,22.3512707,-8.4000111,0.014194830,0.978403091,-0.071849525,0.193296567,-0.924869895,-0.000000002,-0.380283713,0.055553064,0.989272356,-0.135107979,0.376204133,-0.146083221,-0.914948165,70.0000000,1280,720,minecraft:overworld,flashback_export_aligned
1,20260914-201742-flashback_export,flashback_export,860,33462751221500,83.435936768,-58.380000114,32.868137802,22.3512707,-8.4000111,0.014194830,0.978403091,-0.071849525,0.193296567,-0.924869895,-0.000000002,-0.380283713,0.055553064,0.989272356,-0.135107979,0.376204133,-0.146083221,-0.914948165,70.0000000,1280,720,minecraft:overworld,flashback_export_aligned
1,20260914-201742-flashback_export,flashback_export,861,33462773188900,83.369387853,-58.380000114,32.840781407,22.3512707,-8.4000111,0.014194830,0.978403091,-0.071849525,0.193296567,-0.924869895,-0.000000002,-0.380283713,0.055553064,0.989272356,-0.135107979,0.376204133,-0.146083221,-0.914948165,70.0000000,1280,720,minecraft:overworld,flashback_export_aligned
1,20260914-201742-flashback_export,flashback_export,862,33462793969400,83.309811163,-58.380000114,32.816291098,22.3512707,-8.4000111,0.014194830,0.978403091,-0.071849525,0.193296567,-0.924869895,-0.000000002,-0.380283713,0.055553064,0.989272356,-0.135107979,0.376204133,-0.146083221,-0.914948165,70.0000000,1280,720,minecraft:overworld,flashback_export_aligned
1,20260914-201742-flashback_export,flashback_export,863,33462814027800,83.250234474,-58.380000114,32.791800789,22.3512707,-8.4000111,0.014194830,0.978403091,-0.071849525,0.193296567,-0.924869895,-0.000000002,-0.380283713,0.055553064,0.989272356,-0.135107979,0.376204133,-0.146083221,-0.914948165,70.0000000,1280,720,minecraft:overworld,flashback_export_aligned
1,20260914-201742-flashback_export,flashback_export,864,33462836021200,83.169739977,-58.380000114,32.758711755,22.3512707,-8.4000111,0.014194830,0.978403091,-0.071849525,0.193296567,-0.924869895,-0.000000002,-0.380283713,0.055553064,0.989272356,-0.135107979,0.376204133,-0.146083221,-0.914948165,70.0000000,1280,720,minecraft:overworld,flashback_export_aligned
1,20260914-201742-flashback_export,flashback_export,865,33462854541800,83.136808263,-58.380000114,32.745174450,22.3512707,-8.4000111,0.014194830,0.978403091,-0.071849525,0.193296567,-0.924869895,-0.000000002,-0.380283713,0.055553064,0.989272356,-0.135107979,0.376204133,-0.146083221,-0.914948165,70.0000000,1280,720,minecraft:overworld,flashback_export_aligned
1,20260914-201742-flashback_export,flashback_export,866,33462873431300,83.103876550,-58.380000114,32.731637144,22.3512707,-8.4000111,0.014194830,0.978403091,-0.071849525,0.193296567,-0.924869895,-0.000000002,-0.380283713,0.055553064,0.989272356,-0.135107979,0.376204133,-0.146083221,-0.914948165,70.0000000,1280,720,minecraft:overworld,flashback_export_aligned
1,20260914-201742-flashback_export,flashback_export,867,33462897942900,83.060732224,-58.380000114,32.713901720,22.3512707,-8.4000111,0.014194830,0.978403091,-0.071849525,0.193296567,-0.924869895,-0.000000002,-0.380283713,0.055553064,0.989272356,-0.135107979,0.376204133,-0.146083221,-0.914948165,70.0000000,1280,720,minecraft:overworld,flashback_export_aligned
1,20260914-201742-flashback_export,flashback_export,868,33462917553000,83.042751506,-58.380000114,32.706510350,22.3512707,-8.4000111,0.014194830,0.978403091,-0.071849525,0.193296567,-0.924869895,-0.000000002,-0.380283713,0.055553064,0.989272356,-0.135107979,0.376204133,-0.146083221,-0.914948165,70.0000000,1280,720,minecraft:overworld,flashback_export_aligned
1,20260914-201742-flashback_export,flashback_export,869,33462936493100,83.024770788,-58.380000114,32.699118981,22.3512707,-8.4000111,0.014194830,0.978403091,-0.071849525,0.193296567,-0.924869895,-0.000000002,-0.380283713,0.055553064,0.989272356,-0.135107979,0.376204133,-0.146083221,-0.914948165,70.0000000,1280,720,minecraft:overworld,flashback_export_aligned
1,20260914-201742-flashback_export,flashback_export,870,33462957273500,83.001213983,-58.380000114,32.689435438,22.3512707,-8.4000111,0.014194830,0.978403091,-0.071849525,0.193296567,-0.924869895,-0.000000002,-0.380283713,0.055553064,0.989272356,-0.135107979,0.376204133,-0.146083221,-0.914948165,70.0000000,1280,720,minecraft:overworld,flashback_export_aligned
1,20260914-201742-flashback_export,flashback_export,871,33462978423500,82.991396511,-58.380000114,32.685399750,22.3512707,-8.4000111,0.014194830,0.978403091,-0.071849525,0.193296567,-0.924869895,-0.000000002,-0.380283713,0.055553064,0.989272356,-0.135107979,0.376204133,-0.146083221,-0.914948165,70.0000000,1280,720,minecraft:overworld,flashback_export_aligned
1,20260914-201742-flashback_export,flashback_export,872,33462997011000,82.981579038,-58.380000114,32.681364062,22.3512707,-8.4000111,0.014194830,0.978403091,-0.071849525,0.193296567,-0.924869895,-0.000000002,-0.380283713,0.055553064,0.989272356,-0.135107979,0.376204133,-0.146083221,-0.914948165,70.0000000,1280,720,minecraft:overworld,flashback_export_aligned
1,20260914-201742-flashback_export,flashback_export,873,33463018060400,82.968717021,-58.380000114,32.676076847,22.3512707,-8.4000111,0.014194830,0.978403091,-0.071849525,0.193296567,-0.924869895,-0.000000002,-0.380283713,0.055553064,0.989272356,-0.135107979,0.376204133,-0.146083221,-0.914948165,70.0000000,1280,720,minecraft:overworld,flashback_export_aligned
1,20260914-201742-flashback_export,flashback_export,874,33463036868500,82.963356680,-58.380000114,32.673873361,22.3512707,-8.4000111,0.014194830,0.978403091,-0.071849525,0.193296567,-0.924869895,-0.000000002,-0.380283713,0.055553064,0.989272356,-0.135107979,0.376204133,-0.146083221,-0.914948165,70.0000000,1280,720,minecraft:overworld,flashback_export_aligned
1,20260914-201742-flashback_export,flashback_export,875,33463055363700,82.957996339,-58.380000114,32.671669875,22.3512707,-8.4000111,0.014194830,0.978403091,-0.071849525,0.193296567,-0.924869895,-0.000000002,-0.380283713,0.055553064,0.989272356,-0.135107979,0.376204133,-0.146083221,-0.914948165,70.0000000,1280,720,minecraft:overworld,flashback_export_aligned
1,20260914-201742-flashback_export,flashback_export,876,33463076650900,82.950973677,-58.380000114,32.668783055,22.3512707,-8.4000111,0.014194830,0.978403091,-0.071849525,0.193296567,-0.924869895,-0.000000002,-0.380283713,0.055553064,0.989272356,-0.135107979,0.376204133,-0.146083221,-0.914948165,70.0000000,1280,720,minecraft:overworld,flashback_export_aligned
1,20260914-201742-flashback_export,flashback_export,877,33463096309300,82.948028164,-58.380000114,32.667572237,22.3512707,-8.4000111,0.014194830,0.978403091,-0.071849525,0.193296567,-0.924869895,-0.000000002,-0.380283713,0.055553064,0.989272356,-0.135107979,0.376204133,-0.146083221,-0.914948165,70.0000000,1280,720,minecraft:overworld,flashback_export_aligned
1,20260914-201742-flashback_export,flashback_export,878,33463115361100,82.945082650,-58.380000114,32.666361419,22.3512707,-8.4000111,0.014194830,0.978403091,-0.071849525,0.193296567,-0.924869895,-0.000000002,-0.380283713,0.055553064,0.989272356,-0.135107979,0.376204133,-0.146083221,-0.914948165,70.0000000,1280,720,minecraft:overworld,flashback_export_aligned
1,20260914-201742-flashback_export,flashback_export,879,33463137025600,82.941285810,-58.380000114,32.664800644,22.3512707,-8.4000111,0.014194830,0.978403091,-0.071849525,0.193296567,-0.924869895,-0.000000002,-0.380283713,0.055553064,0.989272356,-0.135107979,0.376204133,-0.146083221,-0.914948165,70.0000000,1280,720,minecraft:overworld,flashback_export_aligned
1,20260914-201742-flashback_export,flashback_export,880,33463156017800,82.939677560,-58.380000114,32.664139537,22.3512707,-8.4000111,0.014194830,0.978403091,-0.071849525,0.193296567,-0.924869895,-0.000000002,-0.380283713,0.055553064,0.989272356,-0.135107979,0.376204133,-0.146083221,-0.914948165,70.0000000,1280,720,minecraft:overworld,flashback_export_aligned
1,20260914-201742-flashback_export,flashback_export,881,33463174780100,82.938069309,-58.380000114,32.663478431,22.3512707,-8.4000111,0.014194830,0.978403091,-0.071849525,0.193296567,-0.924869895,-0.000000002,-0.380283713,0.055553064,0.989272356,-0.135107979,0.376204133,-0.146083221,-0.914948165,70.0000000,1280,720,minecraft:overworld,flashback_export_aligned
